Workbook
Name 품명: '초지 품명..'!$P$2:$P$76

Sheet 초지345(QLT03)
A1: [ 2026년1월~12월 검사결과 ]
O2: 단위 | Q2: mm | Y2: gf/100mm | AB2: mm | AC2: % | AI2: mm | AJ2: sec | AK2: cc/㎠/sec
A3: 월 | B3: 생산호기_설비코드 | C3: 생산호기 | D3: 날짜 | E3: 검사자 | F3: 반 | G3: 시간 | H3: 분 | I3: 기준평량 | J3: 지종 | K3: 합지LOTNO | L3: 자재코드 | M3: 품명 | N3: 설비코드 | O3: 적용 호기 | P3: 겹수 | Q3: 지폭 | R3: 평량 | S3: 백색도 | T3: 파열강도 | U3: MD-1 | V3: MD-2 | W3: MD-3 | X3: MD-4 | Y3: MD | Z3: CD | AA3: wet-cd | AB3: 흡수도 | AC3: 신장율 | AD3: 신1 | AE3: 신2 | AF3: 신3 | AG3: 신4 | AH3: 신장율2 | AI3: 두께 | AJ3: 물풀링성 | AK3: 투기도 | AL3: 핀홀상태 | AM3: 반점상태 | AN3: 형광검출 | AO3: 판정 | AP3: 비고 | AQ3: MD(3겹) | AR3: CD(3겹)
B4: MACH_CD | C4: MACH_NM | D4: MSRM_DATE | E4: MSRM_NM | F4: WRK_CLASS | G4: TIME_HOUR | H4: TIME_MIN | K4: LOT_NO | L4: MATNR | M4: MATNR_NM | N4: MACH_CD_TRA | O4: MACH_NM_TRA | Q4: WIDTH | R4: BS_WGT | S4: WHITE | T4: BURST | Y4: MD | Z4: CD | AA4: WET_CD | AB4: ABSORB | AH4: ELONG | AI4: THICK | AJ4: WET_SOLVE | AK4: AIR_PERM | AL4: PINHOLE | AM4: SPOT | AN4: FLUORO | AO4: FNL_JDGM | AP4: RMK
A5: 1월 | B5: =IFERROR(VLOOKUP(C5,'초지 품명..'!$I:$J,2,FALSE), "") -> TAA03 | C5: 초지3 | D5: 46023 | E5: 박용주 | F5: 4 | G5: 7 | H5: 0 | I5: 15.5 | J5: 고지 | K5: 260101B001 | L5: =IFERROR(VLOOKUP(M5, '초지 품명..'!$P:$Q, 2, FALSE), "") -> HRT-Z010002 | M5: 데코 (기획) 3P | N5: =IFERROR(VLOOKUP(O5, '초지 품명..'!$K:$L, 2, FALSE), "") -> TRA04 | O5: 가공4 | P5: 2 | Q5: 2930 | R5: 15.62 | S5: 78.7 | T5: 14160 | U5: 1140 | V5: 1230 | W5: 1300 | X5: 1310 | Y5: =IFERROR(AVERAGE(U5:X5),"") -> 1245 | Z5: 370 | AB5: 38 | AD5: 11.07 | AE5: 13 | AF5: 15.12 | AG5: 15.08 | AH5: =IFERROR(AVERAGE(표13[[#This Row],[신1]:[신4]]),"") -> 13.5675 | AI5: 0.224 | AL5: 양호 | AM5: 0개 | AO5: 합격 | AP5: 비고테스트
A6: 1월 | B6: =IFERROR(VLOOKUP(C6,'초지 품명..'!$I:$J,2,FALSE), "") -> TAA03 | C6: 초지3 | D6: 46023 | E6: 박용주 | F6: 4 | G6: 9 | H6: 0 | I6: 15.5 | J6: 고지 | K6: 260101B004 | L6: =IFERROR(VLOOKUP(M6, '초지 품명..'!$P:$Q, 2, FALSE), "") | N6: =IFERROR(VLOOKUP(O6, '초지 품명..'!$K:$L, 2, FALSE), "") -> TRA04 | O6: 가공4 | P6: 2 | Q6: 2930 | R6: 15.48 | S6: 79.2 | T6: 13655 | U6: 1230 | V6: 1270 | W6: 1280 | X6: 1420 | Y6: =IFERROR(AVERAGE(U6:X6),"") -> 1300 | Z6: 430 | AB6: 38 | AD6: 13.12 | AE6: 12.52 | AF6: 12.73 | AG6: 15.38 | AH6: =IFERROR(AVERAGE(표13[[#This Row],[신1]:[신4]]),"") -> 13.4375 | AI6: 0.219 | AL6: 양호 | AM6: 0개 | AO6: 합격
A7: 1월 | B7: =IFERROR(VLOOKUP(C7,'초지 품명..'!$I:$J,2,FALSE), "") -> TAA03 | C7: 초지3 | D7: 46030 | E7: 문종실 | F7: 3 | G7: 12 | H7: 40 | I7: 20 | J7: 고지 | K7: 260108B526 | L7: =IFERROR(VLOOKUP(M7, '초지 품명..'!$P:$Q, 2, FALSE), "") | N7: =IFERROR(VLOOKUP(O7, '초지 품명..'!$K:$L, 2, FALSE), "") -> 0 | O7: 판매용 | P7: 1 | Q7: 2830 | R7: 샘플없음 | Y7: =IFERROR(AVERAGE(U7:X7),"") | AH7: =IFERROR(AVERAGE(표13[[#This Row],[신1]:[신4]]),"")
A8: 1월 | B8: =IFERROR(VLOOKUP(C8,'초지 품명..'!$I:$J,2,FALSE), "") -> TAA03 | C8: 초지3 | D8: 46030 | E8: 문종실 | F8: 3 | G8: 14 | H8: 20 | I8: 15 | J8: 고지 | K8: 260108B531 | L8: =IFERROR(VLOOKUP(M8, '초지 품명..'!$P:$Q, 2, FALSE), "") | N8: =IFERROR(VLOOKUP(O8, '초지 품명..'!$K:$L, 2, FALSE), "") -> 0 | O8: 판매용 | P8: 2 | Q8: 2830 | R8: 14.9 | S8: 84.5 | T8: 12014 | U8: 1370 | V8: 1210 | W8: 1230 | X8: 1270 | Y8: =IFERROR(AVERAGE(U8:X8),"") -> 1270 | Z8: 650 | AB8: 38 | AD8: 19.8 | AE8: 17.23 | AF8: 16.64 | AG8: 17.59 | AH8: =IFERROR(AVERAGE(표13[[#This Row],[신1]:[신4]]),"") -> 17.815 | AI8: 0.228 | AJ8: 11.07 | AL8: 양호 | AM8: 0개 | AO8: 합격
A9: 1월 | B9: =IFERROR(VLOOKUP(C9,'초지 품명..'!$I:$J,2,FALSE), "") -> TAA04 | C9: 초지4 | D9: 46031 | E9: 문종실 | F9: 3 | K9: (07:00~18:30) | L9: =IFERROR(VLOOKUP(M9, '초지 품명..'!$P:$Q, 2, FALSE), "") | N9: =IFERROR(VLOOKUP(O9, '초지 품명..'!$K:$L, 2, FALSE), "") -> 0 | O9: 정비 운휴 | Y9: =IFERROR(AVERAGE(U9:X9),"")
A10: 1월 | B10: =IFERROR(VLOOKUP(C10,'초지 품명..'!$I:$J,2,FALSE), "") -> TAA04 | C10: 초지4 | D10: 46031 | E10: 권혜림 | F10: 1 | G10: 19 | H10: 40 | I10: 14.2 | K10: 260109C002 | L10: =IFERROR(VLOOKUP(M10, '초지 품명..'!$P:$Q, 2, FALSE), "") | N10: =IFERROR(VLOOKUP(O10, '초지 품명..'!$K:$L, 2, FALSE), "") -> TRA04 | O10: 가공4 | P10: 3 | Q10: 2930 | R10: 샘플없음 | Y10: =IFERROR(AVERAGE(U10:X10),"") | AH10: =IFERROR(AVERAGE(표13[[#This Row],[신1]:[신4]]),"")
A11: 1월 | B11: =IFERROR(VLOOKUP(C11,'초지 품명..'!$I:$J,2,FALSE), "") -> TAA04 | C11: 초지4 | D11: 46033 | E11: 송지숙 | F11: 2 | G11: 7 | H11: 0 | I11: 14.2 | K11: 260111C001 | L11: =IFERROR(VLOOKUP(M11, '초지 품명..'!$P:$Q, 2, FALSE), "") | N11: =IFERROR(VLOOKUP(O11, '초지 품명..'!$K:$L, 2, FALSE), "") -> TRA03 | O11: 가공3 | P11: 3 | Q11: 2950 | R11: 13.75 | S11: 87.4 | T11: 15304 | U11: 1410 | V11: 1410 | W11: 1370 | X11: 1100 | Y11: =IFERROR(AVERAGE(U11:X11),"") -> 1322.5 | Z11: 530 | AB11: 45 | AD11: 13.14 | AE11: 14.02 | AF11: 18.12 | AG11: 14.53 | AH11: =IFERROR(AVERAGE(표13[[#This Row],[신1]:[신4]]),"") -> 14.9525 | AI11: 0.206 | AL11: 양호 | AM11: 0개 | AN11: 불검출 | AO11: 합격
A12: 1월 | B12: =IFERROR(VLOOKUP(C12,'초지 품명..'!$I:$J,2,FALSE), "") -> TAA04 | C12: 초지4 | D12: 46035 | E12: 박용주 | F12: 4 | K12: (16:00~18:30) | L12: =IFERROR(VLOOKUP(M12, '초지 품명..'!$P:$Q, 2, FALSE), "") | N12: =IFERROR(VLOOKUP(O12, '초지 품명..'!$K:$L, 2, FALSE), "") -> 0 | O12: 급전 운휴 | Y12: =IFERROR(AVERAGE(U12:X12),"") | AH12: =IFERROR(AVERAGE(표13[[#This Row],[신1]:[신4]]),"")
A13: 1월 | B13: =IFERROR(VLOOKUP(C13,'초지 품명..'!$I:$J,2,FALSE), "") -> TAA04 | C13: 초지4 | D13: 46035 | E13: 박용주 | F13: 4 | G13: 19 | H13: 40 | I13: 21.5 | K13: 260113C013 | L13: =IFERROR(VLOOKUP(M13, '초지 품명..'!$P:$Q, 2, FALSE), "") | N13: =IFERROR(VLOOKUP(O13, '초지 품명..'!$K:$L, 2, FALSE), "") -> TRA03 | O13: 가공3 | P13: 3 | Q13: 2960 | R13: 샘플없음 | Y13: =IFERROR(AVERAGE(U13:X13),"") | AH13: =IFERROR(AVERAGE(표13[[#This Row],[신1]:[신4]]),"")
A14: 1월 | B14: =IFERROR(VLOOKUP(C14,'초지 품명..'!$I:$J,2,FALSE), "") -> TAA05 | C14: 초지5 | D14: 46035 | E14: 박용주 | F14: 4 | K14: (15:45~18:30) | L14: =IFERROR(VLOOKUP(M14, '초지 품명..'!$P:$Q, 2, FALSE), "") | N14: =IFERROR(VLOOKUP(O14, '초지 품명..'!$K:$L, 2, FALSE), "") -> 0 | O14: 급전 운휴 | Y14: =IFERROR(AVERAGE(U14:X14),"") | AH14: =IFERROR(AVERAGE(표13[[#This Row],[신1]:[신4]]),"")
A15: 1월 | B15: =IFERROR(VLOOKUP(C15,'초지 품명..'!$I:$J,2,FALSE), "") -> TAA05 | C15: 초지5 | D15: 46035 | E15: 박용주 | F15: 4 | K15: (19:30~23:30) | L15: =IFERROR(VLOOKUP(M15, '초지 품명..'!$P:$Q, 2, FALSE), "") | N15: =IFERROR(VLOOKUP(O15, '초지 품명..'!$K:$L, 2, FALSE), "") -> 0 | O15: 급전 운휴 | Y15: =IFERROR(AVERAGE(U15:X15),"") | AH15: =IFERROR(AVERAGE(표13[[#This Row],[신1]:[신4]]),"")
B16: =IFERROR(VLOOKUP(C16,'초지 품명..'!$I:$J,2,FALSE), "") -> TAA05 | C16: 초지5 | D16: 46035 | E16: 문종실 | F16: 3 | G16: 24 | H16: 0 | I16: 15.1 | K16: 260113D019 | L16: =IFERROR(VLOOKUP(M16, '초지 품명..'!$P:$Q, 2, FALSE), "") | N16: =IFERROR(VLOOKUP(O16, '초지 품명..'!$K:$L, 2, FALSE), "") -> TRA06 | O16: 가공6 | P16: 3 | Q16: 2950 | R16: 15.18 | S16: 88.1 | T16: 12415 | U16: 1110 | V16: 1500 | W16: 1230 | Y16: =IFERROR(AVERAGE(U16:X16),"") -> 1280 | Z16: 410 | AB16: 49 | AD16: 18.72 | AE16: 18.27 | AF16: 20.02 | AH16: =IFERROR(AVERAGE(표13[[#This Row],[신1]:[신4]]),"") -> 19.003333 | AI16: 0.204 | AL16: 양호 | AM16: 0개 | AN16: 불검출 | AO16: 합격
A17: 2월 | B17: =IFERROR(VLOOKUP(C17,'초지 품명..'!$I:$J,2,FALSE), "") -> TAA04 | C17: 초지4 | D17: 46077 | E17: 권혜림 | F17: 1 | G17: 14 | H17: 40 | I17: 14.7 | K17: 260224C009 | L17: =IFERROR(VLOOKUP(M17, '초지 품명..'!$P:$Q, 2, FALSE), "") | N17: =IFERROR(VLOOKUP(O17, '초지 품명..'!$K:$L, 2, FALSE), "") -> TRA05 | O17: 가공5 | P17: 3 | Q17: 2950 | R17: 14.65 | S17: 86.9 | T17: 13397 | U17: 1420 | V17: 1200 | W17: 1450 | Y17: =IFERROR(AVERAGE(U17:X17),"") -> 1356.6667 | Z17: 460 | AB17: 47 | AD17: 15.02 | AE17: 14.71 | AF17: 15.33 | AH17: =IFERROR(AVERAGE(표13[[#This Row],[신1]:[신4]]),"") -> 15.02 | AI17: 0.215 | AL17: 양호 | AM17: 0개 | AN17: 불검출 | AO17: 합격
A18: 2월 | B18: =IFERROR(VLOOKUP(C18,'초지 품명..'!$I:$J,2,FALSE), "") -> TAA04 | C18: 초지4 | D18: 46077 | E18: 박용주 | F18: 4 | G18: 18 | H18: 0 | I18: 14.7 | K18: 260224C013 | L18: =IFERROR(VLOOKUP(M18, '초지 품명..'!$P:$Q, 2, FALSE), "") | N18: =IFERROR(VLOOKUP(O18, '초지 품명..'!$K:$L, 2, FALSE), "") -> TRA05 | O18: 가공5 | P18: 3 | Q18: 2950 | R18: 14.9 | S18: 87 | T18: 15352 | U18: 1350 | V18: 1430 | W18: 1150 | Y18: =IFERROR(AVERAGE(U18:X18),"") -> 1310 | Z18: 470 | AB18: 44 | AD18: 16.29 | AE18: 17.63 | AF18: 16.58 | AH18: =IFERROR(AVERAGE(표13[[#This Row],[신1]:[신4]]),"") -> 16.833333 | AI18: 0.205 | AL18: 양호 | AM18: 0개 | AN18: 불검출 | AO18: 합격
A19: 2월 | B19: =IFERROR(VLOOKUP(C19,'초지 품명..'!$I:$J,2,FALSE), "") -> TAA05 | C19: 초지5 | D19: 46077 | E19: 권혜림 | F19: 1 | G19: 8 | H19: 50 | I19: 15.1 | K19: 260224D004 | L19: =IFERROR(VLOOKUP(M19, '초지 품명..'!$P:$Q, 2, FALSE), "") | N19: =IFERROR(VLOOKUP(O19, '초지 품명..'!$K:$L, 2, FALSE), "") -> TRA06 | O19: 가공6 | P19: 3 | Q19: 2950 | R19: 15.02 | S19: 88.3 | T19: 13679 | U19: 1360 | V19: 1480 | W19: 1400 | Y19: =IFERROR(AVERAGE(U19:X19),"") -> 1413.3333 | Z19: 510 | AB19: 45 | AD19: 14.25 | AE19: 14.44 | AF19: 13.97 | AH19: =IFERROR(AVERAGE(표13[[#This Row],[신1]:[신4]]),"") -> 14.22 | AI19: 0.191 | AL19: 양호 | AM19: 0개 | AN19: 불검출 | AO19: 합격
A20: 2월 | B20: =IFERROR(VLOOKUP(C20,'초지 품명..'!$I:$J,2,FALSE), "") -> TAA05 | C20: 초지5 | D20: 46077 | E20: 권혜림 | F20: 1 | G20: 11 | H20: 40 | I20: 15.1 | K20: 260224D008 | L20: =IFERROR(VLOOKUP(M20, '초지 품명..'!$P:$Q, 2, FALSE), "") | N20: =IFERROR(VLOOKUP(O20, '초지 품명..'!$K:$L, 2, FALSE), "") -> TRA06 | O20: 가공6 | P20: 3 | Q20: 2950 | R20: 14.83 | S20: 88.5 | T20: 12287 | U20: 1210 | V20: 1500 | W20: 1360 | Y20: =IFERROR(AVERAGE(U20:X20),"") -> 1356.6667 | Z20: 470 | AB20: 45 | AD20: 11.41 | AE20: 12.47 | AF20: 13.07 | AH20: =IFERROR(AVERAGE(표13[[#This Row],[신1]:[신4]]),"") -> 12.316667 | AI20: 0.19 | AL20: 양호 | AM20: 0개 | AN20: 불검출 | AO20: 합격
A21: 2월 | B21: =IFERROR(VLOOKUP(C21,'초지 품명..'!$I:$J,2,FALSE), "") -> TAA05 | C21: 초지5 | D21: 46077 | E21: 권혜림 | F21: 1 | G21: 14 | H21: 40 | I21: 15.1 | K21: 260224D012 | L21: =IFERROR(VLOOKUP(M21, '초지 품명..'!$P:$Q, 2, FALSE), "") | N21: =IFERROR(VLOOKUP(O21, '초지 품명..'!$K:$L, 2, FALSE), "") -> TRA06 | O21: 가공6 | P21: 3 | Q21: 2950 | R21: 14.86 | S21: 88.5 | T21: 12685 | U21: 1440 | V21: 1300 | W21: 1420 | Y21: =IFERROR(AVERAGE(U21:X21),"") -> 1386.6667 | Z21: 460 | AB21: 46 | AD21: 15.36 | AE21: 16.74 | AF21: 12.99 | AH21: =IFERROR(AVERAGE(표13[[#This Row],[신1]:[신4]]),"") -> 15.03 | AI21: 0.187 | AL21: 양호 | AM21: 0개 | AN21: 불검출 | AO21: 합격
A22: 2월 | B22: =IFERROR(VLOOKUP(C22,'초지 품명..'!$I:$J,2,FALSE), "") -> TAA04 | C22: 초지4 | D22: 46077 | E22: 박용주 | F22: 4 | G22: 21 | H22: 20 | I22: 14.7 | K22: 260224C017 | L22: =IFERROR(VLOOKUP(M22, '초지 품명..'!$P:$Q, 2, FALSE), "") | N22: =IFERROR(VLOOKUP(O22, '초지 품명..'!$K:$L, 2, FALSE), "") -> TRA05 | O22: 가공5 | P22: 3 | Q22: 2950 | R22: 14.62 | S22: 86.9 | T22: 16870 | U22: 1150 | V22: 1270 | W22: 1080 | Y22: =IFERROR(AVERAGE(U22:X22),"") -> 1166.6667 | Z22: 450 | AB22: 43 | AD22: 16.92 | AE22: 17.17 | AF22: 14.39 | AH22: =IFERROR(AVERAGE(표13[[#This Row],[신1]:[신4]]),"") -> 16.16 | AI22: 0.219 | AL22: 양호 | AM22: 0개 | AN22: 불검출 | AO22: 합격
A23: 3월 | B23: =IFERROR(VLOOKUP(C23,'초지 품명..'!$I:$J,2,FALSE), "") -> TAA04 | C23: 초지4 | D23: 46085 | E23: 송지숙 | F23: 2 | G23: 20 | H23: 30 | I23: 14.2 | K23: 260304C013 | L23: =IFERROR(VLOOKUP(M23, '초지 품명..'!$P:$Q, 2, FALSE), "") | N23: =IFERROR(VLOOKUP(O23, '초지 품명..'!$K:$L, 2, FALSE), "") -> TRA03 | O23: 가공3 | P23: 3 | Q23: 2950 | R23: 14.12 | S23: 86.9 | T23: 14336 | U23: 1370 | V23: 1210 | W23: 1270 | Y23: =IFERROR(AVERAGE(U23:X23),"") -> 1283.3333 | Z23: 520 | AB23: 47 | AD23: 16.12 | AE23: 12.47 | AF23: 14.82 | AH23: =IFERROR(AVERAGE(표13[[#This Row],[신1]:[신4]]),"") -> 14.47 | AI23: 0.201 | AL23: 양호 | AM23: 0개 | AN23: 불검출 | AO23: 합격
A24: 3월 | B24: =IFERROR(VLOOKUP(C24,'초지 품명..'!$I:$J,2,FALSE), "") -> TAA04 | C24: 초지4 | D24: 46085 | E24: 권혜림 | F24: 1 | G24: 24 | H24: 0 | I24: 14.2 | K24: 260304C016 | L24: =IFERROR(VLOOKUP(M24, '초지 품명..'!$P:$Q, 2, FALSE), "") -> HRT-Z030004 | M24: 촉앤감 미용 | N24: =IFERROR(VLOOKUP(O24, '초지 품명..'!$K:$L, 2, FALSE), "") -> TRA03 | O24: 가공3 | P24: 3 | Q24: 2950 | R24: 1 | S24: 1 | T24: 1 | U24: 1 | V24: 1 | W24: 1 | X24: 1 | Y24: =IFERROR(AVERAGE(U24:X24),"") -> 1 | Z24: 1 | AA24: 1 | AB24: 1 | AD24: 1 | AE24: 1 | AG24: 1 | AH24: 1 | AI24: 1 | AJ24: 1 | AK24: 1 | AL24: 양호 | AM24: 3개 | AN24: 유 | AO24: 불합격 | AP24: insert 테스트
A25: 3월 | B25: =IFERROR(VLOOKUP(C25,'초지 품명..'!$I:$J,2,FALSE), "") -> TAA05 | C25: 초지5 | D25: 46085 | E25: 권혜림 | F25: 1 | G25: 3 | H25: 10 | I25: 15.1 | K25: 260304D032 | L25: =IFERROR(VLOOKUP(M25, '초지 품명..'!$P:$Q, 2, FALSE), "") | N25: =IFERROR(VLOOKUP(O25, '초지 품명..'!$K:$L, 2, FALSE), "") -> TRA06 | O25: 가공6 | P25: 3 | Q25: 2950 | Y25: =IFERROR(AVERAGE(U25:X25),"")
B26: =IFERROR(VLOOKUP(C26,'초지 품명..'!$I:$J,2,FALSE), "") | L26: =IFERROR(VLOOKUP(M26, '초지 품명..'!$P:$Q, 2, FALSE), "") | N26: =IFERROR(VLOOKUP(O26, '초지 품명..'!$K:$L, 2, FALSE), "") | Y26: =IFERROR(AVERAGE(U26:X26),"")
B27: =IFERROR(VLOOKUP(C27,'초지 품명..'!$I:$J,2,FALSE), "") | L27: =IFERROR(VLOOKUP(M27, '초지 품명..'!$P:$Q, 2, FALSE), "") | N27: =IFERROR(VLOOKUP(O27, '초지 품명..'!$K:$L, 2, FALSE), "") | Y27: =IFERROR(AVERAGE(U27:X27),"")
B28: =IFERROR(VLOOKUP(C28,'초지 품명..'!$I:$J,2,FALSE), "") | L28: =IFERROR(VLOOKUP(M28, '초지 품명..'!$P:$Q, 2, FALSE), "") | N28: =IFERROR(VLOOKUP(O28, '초지 품명..'!$K:$L, 2, FALSE), "") | Y28: =IFERROR(AVERAGE(U28:X28),"")
B29: =IFERROR(VLOOKUP(C29,'초지 품명..'!$I:$J,2,FALSE), "") | L29: =IFERROR(VLOOKUP(M29, '초지 품명..'!$P:$Q, 2, FALSE), "") | N29: =IFERROR(VLOOKUP(O29, '초지 품명..'!$K:$L, 2, FALSE), "") | Y29: =IFERROR(AVERAGE(U29:X29),"")
B30: =IFERROR(VLOOKUP(C30,'초지 품명..'!$I:$J,2,FALSE), "") | L30: =IFERROR(VLOOKUP(M30, '초지 품명..'!$P:$Q, 2, FALSE), "") | N30: =IFERROR(VLOOKUP(O30, '초지 품명..'!$K:$L, 2, FALSE), "") | Y30: =IFERROR(AVERAGE(U30:X30),"")
B31: =IFERROR(VLOOKUP(C31,'초지 품명..'!$I:$J,2,FALSE), "") | L31: =IFERROR(VLOOKUP(M31, '초지 품명..'!$P:$Q, 2, FALSE), "") | N31: =IFERROR(VLOOKUP(O31, '초지 품명..'!$K:$L, 2, FALSE), "") | Y31: =IFERROR(AVERAGE(U31:X31),"")
B32: =IFERROR(VLOOKUP(C32,'초지 품명..'!$I:$J,2,FALSE), "") | L32: =IFERROR(VLOOKUP(M32, '초지 품명..'!$P:$Q, 2, FALSE), "") | N32: =IFERROR(VLOOKUP(O32, '초지 품명..'!$K:$L, 2, FALSE), "") | Y32: =IFERROR(AVERAGE(U32:X32),"")
B33: =IFERROR(VLOOKUP(C33,'초지 품명..'!$I:$J,2,FALSE), "") | L33: =IFERROR(VLOOKUP(M33, '초지 품명..'!$P:$Q, 2, FALSE), "") | N33: =IFERROR(VLOOKUP(O33, '초지 품명..'!$K:$L, 2, FALSE), "") | Y33: =IFERROR(AVERAGE(U33:X33),"")
B34: =IFERROR(VLOOKUP(C34,'초지 품명..'!$I:$J,2,FALSE), "") | L34: =IFERROR(VLOOKUP(M34, '초지 품명..'!$P:$Q, 2, FALSE), "") | N34: =IFERROR(VLOOKUP(O34, '초지 품명..'!$K:$L, 2, FALSE), "") | Y34: =IFERROR(AVERAGE(U34:X34),"")
B35: =IFERROR(VLOOKUP(C35,'초지 품명..'!$I:$J,2,FALSE), "") | L35: =IFERROR(VLOOKUP(M35, '초지 품명..'!$P:$Q, 2, FALSE), "") | N35: =IFERROR(VLOOKUP(O35, '초지 품명..'!$K:$L, 2, FALSE), "") | Y35: =IFERROR(AVERAGE(U35:X35),"")
B36: =IFERROR(VLOOKUP(C36,'초지 품명..'!$I:$J,2,FALSE), "") | L36: =IFERROR(VLOOKUP(M36, '초지 품명..'!$P:$Q, 2, FALSE), "") | N36: =IFERROR(VLOOKUP(O36, '초지 품명..'!$K:$L, 2, FALSE), "") | Y36: =IFERROR(AVERAGE(U36:X36),"")
B37: =IFERROR(VLOOKUP(C37,'초지 품명..'!$I:$J,2,FALSE), "") | L37: =IFERROR(VLOOKUP(M37, '초지 품명..'!$P:$Q, 2, FALSE), "") | N37: =IFERROR(VLOOKUP(O37, '초지 품명..'!$K:$L, 2, FALSE), "") | Y37: =IFERROR(AVERAGE(U37:X37),"")
... B57: =IFERROR(VLOOKUP(C57,'초지 품명..'!$I:$J,2,FALSE), "") | L57: =IFERROR(VLOOKUP(M57, '초지 품명..'!$P:$Q, 2, FALSE), "") | N57: =IFERROR(VLOOKUP(O57, '초지 품명..'!$K:$L, 2, FALSE), "") | Y57: =IFERROR(AVERAGE(U57:X57),"")
B58: =IFERROR(VLOOKUP(C58,'초지 품명..'!$I:$J,2,FALSE), "") | L58: =IFERROR(VLOOKUP(M58, '초지 품명..'!$P:$Q, 2, FALSE), "") | Y58: =IFERROR(AVERAGE(U58:X58),"")
B59: =IFERROR(VLOOKUP(C59,'초지 품명..'!$I:$J,2,FALSE), "") | L59: =IFERROR(VLOOKUP(M59, '초지 품명..'!$P:$Q, 2, FALSE), "") | Y59: =IFERROR(AVERAGE(U59:X59),"")
B60: =IFERROR(VLOOKUP(C60,'초지 품명..'!$I:$J,2,FALSE), "") | L60: =IFERROR(VLOOKUP(M60, '초지 품명..'!$P:$Q, 2, FALSE), "") | Y60: =IFERROR(AVERAGE(U60:X60),"")
B61: =IFERROR(VLOOKUP(C61,'초지 품명..'!$I:$J,2,FALSE), "") | L61: =IFERROR(VLOOKUP(M61, '초지 품명..'!$P:$Q, 2, FALSE), "") | Y61: =IFERROR(AVERAGE(U61:X61),"")
B62: =IFERROR(VLOOKUP(C62,'초지 품명..'!$I:$J,2,FALSE), "") | L62: =IFERROR(VLOOKUP(M62, '초지 품명..'!$P:$Q, 2, FALSE), "") | Y62: =IFERROR(AVERAGE(U62:X62),"")
B63: =IFERROR(VLOOKUP(C63,'초지 품명..'!$I:$J,2,FALSE), "") | L63: =IFERROR(VLOOKUP(M63, '초지 품명..'!$P:$Q, 2, FALSE), "") | Y63: =IFERROR(AVERAGE(U63:X63),"")
L64: =IFERROR(VLOOKUP(M64, '초지 품명..'!$P:$Q, 2, FALSE), "") | Y64: =IFERROR(AVERAGE(U64:X64),"")
L65: =IFERROR(VLOOKUP(M65, '초지 품명..'!$P:$Q, 2, FALSE), "") | Y65: =IFERROR(AVERAGE(U65:X65),"")
L66: =IFERROR(VLOOKUP(M66, '초지 품명..'!$P:$Q, 2, FALSE), "") | Y66: =IFERROR(AVERAGE(U66:X66),"")
L67: =IFERROR(VLOOKUP(M67, '초지 품명..'!$P:$Q, 2, FALSE), "") | Y67: =IFERROR(AVERAGE(U67:X67),"")
L68: =IFERROR(VLOOKUP(M68, '초지 품명..'!$P:$Q, 2, FALSE), "") | Y68: =IFERROR(AVERAGE(U68:X68),"")
L69: =IFERROR(VLOOKUP(M69, '초지 품명..'!$P:$Q, 2, FALSE), "") | Y69: =IFERROR(AVERAGE(U69:X69),"")
L70: =IFERROR(VLOOKUP(M70, '초지 품명..'!$P:$Q, 2, FALSE), "") | Y70: =IFERROR(AVERAGE(U70:X70),"")
L71: =IFERROR(VLOOKUP(M71, '초지 품명..'!$P:$Q, 2, FALSE), "") | Y71: =IFERROR(AVERAGE(U71:X71),"")
L72: =IFERROR(VLOOKUP(M72, '초지 품명..'!$P:$Q, 2, FALSE), "") | Y72: =IFERROR(AVERAGE(U72:X72),"")
L73: =IFERROR(VLOOKUP(M73, '초지 품명..'!$P:$Q, 2, FALSE), "") | Y73: =IFERROR(AVERAGE(U73:X73),"")
L74: =IFERROR(VLOOKUP(M74, '초지 품명..'!$P:$Q, 2, FALSE), "") | Y74: =IFERROR(AVERAGE(U74:X74),"")
L75: =IFERROR(VLOOKUP(M75, '초지 품명..'!$P:$Q, 2, FALSE), "") | Y75: =IFERROR(AVERAGE(U75:X75),"")
... L109: =IFERROR(VLOOKUP(M109, '초지 품명..'!$P:$Q, 2, FALSE), "") | Y109: =IFERROR(AVERAGE(U109:X109),"")
Y110: =IFERROR(AVERAGE(U110:X110),"")
Y111: =IFERROR(AVERAGE(U111:X111),"")
Y112: =IFERROR(AVERAGE(U112:X112),"")
Y113: =IFERROR(AVERAGE(U113:X113),"")
Y114: =IFERROR(AVERAGE(U114:X114),"")
Y115: =IFERROR(AVERAGE(U115:X115),"")
Y116: =IFERROR(AVERAGE(U116:X116),"")
Y117: =IFERROR(AVERAGE(U117:X117),"")
Y118: =IFERROR(AVERAGE(U118:X118),"")
Y119: =IFERROR(AVERAGE(U119:X119),"")
Y120: =IFERROR(AVERAGE(U120:X120),"")
Y121: =IFERROR(AVERAGE(U121:X121),"")
... Y979: =IFERROR(AVERAGE(U979:X979),"")
Y980: =IFERROR(AVERAGE(U981:X981),"")
Y981: =IFERROR(AVERAGE(U981:X981),"")
Y982: =IFERROR(AVERAGE(U982:X982),"")
Y983: =IFERROR(AVERAGE(U983:X983),"")
Y984: =IFERROR(AVERAGE(U984:X984),"")
Y985: =IFERROR(AVERAGE(U985:X985),"")
Y986: =IFERROR(AVERAGE(U986:X986),"")
Y987: =IFERROR(AVERAGE(U987:X987),"")
Y988: =IFERROR(AVERAGE(U988:X988),"")
Y989: =IFERROR(AVERAGE(U989:X989),"")
Y990: =IFERROR(AVERAGE(U990:X990),"")
Y991: =IFERROR(AVERAGE(U991:X991),"")
Y992: =IFERROR(AVERAGE(U992:X992),"")
... Y6772: =IFERROR(AVERAGE(U6772:X6772),"")

Sheet 초지 품명..
A1: 초지 | I1: 생산 호기 | J1: 설비코드 | K1: 적용 호기 | L1: 설비코드 | M1: 월 | N1: 성명 | O1: 기준 | P1: 품명 | Q1: 자재코드
B2: 기준 | C2: 품명 | I2: 초지3 | J2: TAA03 | K2: 가공2 | L2: TRA02 | M2: 01월 | N2: 송지숙 | O2: 14.8 | P2: 데코 (일반) 3P | Q2: HRT-Z110006
A3: 가공용 | B3: 13.3 | C3: 미용 소프티 | D3: 1375 | I3: 초지4 | J3: TAA04 | K3: 가공3 | L3: TRA03 | M3: 02월 | N3: 박용주 | O3: 14.8 | P3: 데코 (일반) 3P (코튼) | Q3: HRT-Z110007
B4: 13.8 | C4: 데코 (기획) 3P | D4: 2930 | E4: 초 3,4 | F4: 가공4 | I4: 초지5 | J4: TAA05 | K4: 가공3 (창고용) | M4: 03월 | N4: 권혜림 | O4: 14.3 | P4: 데코 (기획) 3P | Q4: HRT-Z010002
D5: 2950 | F5: 가공3,5 | K5: 가공4 | L5: TRA04 | M5: 04월 | N5: 문종실 | O5: 14.8 | P5: 시그니처 3P | Q5: HRT-Z140003
C6: 시그니처 | D6: 2950 | K6: 가공5 | L6: TRA05 | M6: 05월 | O6: 14.3 | P6: 4겹 데코 | Q6: HRT-Z150006M
C7: 4겹 데코 | D7: 2950 | K7: 가공5 22m용 | M7: 06월 | O7: 14.8 | P7: 4겹 데코 (코튼) | Q7: HRT-Z030023M
B8: 14 | C8: 데코 (기획) 3P | D8: 2930 | E8: 초5 | F8: 가공4 | K8: 가공6 | L8: TRA06 | M8: 07월 | O8: 21.5 | P8: 미용 소프티 | Q8: HRT-Z030021M
D9: 2950 | F9: 가공3,5 | K9: 가공6 (창고용) | M9: 08월 | O9: 19.5 | P9: K/T (2겹) | Q9: HRT-Z030005
C10: 시그니처 3P | D10: 2950 | K10: 정비 운휴 | M10: 09월 | O10: 16.8 | P10: K/T (3겹) | Q10: HRT-Z030004
C11: 4겹 데코 | D11: 2950 | K11: 급전 운휴 | M11: 10월 | O11: 16.8 | P11: 촉앤감 3P | Q11: HRT-Z030003
B12: 14.8 | C12: 촉앤감 미용 | D12: 1375 | K12: Felt 세척 운휴 | M12: 11월 | O12: 14.3 | P12: 촉앤감 미용 | Q12: HRT-Z030004
B13: 14.8 | C13: 고지 (일반) 3P | D13: 2950 | K13: 초출 준비 | M13: 12월 | O13: 15.8 | P13: 고지 (일반) 3P | Q13: HRT-Z110007
B14: 14.8 | C14: 데코 (일반) 3P | D14: 2930 | E14: 초 3,4 | F14: 가공4 | K14: 계획 운휴 | O14: 15.8 | P14: 깨/나 (일반) 2P | Q14: HRT-Z130003
D15: 2950 | F15: 가공3,5 | K15: 폐기 | P15: 데코 (일반) 2P | Q15: HRT-Z140003
B16: 14.8 | C16: PCMC 3P (일반) | D16: 2930 | E16: 초4 | K16: 명절 운휴 | O16: 14.3 | P16: 대한 2J 15.5 | Q16: HRT-Z150006M
B17: 15 | C17: 데코 (일반) 3P | D17: 2930 | E17: 초5 | K17: 편제 운휴 | O17: 14.8 | P17: PCMC 3P (기획) | Q17: HRT-Z030023M
D18: 2950 | K18: 재고 조정 운휴 | O18: 18 | P18: PCMC 3P (일반) | Q18: HRT-Z030021M
B19: 15 | C19: 3겹 (비데케어) | D19: 2950 | K19: 판매용 | P19: PCMC 3P (고평량) | Q19: HRT-Z030005
B20: 15.8 | C20: 깨/나 (일반) 2P | D20: 2930 | K20: 가공5 (창고용) | P20: 디케이(3겹) 14.0 | Q20: HRT-Z030004
B21: 15.8 | C21: 데코 (일반) 2P | D21: 2930 | E21: 초3,4,5 동일 | K21: 가공4 (창고용) | P21: I.T.C 14.2g | Q21: HRT-Z030003
B22: 16.8 | C22: 촉앤감(코튼) | D22: 2950 | E22: 초5 | K22: 가공4 (수출용) | P22: 대한 R15.0 | Q22: HRT-Z110006
B23: 16.8 | C23: 촉앤감 (고평량) | D23: 2950 | E23: 초5 | K23: 하기휴가 운휴 | P23: I.T.C R15.0 3P | Q23: HRT-Z110007
B24: 17.5 | C24: PCMC 3P (고평량) | D24: 2950 | E24: 초4 | K24: 정전 운휴 | P24: 비데케어 | Q24: HRT-Z130003
B25: 21.5 | C25: K/T (2겹) | D25: 2960 | P25: 동림 R 15.5 | Q25: HRT-Z140003
B26: 19.5 | C26: K/T (3겹) | D26: 2960 | P26: 포밍티슈 15.5 | Q26: HRT-Z150006M
A27: 판매용 | B27: 14 | C27: 디케이 (3겹) | D27: 1380 | E27: 펄프 | P27: I.T.C R15.5 2P | Q27: HRT-Z030023M
B28: 14.3 | C28: I.T.C 14.3g | D28: 2800 | E28: 펄프 | P28: 나라손 R15.8 2P | Q28: HRT-Z030021M
B29: 15 | C29: 대한 R15.0 | D29: 2800 | P29: 3R 19.0 | Q29: HRT-Z030005
B30: 15 | C30: I.T.C R15.0 3P | D30: 2800 | E30: 펄프 | P30: 와딩 1P 20.0 | Q30: HRT-Z030004
B31: 15.5 | C31: 대한 2J 15.5 | D31: 1380 | P31: 동방 1J 20.0 | Q31: HRT-Z030003
B32: 15.5 | C32: 동림 R 15.5 | D32: 1470 | P32: 대한 1J 21.0 | Q32: HRT-Z110006
B33: 15.5 | C33: 포밍티슈 | D33: 1400 | P33: 일원 H/T 21.0 | Q33: HRT-Z110007
B34: 15.5 | C34: I.T.C R15.5 2P | D34: 1415 | E34: 고지 | P34: 쌍기 K/T 21.0 | Q34: HRT-Z130003
B35: 15.8 | C35: 나라손 R15.8 2P | D35: 2820 | P35: 대한 1J 22.0 | Q35: HRT-Z140003
B36: 19 | C36: 3R | D36: 943 | P36: 깨/나 (일반) 3P | Q36: HRT-Z150006M
B37: 20 | C37: 와딩1P | D37: 1400 | O37: 15.1 | P37: FT 3겹 쉬폰 원단 | Q37: HRT-Z030023M
B38: 20 | C38: 동방 1J 20.0 | D38: 2880 | P38: 이루모스 1J 19.5 | Q38: HRT-Z030021M
B39: 20 | C39: 유송 K/T | D39: 1400 | P39: 이루모스 2J 14.5 | Q39: HRT-Z030005
B40: 21 | C40: 대한 1J 21.0 | D40: 1380 | P40: 이루모스 K/T 19.0 | Q40: HRT-Z030004
B41: 21 | C41: 일원 H/T | D41: 1260 | P41: 유송 K/T 18.0 | Q41: HRT-Z030003
B42: 21 | C42: 쌍기 K/T 21.0 | D42: 1290 | P42: 유송 K/T 20.0 2겹 | Q42: HRT-Z110006
B43: 22 | C43: 대한 1J 22.0 | D43: 1390 | P43: ITC K/T 20.5 | Q43: HRT-Z110007
B44: 20.5 | C44: ITC K/T 20.5 | D44: 2800 | P44: ITC K/T 20.0 | Q44: HRT-Z130003
B45: 20 | C45: ITC K/T 20.0 | D45: 1400 | P45: S-OIL 13.5 | Q45: HRT-Z140003
B46: 21 | C46: ITC K/T 21.0 | D46: 1400 | P46: 유송 K/T 20.0 3겹 | Q46: HRT-Z150006M
B47: 21 | C47: ITC K/T 21.0 | D47: 1260 | P47: 촉앤감 3P(코튼) | Q47: HRT-Z030023M
B48: 20 | C48: 팜파스 1J 20.0 | D48: 2830 | P48: ITC K/T 21.0 (1400) | Q48: HRT-Z030021M
B49: 15 | C49: 팜파스 2J 15.0 | D49: 2830 | P49: ITC K/T 21.0 (1260) | Q49: HRT-Z030005
P50: OCC 14.3 (Test) | Q50: HRT-Z030004
P51: 팜파스 1J 20.0 | Q51: HRT-Z030003
P52: 팜파스 2J 15.0 | Q52: HRT-Z110006
P53: FT 3겹 쉬폰 | Q53: HRT-Z110007
P54: 대한 1J 21.5 | Q54: HRT-Z130003
P55: 대한 2J 16.0 | Q55: HRT-Z140003

Sheet 가공3.4.5.6(QLT05)
C2: [ 2026년 1월~12월 검사결과 ]
B3: 호기코드 | C3: 호기 | D3: 날짜 | E3: 검사자 | G3: 19 | I3: 기준 평량 | J3: 기준 길이/매수 | K3: 원지 로트번호 | L3: 품목 | M3: 지종 | N3: 구분 | O3: 자재코드 | P3: 품명 | Q3: 겹수 | R3: 롤 | S3: 외관검수 | T3: 지 폭 (mm) | U3: 절취간격 | V3: 직 경 (mm) | W3: 타이트 | X3: 타이트 | Y3: 길 이(m) / 매수 | Z3: 평량 | AA3: 파 강 | AB3: 절취강도 | AC3: 두께 | AH3: 두께 평균 | AI3: 테일강도 | AK3: 절취선 상태 | AL3: 테일 겹분리 | AM3: 이물질 혼입 | AN3: 엠보싱 상태 | AO3: 포장 상태 | AP3: 냄 새 | AQ3: 형광검출 유/무 | AR3: 판 정 | AS3: 비고
E4: 성 명 | F4: 반 | G4: 시 | H4: 분 | U4: (mm) | W4: 니스 | Z4: (g/㎡) | AA4: (mN) | AB4: (gf/mm) | AC4: 1 | AD4: 2 | AE4: 3 | AF4: 4 | AG4: 5 | AI4: 강도 | AJ4: 길이
B5: MACH_CD | C5: MACH_NM | D5: MSRM_DATE | E5: MSRM_NM | F5: WRK_CLASS | G5: TIME_HOUR | H5: TIME_MIN | K5: LOT_NO | O5: MATNR | P5: MATNR_NM | Q5: LAYER_CNT | R5: ROLL_CNT | T5: WIDTH | U5: CUT_INT | V5: DIAM | W5: RED_DIAM | X5: RED_RATE | Y5: LEN_CNT | Z5: BS_WGT | AA5: BREAK | AB5: CUT_STR | AH5: THK_AVG | AI5: TAIL_STR | AJ5: LENGTH | AK5: CUT_LINE | AL5: TAIL_SPLT | AM5: CONTAM | AN5: EMBOSS | AO5: PACK_STS | AP5: SMELL | AQ5: FLUORO | AR5: FNL_JDGM | AS5: RMK
A6: 월별 | C6: 가공6 | D6: 7월 2일 | E6: 송지숙 | F6: 2 | G6: 3 | H6: 50 | K6: 180630E113 | L6: RT | N6: 일반/기획 | P6: 촉&감 3겹데코 디럭스 30m (블루) | Q6: 3 | R6: 30 | S6: 적 합 | T6: 107 | V6: 124 | Y6: 30.6 | Z6: 15 | AA6: 2941 | AB6: 1070 | AI6: 140↓ | AK6: 양호 | AL6: 합격 | AM6: 무 | AN6: 양호 | AO6: 양호 | AP6: 벚꽃향 | AR6: 합격
A7: 1월 | C7: 가공3 | D7: 46023 | E7: 박용주 | F7: 4 | G7: 8 | H7: 30 | I7: 20 | J7: 140 | K7: 251222C017 | L7: K/T | P7: 데일리 아껴쓰는 키친타올 140매 | Q7: 2 | R7: 8 | S7: 적 합 | T7: 192 | U7: 121 | V7: 125 | W7: 116 | X7: =IFERROR((V7-W7)/V7*100,"") -> 7.2 | Y7: 140 | Z7: 20.01 | AA7: 3869 | AB7: 1370 | AC7: 0.644 | AD7: 0.592 | AE7: 0.639 | AF7: 0.634 | AG7: 0.642 | AH7: =IFERROR(AVERAGE(AC7:AG7),"") -> 0.6302 | AK7: 양호 | AL7: 합격 | AM7: 무 | AN7: 양호 | AO7: 양호 | AP7: 무 | AQ7: 불검출 | AR7: 합격
A8: 1월 | C8: 가공6 | D8: 46023 | E8: 박용주 | F8: 4 | G8: 8 | H8: 50 | I8: 14.5 | J8: 30 | K8: 포장기고장 | L8: R/T | N8: 일반 | P8: 3겹 순수 프리미엄 (더 클래스) 30m | Q8: 3 | R8: 30 | T8: 98 | U8: 114 | V8: 125 | W8: 121 | X8: =IFERROR((V8-W8)/V8*100,"") -> 3.2 | Y8: 30.2 | Z8: 14.71 | AA8: 2777 | AB8: 1100 | AC8: 0.42 | AD8: 0.409 | AE8: 0.445 | AF8: 0.431 | AG8: 0.421 | AH8: =IFERROR(AVERAGE(AC8:AG8),"") -> 0.4252
A9: 1월 | C9: 가공4 | D9: 46023 | E9: 박용주 | F9: 4 | G9: 9 | H9: 30 | I9: 14 | J9: 30 | K9: 251231B025 | L9: R/T | M9: 고지 | N9: 일반 | P9: 깨끗한나라 데코 앤 라벤더 30m | Q9: 3 | R9: 30 | S9: 적 합 | T9: 97 | U9: 113 | V9: 121 | W9: 118 | X9: =IFERROR((V9-W9)/V9*100,"") -> 2.4793388 | Y9: 30.6 | Z9: 14.61 | AA9: 2658 | AB9: 1110 | AC9: 0.487 | AD9: 0.537 | AE9: 0.499 | AF9: 0.49 | AG9: 0.494 | AH9: =IFERROR(AVERAGE(AC9:AG9),"") -> 0.5014 | AK9: 양호 | AL9: 합격 | AM9: 무 | AN9: 양호 | AO9: 양호 | AP9: 라벤더향 | AR9: 합격
A10: 1월 | C10: 가공5 | D10: 46023 | E10: 박용주 | F10: 4 | G10: 9 | H10: 50 | I10: 13.5 | J10: 22 | K10: 251230C012 | L10: R/T | N10: 기획 | P10: 3겹 니가 필요해 22m | Q10: 3 | R10: 30 | S10: 적 합 | T10: 96 | U10: 113 | V10: 111 | W10: 103 | X10: =IFERROR((V10-W10)/V10*100,"") -> 7.2072072 | Y10: 22.5 | Z10: 13.43 | AA10: 3325 | AB10: 1040 | AC10: 0.39 | AD10: 0.381 | AE10: 0.39 | AF10: 0.422 | AG10: 0.377 | AH10: =IFERROR(AVERAGE(AC10:AG10),"") -> 0.392 | AK10: 양호 | AL10: 합격 | AM10: 무 | AN10: 양호 | AO10: 양호 | AP10: 무 | AQ10: 불검출 | AR10: 합격
A11: 1월 | C11: 가공3 | D11: 46023 | E11: 박용주 | F11: 4 | G11: 12 | H11: 0 | I11: 20 | J11: 140 | K11: 무인지게차 오류 | L11: K/T | P11: 데일리 아껴쓰는 키친타올 140매 | Q11: 2 | R11: 8 | T11: 192 | U11: 120 | V11: 125 | Y11: 140 | Z11: 19.74 | AA11: 3995 | AB11: 1190
A12: 1월 | C12: 가공6 | D12: 46023 | E12: 박용주 | F12: 4 | G12: 12 | H12: 30 | I12: 14.5 | J12: 30 | K12: 무인지게차 오류 | L12: R/T | N12: 일반 | P12: 3겹 순수 프리미엄 (더 클래스) 30m | Q12: 3 | R12: 30 | T12: 98 | U12: 114 | V12: 126 | Y12: 30.1 | Z12: 14.18 | AA12: 2690 | AB12: 1280
A13: 1월 | C13: 가공4 | D13: 46023 | E13: 박용주 | F13: 4 | G13: 13 | H13: 0 | I13: 14 | J13: 30 | K13: 251231B016 | L13: R/T | M13: 고지 | N13: 일반 | P13: 깨끗한나라 데코 앤 라벤더 30m | Q13: 3 | R13: 30 | S13: 적 합 | T13: 97 | U13: 113 | V13: 122 | Y13: 30.6 | Z13: 14.39 | AA13: 2938 | AB13: 1260 | AK13: 양호 | AL13: 합격 | AM13: 무 | AN13: 양호 | AO13: 양호 | AP13: 라벤더향 | AR13: 합격
A14: 1월 | C14: 가공5 | D14: 46023 | E14: 박용주 | F14: 4 | G14: 13 | H14: 20 | I14: 13.5 | J14: 22 | K14: 251230C005 | L14: R/T | N14: 기획 | P14: 3겹 니가 필요해 22m | Q14: 3 | R14: 30 | S14: 적 합 | T14: 96 | U14: 113 | V14: 111 | Y14: 22.4 | Z14: 13.79 | AA14: 3985 | AB14: 1090 | AK14: 양호 | AL14: 합격 | AM14: 무 | AN14: 양호 | AO14: 양호 | AP14: 무 | AQ14: 불검출 | AR14: 합격
A15: 1월 | C15: 가공6 | D15: 46023 | E15: 문종실 | F15: 3 | G15: 15 | H15: 50 | I15: 14.5 | J15: 30 | K15: 251231D024 | L15: R/T | N15: 일반 | P15: 3겹 순수 프리미엄 (더 클래스) 30m | Q15: 3 | R15: 30 | S15: 적 합 | T15: 98 | U15: 114 | V15: 126 | W15: 122 | X15: =IFERROR((V15-W15)/V15*100,"") -> 3.1746032 | Y15: 30.1 | Z15: 14.41 | AA15: 3341 | AB15: 1110 | AC15: 0.442 | AD15: 0.432 | AE15: 0.431 | AF15: 0.424 | AG15: 0.416 | AH15: =IFERROR(AVERAGE(AC15:AG15),"") -> 0.429 | AK15: 양호 | AL15: 합격 | AM15: 무 | AN15: 양호 | AO15: 양호 | AP15: 무 | AQ15: 불검출 | AR15: 합격
A16: 1월 | C16: 가공3 | D16: 46023 | E16: 문종실 | F16: 3 | G16: 16 | H16: 10 | I16: 20 | J16: 140 | K16: 251222C015 | L16: K/T | P16: 데일리 아껴쓰는 키친타올 140매 | Q16: 2 | R16: 8 | S16: 적 합 | T16: 193 | U16: 121 | V16: 125 | W16: 117 | X16: =IFERROR((V16-W16)/V16*100,"") -> 6.4 | Y16: 140 | Z16: 20.21 | AA16: 4507 | AB16: 710 | AC16: 0.679 | AD16: 0.643 | AE16: 0.692 | AF16: 0.683 | AG16: 0.651 | AH16: =IFERROR(AVERAGE(AC16:AG16),"") -> 0.6696 | AK16: 양호 | AL16: 합격 | AM16: 무 | AN16: 양호 | AO16: 양호 | AP16: 무 | AQ16: 불검출 | AR16: 합격
A17: 1월 | C17: 가공4 | D17: 46023 | E17: 문종실 | F17: 3 | G17: 16 | H17: 50 | I17: 14 | J17: 30 | K17: 251231B018 | L17: R/T | M17: 고지 | N17: 일반 | P17: 깨끗한나라 데코 앤 라벤더 30m | Q17: 3 | R17: 30 | S17: 적 합 | T17: 97 | U17: 113 | V17: 121 | W17: 118 | X17: =IFERROR((V17-W17)/V17*100,"") -> 2.4793388 | Y17: 30.6 | Z17: 14.34 | AA17: 3056 | AB17: 1200 | AC17: 0.52 | AD17: 0.501 | AE17: 0.508 | AF17: 0.481 | AG17: 0.489 | AH17: =IFERROR(AVERAGE(AC17:AG17),"") -> 0.4998 | AK17: 양호 | AL17: 합격 | AM17: 무 | AN17: 양호 | AO17: 양호 | AP17: 라벤더향 | AR17: 합격
A18: 1월 | C18: 가공5 | D18: 46023 | E18: 문종실 | F18: 3 | G18: 17 | H18: 20 | I18: 13.5 | J18: 22 | K18: 251230C017 | L18: R/T | N18: 기획 | P18: 3겹 니가 필요해 22m | Q18: 3 | R18: 30 | S18: 적 합 | T18: 96 | U18: 113 | V18: 111 | W18: 105 | X18: =IFERROR((V18-W18)/V18*100,"") -> 5.4054054 | Y18: 22.3 | Z18: 13.06 | AA18: 2776 | AB18: 820 | AC18: 0.391 | AD18: 0.435 | AE18: 0.411 | AF18: 0.435 | AG18: 0.391 | AH18: =IFERROR(AVERAGE(AC18:AG18),"") -> 0.4126 | AK18: 양호 | AL18: 불합격 | AM18: 무 | AN18: 양호 | AO18: 양호 | AP18: 무 | AQ18: 불검출 | AR18: 합격
A19: 1월 | C19: 가공3 | D19: 46023 | E19: 문종실 | F19: 3 | G19: 19 | H19: 40 | I19: 20 | J19: 140 | K19: 251222C008 | L19: K/T | P19: 데일리 아껴쓰는 키친타올 140매 | Q19: 2 | R19: 8 | S19: 적 합 | T19: 192 | U19: 121 | V19: 125 | Y19: 140 | Z19: 20.25 | AA19: 4904 | AB19: 1700 | AK19: 양호 | AL19: 합격 | AM19: 무 | AN19: 양호 | AO19: 양호 | AP19: 무 | AQ19: 불검출 | AR19: 합격
A20: 1월 | C20: 가공5 | D20: 46023 | E20: 문종실 | F20: 3 | G20: 21 | H20: 0 | I20: 13.5 | J20: 22 | K20: 251230C014 | L20: R/T | N20: 기획 | P20: 3겹 니가 필요해 22m | Q20: 3 | R20: 30 | S20: 적 합 | T20: 96 | U20: 113 | V20: 111 | Y20: 22.3 | Z20: 13.64 | AA20: 3052 | AB20: 1120 | AI20: 30 | AJ20: 0.6 | AK20: 양호 | AL20: 불합격 | AM20: 무 | AN20: 양호 | AO20: 양호 | AP20: 무 | AQ20: 불검출 | AR20: 합격
A21: 1월 | C21: 가공4 | D21: 46023 | E21: 문종실 | F21: 3 | G21: 21 | H21: 20 | I21: 14 | J21: 30 | K21: 251231B009 | L21: R/T | M21: 고지 | N21: 일반 | P21: 깨끗한나라 데코 앤 라벤더 30m | Q21: 3 | R21: 30 | S21: 적 합 | T21: 97 | U21: 114 | V21: 122 | Y21: 30.5 | Z21: 14.46 | AA21: 3216 | AB21: 1070 | AI21: 100 | AJ21: 1.6 | AK21: 양호 | AL21: 합격 | AM21: 무 | AN21: 양호 | AO21: 양호 | AP21: 라벤더향 | AR21: 합격
A22: 1월 | C22: 가공6 | D22: 46023 | E22: 문종실 | F22: 3 | G22: 21 | H22: 40 | I22: 14.5 | J22: 27 | K22: 260101D015 | L22: R/T | N22: 일반 | P22: 3겹 순수 프리미엄 27m (P) | Q22: 3 | R22: 30 | S22: 적 합 | T22: 107 | U22: 114 | V22: 120 | Y22: 27.3 | Z22: 14.51 | AA22: 2719 | AB22: 1280 | AI22: 90 | AJ22: 0.5 | AK22: 양호 | AL22: 합격 | AM22: 무 | AN22: 양호 | AO22: 양호 | AP22: 무 | AQ22: 불검출 | AR22: 합격
A23: 1월 | C23: 가공6 | D23: 46023 | E23: 권혜림 | F23: 1 | G23: 23 | H23: 50 | I23: 14.5 | J23: 27 | K23: 260101D012 | L23: R/T | N23: 일반 | P23: 3겹 순수 프리미엄 27m (P) | Q23: 3 | R23: 30 | S23: 적 합 | T23: 107 | U23: 113 | V23: 119 | W23: 116 | X23: =IFERROR((V23-W23)/V23*100,"") -> 2.5210084 | Y23: 27.2 | Z23: 14.21 | AA23: 3396 | AB23: 1370 | AC23: 0.423 | AD23: 0.414 | AE23: 0.431 | AF23: 0.437 | AG23: 0.449 | AH23: =IFERROR(AVERAGE(AC23:AG23),"") -> 0.4308 | AK23: 양호 | AL23: 합격 | AM23: 무 | AN23: 양호 | AO23: 양호 | AP23: 무 | AQ23: 불검출 | AR23: 합격
A24: 1월 | C24: 가공3 | D24: 46023 | E24: 권혜림 | F24: 1 | G24: 24 | H24: 10 | I24: 20 | J24: 140 | K24: 251222C002 | L24: K/T | P24: 데일리 아껴쓰는 키친타올 140매 | Q24: 2 | R24: 8 | S24: 적 합 | T24: 192 | U24: 120 | V24: 124 | W24: 117 | X24: =IFERROR((V24-W24)/V24*100,"") -> 5.6451613 | Y24: 140 | Z24: 20.4 | AA24: 3679 | AB24: 1360 | AC24: 0.648 | AD24: 0.647 | AE24: 0.666 | AF24: 0.629 | AG24: 0.591 | AH24: =IFERROR(AVERAGE(AC24:AG24),"") -> 0.6362 | AK24: 양호 | AL24: 합격 | AM24: 무 | AN24: 양호 | AO24: 양호 | AP24: 무 | AQ24: 불검출 | AR24: 합격
A25: 1월 | C25: 가공4 | D25: 46023 | E25: 권혜림 | F25: 1 | G25: 1 | H25: 10 | I25: 14 | J25: 30 | K25: 251231B002 | L25: R/T | M25: 고지 | N25: 일반 | P25: 깨끗한나라 데코 앤 라벤더 30m | Q25: 3 | R25: 30 | S25: 적 합 | T25: 97 | U25: 113 | V25: 122 | W25: 119 | X25: =IFERROR((V25-W25)/V25*100,"") -> 2.4590164 | Y25: 30.7 | Z25: 14.52 | AA25: 2551 | AB25: 1340 | AC25: 0.514 | AD25: 0.522 | AE25: 0.498 | AF25: 0.521 | AG25: 0.521 | AH25: =IFERROR(AVERAGE(AC25:AG25),"") -> 0.5152 | AK25: 양호 | AL25: 합격 | AM25: 무 | AN25: 양호 | AO25: 양호 | AP25: 라벤더향 | AR25: 합격
A26: 1월 | C26: 가공5 | D26: 46023 | E26: 권혜림 | F26: 1 | G26: 1 | H26: 30 | I26: 13.5 | J26: 30 | K26: 251230C007 | L26: R/T | N26: 기획 | P26: 3겹 퓨어앤데코 30m (특판납품용)(S) | Q26: 3 | R26: 30 | S26: 적 합 | T26: 96 | U26: 112 | V26: 121 | W26: 116 | X26: =IFERROR((V26-W26)/V26*100,"") -> 4.1322314 | Y26: 30.3 | Z26: 13.6 | AA26: 3012 | AB26: 1150 | AC26: 0.383 | AD26: 0.426 | AE26: 0.376 | AF26: 0.361 | AG26: 0.368 | AH26: =IFERROR(AVERAGE(AC26:AG26),"") -> 0.3828 | AK26: 양호 | AL26: 불합격 | AM26: 무 | AN26: 양호 | AO26: 양호 | AP26: 무 | AQ26: 불검출 | AR26: 합격
A27: 1월 | C27: 가공6 | D27: 46023 | E27: 권혜림 | F27: 1 | K27: 무인지게차 오류
A28: 1월 | C28: 가공4 | D28: 46023 | E28: 권혜림 | F28: 1 | G28: 4 | H28: 30 | I28: 15.5 | J28: 50 | K28: 260101B022 | L28: R/T | M28: 고지 | N28: 일반 | P28: 깨끗한나라 2겹 에코베이직 50m | Q28: 2 | R28: 30 | S28: 적 합 | T28: 98 | U28: 113 | V28: 126 | Y28: 50.7 | Z28: 16.29 | AA28: 1614 | AB28: 1030 | AI28: 100 | AJ28: 1.8 | AK28: 양호 | AL28: 불합격 | AM28: 무 | AN28: 양호 | AO28: 양호 | AP28: 무 | AR28: 합격
A29: 1월 | C29: 가공5 | D29: 46023 | E29: 권혜림 | F29: 1 | G29: 4 | H29: 50 | I29: 13.5 | J29: 30 | K29: 251231C001 | L29: R/T | N29: 기획 | P29: 3겹 퓨어앤데코 30m (특판납품용)(S) | Q29: 3 | R29: 30 | S29: 지관 찢어짐 불량 | T29: 96 | U29: 113 | V29: 121 | Y29: 30.3 | Z29: 13.23 | AA29: 3837 | AB29: 1080 | AI29: 50 | AJ29: 0.8 | AK29: 양호 | AL29: 불합격 | AM29: 무 | AN29: 양호 | AO29: 양호 | AP29: 무 | AQ29: 불검출 | AR29: 불합격
A30: 1월 | C30: 가공3 | D30: 46023 | E30: 권혜림 | F30: 1 | G30: 5 | H30: 50 | I30: 20 | J30: 100 | K30: 251222C004 | L30: K/T | P30: 명절 요리 준비 싹쓸이 키친타월 100매 | Q30: 2 | R30: 6 | S30: 적 합 | T30: 222 | U30: 121 | V30: 109 | Y30: 100 | Z30: 19.92 | AA30: 4689 | AB30: 1720 | AK30: 양호 | AL30: 합격 | AM30: 무 | AN30: 양호 | AO30: 양호 | AP30: 무 | AQ30: 불검출 | AR30: 합격 | AS30: 신제품
A31: 1월 | C31: 가공6 | D31: 46023 | E31: 권혜림 | F31: 1 | G31: 6 | H31: 30 | I31: 14.5 | J31: 27 | K31: 외관검수 | L31: R/T | N31: 일반 | P31: 3겹 순수 프리미엄 27m (P) | Q31: 3 | R31: 30 | T31: 107 | U31: 114 | V31: 119 | Y31: 27.2 | Z31: 14.22 | AA31: 4040 | AB31: 1420
A32: 1월 | C32: 가공3 | D32: 46024 | E32: 박용주 | F32: 4 | G32: 8 | H32: 50 | I32: 20 | J32: 100 | K32: 251222C004 | L32: K/T | P32: 명절 요리 준비 싹쓸이 키친타월 100매 | Q32: 2 | R32: 6 | S32: 적 합 | T32: 222 | U32: 121 | V32: 109 | W32: 102 | X32: =IFERROR((V32-W32)/V32*100,"") -> 6.4220183 | Y32: 100 | Z32: 20.37 | AA32: 4669 | AB32: 1680 | AC32: 0.735 | AD32: 0.675 | AE32: 0.673 | AF32: 0.696 | AG32: 0.709 | AH32: =IFERROR(AVERAGE(AC32:AG32),"") -> 0.6976 | AK32: 양호 | AL32: 합격 | AM32: 무 | AN32: 양호 | AO32: 양호 | AP32: 무 | AQ32: 불검출 | AR32: 합격
A33: 1월 | C33: 가공6 | D33: 46024 | E33: 박용주 | F33: 4 | G33: 8 | H33: 20 | I33: 14.5 | J33: 27 | K33: 무인지게차 오류 | L33: R/T | N33: 일반 | P33: 3겹 순수 프리미엄 27m (P) | Q33: 3 | R33: 30 | T33: 106 | U33: 113 | V33: 119 | W33: 116 | X33: =IFERROR((V33-W33)/V33*100,"") -> 2.5210084 | Y33: 27.2 | Z33: 14.4 | AA33: 3279 | AB33: 1430 | AC33: 0.397 | AD33: 0.385 | AE33: 0.393 | AF33: 0.399 | AG33: 0.413 | AH33: =IFERROR(AVERAGE(AC33:AG33),"") -> 0.3974
A34: 1월 | C34: 가공4 | D34: 46024 | E34: 박용주 | F34: 4 | G34: 9 | H34: 50 | I34: 15.5 | J34: 50 | K34: 260101B031 | L34: R/T | M34: 고지 | N34: 일반 | P34: 깨끗한나라 2겹 에코베이직 50m | Q34: 2 | R34: 30 | S34: 텐실부위 절취불량 | T34: 97 | U34: 114 | V34: 127 | W34: 124 | X34: =IFERROR((V34-W34)/V34*100,"") -> 2.3622047 | Y34: 51 | Z34: 16.36 | AA34: 2277 | AB34: 940 | AC34: 0.345 | AD34: 0.344 | AE34: 0.366 | AF34: 0.346 | AG34: 0.36 | AH34: =IFERROR(AVERAGE(AC34:AG34),"") -> 0.3522 | AK34: 불량 | AL34: 불합격 | AM34: 무 | AN34: 양호 | AO34: 양호 | AP34: 무 | AR34: 불합격
A35: 1월 | C35: 가공5 | D35: 46024 | E35: 박용주 | F35: 4 | G35: 10 | H35: 10 | I35: 13.5 | J35: 30 | K35: 251229C017 | L35: R/T | N35: 기획 | P35: 3겹 퓨어앤데코 30m (특판납품용)(S) | Q35: 3 | R35: 30 | S35: 적 합 | T35: 96 | U35: 112 | V35: 121 | W35: 114 | X35: =IFERROR((V35-W35)/V35*100,"") -> 5.785124 | Y35: 30.3 | Z35: 13.37 | AA35: 2772 | AB35: 1000 | AC35: 0.38 | AD35: 0.392 | AE35: 0.379 | AF35: 0.424 | AG35: 0.397 | AH35: =IFERROR(AVERAGE(AC35:AG35),"") -> 0.3944 | AK35: 양호 | AL35: 불합격 | AM35: 무 | AN35: 양호 | AO35: 양호 | AP35: 무 | AQ35: 불검출 | AR35: 합격
A36: 1월 | C36: 가공3 | D36: 46024 | E36: 박용주 | F36: 4 | G36: 12 | H36: 30 | I36: 20 | J36: 100 | K36: 251221C029 | L36: K/T | P36: 명절 요리 준비 싹쓸이 키친타월 100매 | Q36: 2 | R36: 6 | S36: 적 합 | T36: 221 | U36: 121 | V36: 109 | Y36: 100 | Z36: 20.27 | AA36: 4229 | AB36: 1360 | AK36: 양호 | AL36: 합격 | AM36: 무 | AN36: 양호 | AO36: 양호 | AP36: 무 | AQ36: 불검출 | AR36: 합격
A37: 1월 | C37: 가공6 | D37: 46024 | E37: 박용주 | F37: 4 | G37: 12 | H37: 10 | I37: 14.5 | J37: 27 | K37: 260101D026 | L37: R/T | N37: 일반 | P37: 3겹 순수 프리미엄 27m (P) | Q37: 3 | R37: 30 | S37: 적 합 | T37: 106 | U37: 114 | V37: 120 | Y37: 27.2 | Z37: 14.41 | AA37: 3857 | AB37: 1470 | AK37: 양호 | AL37: 합격 | AM37: 무 | AN37: 양호 | AO37: 양호 | AP37: 무 | AQ37: 불검출 | AR37: 합격
A38: 1월 | C38: 가공4 | D38: 46024 | E38: 박용주 | F38: 4 | G38: 13 | H38: 20 | I38: 15.5 | J38: 50 | K38: 260102B003 | L38: R/T | M38: 고지 | N38: 일반 | P38: 깨끗한나라 2겹 에코베이직 50m | Q38: 2 | R38: 30 | S38: 적 합 | T38: 98 | U38: 114 | V38: 127 | Y38: 51.1 | Z38: 15.93 | AA38: 2034 | AB38: 1170 | AK38: 양호 | AL38: 불합격 | AM38: 무 | AN38: 양호 | AO38: 양호 | AP38: 무 | AR38: 합격
A39: 1월 | C39: 가공5 | D39: 46024 | E39: 박용주 | F39: 4 | G39: 13 | H39: 40 | I39: 13.5 | J39: 30 | K39: 251229C019 | L39: R/T | N39: 기획 | P39: 3겹 퓨어앤데코 30m (특판납품용)(S) | Q39: 3 | R39: 30 | S39: 적 합 | T39: 96 | U39: 112 | V39: 121 | Y39: 30.3 | Z39: 13.36 | AA39: 3001 | AB39: 1030 | AK39: 양호 | AL39: 불합격 | AM39: 무 | AN39: 양호 | AO39: 양호 | AP39: 무 | AQ39: 불검출 | AR39: 합격
A40: 1월 | C40: 가공6 | D40: 46024 | E40: 문종실 | F40: 3 | G40: 15 | H40: 30 | I40: 14.5 | J40: 27 | K40: 260101D029 | L40: R/T | N40: 일반 | P40: 3겹 순수 프리미엄 27m (P) | Q40: 3 | R40: 30 | S40: 적 합 | T40: 107 | U40: 114 | V40: 120 | W40: 116 | X40: =IFERROR((V40-W40)/V40*100,"") -> 3.3333333 | Y40: 27.2 | Z40: 14.02 | AA40: 3191 | AB40: 880 | AC40: 0.435 | AD40: 0.418 | AE40: 0.431 | AF40: 0.424 | AG40: 0.425 | AH40: =IFERROR(AVERAGE(AC40:AG40),"") -> 0.4266 | AK40: 양호 | AL40: 합격 | AM40: 무 | AN40: 양호 | AO40: 양호 | AP40: 무 | AQ40: 불검출 | AR40: 합격
A41: 1월 | C41: 가공3 | D41: 46024 | E41: 문종실 | F41: 3 | G41: 16 | H41: 0 | I41: 20 | J41: 100 | K41: 251221C027 | L41: K/T | P41: 명절 요리 준비 싹쓸이 키친타월 100매 | Q41: 2 | R41: 6 | S41: 적 합 | T41: 223 | U41: 120 | V41: 109 | W41: 102 | X41: =IFERROR((V41-W41)/V41*100,"") -> 6.4220183 | Y41: 100 | Z41: 19.79 | AA41: 4622 | AB41: 1170 | AC41: 0.511 | AD41: 0.598 | AE41: 0.606 | AF41: 0.612 | AG41: 0.589 | AH41: =IFERROR(AVERAGE(AC41:AG41),"") -> 0.5832 | AK41: 양호 | AL41: 합격 | AM41: 무 | AN41: 양호 | AO41: 양호 | AP41: 무 | AQ41: 불검출 | AR41: 합격
A42: 1월 | C42: 가공5 | D42: 46024 | E42: 문종실 | F42: 3 | G42: 17 | H42: 0 | I42: 13.5 | J42: 30 | K42: 251229C021 | L42: R/T | N42: 기획 | P42: 3겹 퓨어앤데코 30m (특판납품용)(S) | Q42: 3 | R42: 30 | S42: 적 합 | T42: 96 | U42: 112 | V42: 121 | W42: 116 | X42: =IFERROR((V42-W42)/V42*100,"") -> 4.1322314 | Y42: 30.3 | Z42: 13.36 | AA42: 2891 | AB42: 700 | AC42: 0.409 | AD42: 0.423 | AE42: 0.366 | AF42: 0.374 | AG42: 0.366 | AH42: =IFERROR(AVERAGE(AC42:AG42),"") -> 0.3876 | AK42: 양호 | AL42: 불합격 | AM42: 무 | AN42: 양호 | AO42: 양호 | AP42: 무 | AQ42: 불검출 | AR42: 합격
A43: 1월 | C43: 가공4 | D43: 46024 | E43: 문종실 | F43: 3 | G43: 17 | H43: 20 | I43: 15.5 | J43: 50 | K43: 260102B004 | L43: R/T | M43: 고지 | N43: 일반 | P43: 깨끗한나라 2겹 에코베이직 50m | Q43: 2 | R43: 30 | S43: 적 합 | T43: 97 | U43: 113 | V43: 127 | W43: 124 | X43: =IFERROR((V43-W43)/V43*100,"") -> 2.3622047 | Y43: 51.2 | Z43: 15.93 | AA43: 2153 | AB43: 710 | AC43: 0.332 | AD43: 0.342 | AE43: 0.329 | AF43: 0.343 | AG43: 0.327 | AH43: =IFERROR(AVERAGE(AC43:AG43),"") -> 0.3346 | AK43: 양호 | AL43: 합격 | AM43: 무 | AN43: 양호 | AO43: 양호 | AP43: 무 | AR43: 합격
A44: 1월 | C44: 가공6 | D44: 46024 | E44: 문종실 | F44: 3 | G44: 19 | H44: 10 | I44: 14.5 | J44: 27 | K44: 260101D035 | L44: R/T | N44: 일반 | P44: 3겹 순수 프리미엄 27m (P) | Q44: 3 | R44: 30 | S44: 적 합 | T44: 106 | U44: 114 | V44: 120 | Y44: 27.2 | Z44: 14.25 | AA44: 3364 | AB44: 1100 | AI44: 60 | AJ44: 0.5 | AK44: 양호 | AL44: 합격 | AM44: 무 | AN44: 양호 | AO44: 양호 | AP44: 무 | AQ44: 불검출 | AR44: 합격
A45: 1월 | C45: 가공3 | D45: 46024 | E45: 문종실 | F45: 3 | G45: 19 | H45: 30 | I45: 20 | J45: 100 | K45: 251222C013 | L45: K/T | P45: 명절 요리 준비 싹쓸이 키친타월 100매 | Q45: 2 | R45: 6 | S45: 적 합 | T45: 222 | U45: 120 | V45: 109 | Y45: 100 | Z45: 20.55 | AA45: 4019 | AB45: 1070 | AK45: 양호 | AL45: 합격 | AM45: 무 | AN45: 양호 | AO45: 양호 | AP45: 무 | AQ45: 불검출 | AR45: 합격
A46: 1월 | C46: 가공4 | D46: 46024 | E46: 문종실 | F46: 3 | G46: 20 | H46: 30 | I46: 15.5 | J46: 50 | K46: 260101B021 | L46: R/T | M46: 고지 | N46: 일반 | P46: 깨끗한나라 2겹 에코베이직 50m | Q46: 2 | R46: 30 | S46: 번들러 하단부터짐불량 | T46: 98 | U46: 114 | V46: 128 | Y46: 51.1 | Z46: 16.05 | AA46: 2195 | AB46: 660 | AI46: 130 | AJ46: 1.8 | AK46: 양호 | AL46: 불합격 | AM46: 무 | AN46: 양호 | AO46: 불량 | AP46: 무 | AR46: 불합격
A47: 1월 | C47: 가공5 | D47: 46024 | E47: 문종실 | F47: 3 | G47: 21 | H47: 40 | I47: 14 | J47: 27 | K47: 260101C005 | L47: R/T | N47: 일반 | P47: 3겹 순수 시그니처 27m (N) | Q47: 3 | R47: 30 | S47: 적 합 | T47: 96 | U47: 112 | V47: 117 | Y47: 27.2 | Z47: 14.17 | AA47: 3719 | AB47: 720 | AI47: 30 | AJ47: 0.6 | AK47: 양호 | AL47: 불합격 | AM47: 무 | AN47: 양호 | AO47: 양호 | AP47: 무 | AQ47: 불검출 | AR47: 합격
A48: 1월 | C48: 가공6 | D48: 46024 | E48: 권혜림 | F48: 1 | G48: 23 | H48: 50 | I48: 14.5 | J48: 30 | K48: 260101D031 | L48: R/T | N48: 일반 | P48: 3겹 벚꽃 로맨틱 27m+3m | Q48: 3 | R48: 30 | S48: 적 합 | T48: 98 | U48: 114 | V48: 126 | W48: 122 | X48: =IFERROR((V48-W48)/V48*100,"") -> 3.1746032 | Y48: 30.2 | Z48: 14.66 | AA48: 3204 | AB48: 770 | AC48: 0.447 | AD48: 0.461 | AE48: 0.441 | AF48: 0.476 | AG48: 0.436 | AH48: =IFERROR(AVERAGE(AC48:AG48),"") -> 0.4522 | AK48: 양호 | AL48: 합격 | AM48: 무 | AN48: 양호 | AO48: 양호 | AP48: 벚꽃향 | AQ48: 불검출 | AR48: 합격
A49: 1월 | C49: 가공3 | D49: 46024 | E49: 권혜림 | F49: 1 | G49: 24 | H49: 10 | I49: 20 | J49: 100 | K49: 251222C014 | L49: K/T | P49: 명절 요리 준비 싹쓸이 키친타월 100매 | Q49: 2 | R49: 6 | S49: 적 합 | T49: 221 | U49: 120 | V49: 109 | W49: 100 | X49: =IFERROR((V49-W49)/V49*100,"") -> 8.2568807 | Y49: 100 | Z49: 20.35 | AA49: 4764 | AB49: 1550 | AC49: 0.68 | AD49: 0.708 | AE49: 0.693 | AF49: 0.705 | AG49: 0.698 | AH49: =IFERROR(AVERAGE(AC49:AG49),"") -> 0.6968 | AK49: 양호 | AL49: 합격 | AM49: 무 | AN49: 양호 | AO49: 양호 | AP49: 무 | AQ49: 불검출 | AR49: 합격
A50: 1월 | C50: 가공4 | D50: 46024 | E50: 권혜림 | F50: 1 | G50: 1 | H50: 20 | I50: 15.5 | J50: 50 | K50: 260102B018 | L50: R/T | M50: 고지 | N50: 일반 | P50: 깨끗한나라 2겹 에코베이직 50m | Q50: 2 | R50: 30 | S50: 미절취 불량 | T50: 98 | U50: 114 | V50: 127 | W50: 125 | X50: =IFERROR((V50-W50)/V50*100,"") -> 1.5748031 | Y50: 51.2 | Z50: 16.31 | AA50: 2044 | AB50: 1040 | AC50: 0.366 | AD50: 0.383 | AE50: 0.366 | AF50: 0.371 | AG50: 0.361 | AH50: =IFERROR(AVERAGE(AC50:AG50),"") -> 0.3694 | AK50: 불량 | AL50: 불합격 | AM50: 무 | AN50: 양호 | AO50: 양호 | AP50: 무 | AR50: 불합격
A51: 1월 | C51: 가공5 | D51: 46024 | E51: 권혜림 | F51: 1 | G51: 1 | H51: 40 | I51: 14 | J51: 27 | K51: 260101C003 | L51: R/T | N51: 일반 | P51: 3겹 순수 시그니처 27m (N) | Q51: 3 | R51: 30 | S51: 적 합 | T51: 96 | U51: 112 | V51: 118 | W51: 113 | X51: =IFERROR((V51-W51)/V51*100,"") -> 4.2372881 | Y51: 27.3 | Z51: 14.18 | AA51: 2848 | AB51: 1060 | AC51: 0.383 | AD51: 0.458 | AE51: 0.391 | AF51: 0.448 | AG51: 0.384 | AH51: =IFERROR(AVERAGE(AC51:AG51),"") -> 0.4128 | AK51: 양호 | AL51: 합격 | AM51: 무 | AN51: 양호 | AO51: 양호 | AP51: 무 | AQ51: 불검출 | AR51: 합격
A52: 1월 | C52: 가공6 | D52: 46024 | E52: 권혜림 | F52: 1 | G52: 4 | H52: 0 | I52: 14.5 | J52: 30 | K52: 251225D005 | L52: R/T | N52: 일반 | P52: 3겹 벚꽃 로맨틱 27m+3m | Q52: 3 | R52: 30 | S52: 적 합 | T52: 98 | U52: 113 | V52: 125 | Y52: 30.1 | Z52: 14.3 | AA52: 3666 | AB52: 1150 | AI52: 70 | AJ52: 0.4 | AK52: 양호 | AL52: 합격 | AM52: 무 | AN52: 양호 | AO52: 양호 | AP52: 벚꽃향 | AQ52: 불검출 | AR52: 합격
A53: 1월 | C53: 가공3 | D53: 46024 | E53: 권혜림 | F53: 1 | G53: 4 | H53: 20 | I53: 20 | J53: 100 | K53: 251222C011 | L53: K/T | P53: 명절 요리 준비 싹쓸이 키친타월 100매 | Q53: 2 | R53: 6 | S53: 적 합 | T53: 221 | U53: 121 | V53: 109 | Y53: 100 | Z53: 20.83 | AA53: 4575 | AB53: 1340 | AK53: 양호 | AL53: 합격 | AM53: 무 | AN53: 양호 | AO53: 양호 | AP53: 무 | AQ53: 불검출 | AR53: 합격
A54: 1월 | C54: 가공4 | D54: 46024 | E54: 권혜림 | F54: 1 | G54: 4 | H54: 50 | I54: 15.5 | J54: 50 | K54: 260102B022 | L54: R/T | M54: 고지 | N54: 일반 | P54: 깨끗한나라 2겹 에코베이직 50m | Q54: 2 | R54: 30 | S54: 적 합 | T54: 97 | U54: 113 | V54: 127 | Y54: 51.1 | Z54: 15.74 | AA54: 2044 | AB54: 980 | AI54: 80 | AJ54: 1.8 | AK54: 양호 | AL54: 합격 | AM54: 무 | AN54: 양호 | AO54: 양호 | AP54: 무 | AR54: 합격
A55: 1월 | C55: 가공5 | D55: 46024 | E55: 권혜림 | F55: 1 | G55: 5 | H55: 10 | I55: 14 | J55: 27 | K55: 251213C030 | L55: R/T | N55: 일반 | P55: 3겹 순수 시그니처 27m (N) | Q55: 3 | R55: 30 | S55: 적 합 | T55: 96 | U55: 113 | V55: 118 | Y55: 27.4 | Z55: 14 | AA55: 2919 | AB55: 1390 | AI55: 20 | AJ55: 0.7 | AK55: 양호 | AL55: 합격 | AM55: 무 | AN55: 양호 | AO55: 양호 | AP55: 무 | AQ55: 불검출 | AR55: 합격
A56: 1월 | C56: 가공3 | D56: 46025 | E56: 송지숙 | F56: 4 | G56: 8 | H56: 30 | I56: 20 | J56: 100 | K56: 251221C024 | L56: K/T | P56: 명절 요리 준비 싹쓸이 키친타월 100매 | Q56: 2 | R56: 6 | S56: 적 합 | T56: 220 | U56: 121 | V56: 109 | W56: 102 | X56: =IFERROR((V56-W56)/V56*100,"") -> 6.4220183 | Y56: 100 | Z56: 20.08 | AA56: 4251 | AB56: 1420 | AC56: 0.628 | AD56: 0.623 | AE56: 0.628 | AF56: 0.598 | AG56: 0.617 | AH56: =IFERROR(AVERAGE(AC56:AG56),"") -> 0.6188 | AK56: 양호 | AL56: 합격 | AM56: 무 | AN56: 양호 | AO56: 양호 | AP56: 무 | AQ56: 불검출 | AR56: 합격
A57: 1월 | C57: 가공6 | D57: 46025 | E57: 송지숙 | F57: 4 | G57: 8 | H57: 50 | I57: 14.5 | J57: 30 | K57: 251231D011 | L57: R/T | N57: 일반 | P57: 3겹 벚꽃 로맨틱 27m+3m | Q57: 3 | R57: 30 | S57: 적 합 | T57: 98 | U57: 114 | V57: 125 | W57: 122 | X57: =IFERROR((V57-W57)/V57*100,"") -> 2.4 | Y57: 30.1 | Z57: 14.24 | AA57: 3389 | AB57: 1000 | AC57: 0.455 | AD57: 0.453 | AE57: 0.452 | AF57: 0.442 | AG57: 0.44 | AH57: =IFERROR(AVERAGE(AC57:AG57),"") -> 0.4484 | AK57: 양호 | AL57: 합격 | AM57: 무 | AN57: 양호 | AO57: 양호 | AP57: 벚꽃향 | AQ57: 불검출 | AR57: 합격
A58: 1월 | C58: 가공6 | D58: 46025 | E58: 송지숙 | F58: 4 | G58: 13 | H58: 10 | I58: 14.5 | J58: 30 | K58: 260103D001 | L58: R/T | N58: 일반 | P58: 3겹 벚꽃 로맨틱 27m+3m | Q58: 3 | R58: 30 | S58: 적 합 | T58: 98 | U58: 113 | V58: 125 | Y58: 30 | Z58: 14.05 | AA58: 3319 | AB58: 1120 | AH58: =IFERROR(AVERAGE(AC58:AG58),"") | AK58: 양호 | AL58: 합격 | AM58: 무 | AN58: 양호 | AO58: 양호 | AP58: 벚꽃향 | AQ58: 불검출 | AR58: 합격
A59: 1월 | C59: 가공3 | D59: 46025 | E59: 송지숙 | F59: 4 | G59: 12 | H59: 40 | I59: 20 | J59: 100 | K59: 251221C028 | L59: K/T | P59: 명절 요리 준비 싹쓸이 키친타월 100매 | Q59: 2 | R59: 6 | S59: 적 합 | T59: 222 | U59: 121 | V59: 109 | Y59: 100 | Z59: 20.16 | AA59: 3714 | AB59: 1460 | AK59: 양호 | AL59: 합격 | AM59: 무 | AN59: 양호 | AO59: 양호 | AP59: 무 | AQ59: 불검출 | AR59: 합격
A60: 1월 | C60: 가공3 | D60: 46025 | E60: 송지숙 | F60: 2 | G60: 16 | H60: 40 | I60: 20 | J60: 100 | K60: 251221C026 | L60: K/T | P60: 명절 요리 준비 싹쓸이 키친타월 100매 | Q60: 2 | R60: 6 | S60: 적 합 | T60: 222 | U60: 121 | V60: 109 | W60: 100 | X60: =IFERROR((V60-W60)/V60*100,"") -> 8.2568807 | Y60: 100 | Z60: 20.18 | AA60: 4618 | AB60: 1390 | AC60: 0.681 | AD60: 0.731 | AE60: 0.27 | AF60: 0.714 | AG60: 0.705 | AH60: =IFERROR(AVERAGE(AC60:AG60),"") -> 0.6202 | AK60: 양호 | AL60: 합격 | AM60: 무 | AN60: 양호 | AO60: 양호 | AP60: 무 | AQ60: 불검출 | AR60: 합격
A61: 1월 | C61: 가공6 | D61: 46025 | E61: 송지숙 | F61: 2 | G61: 17 | H61: 0 | I61: 14.5 | J61: 30 | K61: 260103D006 | L61: R/T | N61: 일반 | P61: 3겹 벚꽃 로맨틱 27m+3m | Q61: 3 | R61: 30 | S61: 적 합 | T61: 98 | U61: 113 | V61: 125 | W61: 122 | X61: =IFERROR((V61-W61)/V61*100,"") -> 2.4 | Y61: 30.1 | Z61: 14.33 | AA61: 3142 | AB61: 790 | AC61: 0.427 | AD61: 0.428 | AE61: 0.419 | AF61: 0.433 | AG61: 0.423 | AH61: =IFERROR(AVERAGE(AC61:AG61),"") -> 0.426 | AK61: 양호 | AL61: 합격 | AM61: 무 | AN61: 양호 | AO61: 양호 | AP61: 벚꽃향 | AQ61: 불검출 | AR61: 합격
A62: 1월 | C62: 가공6 | D62: 46025 | E62: 권혜림 | F62: 2 | G62: 20 | H62: 10 | I62: 14.5 | J62: 30 | K62: 260103D011 | L62: R/T | N62: 일반 | P62: 3겹 순수 프리미엄 더 퍼스트 30m (코튼함유) | Q62: 3 | R62: 30 | S62: 적 합 | T62: 107 | U62: 113 | V62: 125 | Y62: 30 | Z62: 13.99 | AA62: 2076 | AB62: 910 | AH62: =IFERROR(AVERAGE(AC62:AG62),"") | AI62: 110 | AJ62: 0.6 | AK62: 양호 | AL62: 합격 | AM62: 무 | AN62: 양호 | AO62: 양호 | AP62: 무 | AQ62: 불검출 | AR62: 합격
A63: 1월 | C63: 가공3 | D63: 46025 | E63: 권혜림 | F63: 2 | G63: 20 | H63: 30 | I63: 20 | J63: 100 | K63: 251222C003 | L63: K/T | P63: 명절 요리 준비 싹쓸이 키친타월 100매 | Q63: 2 | R63: 6 | S63: 적 합 | T63: 222 | U63: 120 | V63: 109 | Y63: 100 | Z63: 19.66 | AA63: 3730 | AB63: 1450 | AK63: 양호 | AL63: 합격 | AM63: 무 | AN63: 양호 | AO63: 양호 | AP63: 무 | AQ63: 불검출 | AR63: 합격
A64: 1월 | C64: 가공6 | D64: 46025 | E64: 권혜림 | F64: 1 | G64: 24 | H64: 0 | I64: 14.5 | J64: 30 | K64: 260103D012 | L64: R/T | N64: 일반 | P64: 3겹 순수 프리미엄 더 퍼스트 30m (코튼함유) | Q64: 3 | R64: 30 | S64: 적 합 | T64: 107 | U64: 113 | V64: 125 | W64: 122 | X64: =IFERROR((V64-W64)/V64*100,"") -> 2.4 | Y64: 30 | Z64: 14.16 | AA64: 3095 | AB64: 940 | AC64: 0.441 | AD64: 0.424 | AE64: 0.422 | AF64: 0.436 | AG64: 0.473 | AH64: =IFERROR(AVERAGE(AC64:AG64),"") -> 0.4392 | AK64: 양호 | AL64: 합격 | AM64: 무 | AN64: 양호 | AO64: 양호 | AP64: 무 | AQ64: 불검출 | AR64: 합격
A65: 1월 | C65: 가공3 | D65: 46025 | E65: 권혜림 | F65: 1 | G65: 24 | H65: 20 | I65: 20 | J65: 100 | K65: 251222C005 | L65: K/T | P65: 명절 요리 준비 싹쓸이 키친타월 100매 | Q65: 2 | R65: 6 | S65: 적 합 | T65: 222 | U65: 120 | V65: 109 | W65: 101 | X65: =IFERROR((V65-W65)/V65*100,"") -> 7.3394495 | Y65: 100 | Z65: 19.7 | AA65: 3570 | AB65: 1760 | AC65: 0.738 | AD65: 0.711 | AE65: 0.706 | AF65: 0.766 | AG65: 0.747 | AH65: =IFERROR(AVERAGE(AC65:AG65),"") -> 0.7336 | AK65: 양호 | AL65: 합격 | AM65: 무 | AN65: 양호 | AO65: 양호 | AP65: 무 | AQ65: 불검출 | AR65: 합격
A66: 1월 | C66: 가공6 | D66: 46025 | E66: 권혜림 | F66: 1 | G66: 4 | H66: 20 | I66: 14.5 | J66: 30 | K66: 260103D020 | L66: R/T | N66: 일반 | P66: 3겹 순수 프리미엄 더 퍼스트 30m (코튼함유) | Q66: 3 | R66: 30 | S66: 적 합 | T66: 107 | U66: 113 | V66: 125 | Y66: 30.2 | Z66: 13.89 | AA66: 2699 | AB66: 1060 | AI66: 80 | AJ66: 0.5 | AK66: 양호 | AL66: 합격 | AM66: 무 | AN66: 양호 | AO66: 양호 | AP66: 무 | AQ66: 불검출 | AR66: 합격
A67: 1월 | C67: 가공3 | D67: 46025 | E67: 권혜림 | F67: 1 | G67: 4 | H67: 40 | I67: 20 | J67: 100 | K67: 251222C007 | L67: K/T | P67: 명절 요리 준비 싹쓸이 키친타월 100매 | Q67: 2 | R67: 6 | S67: 적 합 | T67: 222 | U67: 121 | V67: 109 | Y67: 100 | Z67: 19.52 | AA67: 4360 | AB67: 1370 | AK67: 양호 | AL67: 합격 | AM67: 무 | AN67: 양호 | AO67: 양호 | AP67: 무 | AQ67: 불검출 | AR67: 합격
A68: 1월 | C68: 가공6 | D68: 46026 | E68: 송지숙 | F68: 4 | I68: 14.5 | J68: 30 | K68: 무인지게차 오류 | L68: R/T | N68: 일반 | P68: 3겹 순수 프리미엄 더 퍼스트 30m (코튼함유) | Q68: 3 | R68: 30 | T68: 107 | U68: 113 | V68: 125 | W68: 122 | X68: =IFERROR((V68-W68)/V68*100,"") -> 2.4 | Y68: 30.2 | Z68: 13.75 | AA68: 3493 | AB68: 860 | AC68: 0.446 | AD68: 0.415 | AE68: 0.431 | AF68: 0.43 | AG68: 0.42 | AH68: =IFERROR(AVERAGE(AC68:AG68),"") -> 0.4284
A69: 1월 | C69: 가공3 | D69: 46026 | E69: 송지숙 | F69: 4 | I69: 13.5 | J69: 30 | K69: 품목교체 | L69: R/T | N69: 기획 | P69: 3겹 허브가든 아이리스 프리미엄 30m | Q69: 3 | R69: 30 | T69: 99 | U69: 114 | V69: 122 | W69: 119 | X69: =IFERROR((V69-W69)/V69*100,"") -> 2.4590164 | Y69: 32 | Z69: 13.34 | AA69: 2871 | AB69: 1100 | AC69: 0.409 | AD69: 0.384 | AE69: 0.4 | AF69: 0.42 | AG69: 0.393 | AH69: =IFERROR(AVERAGE(AC69:AG69),"") -> 0.4012
A70: 1월 | C70: 가공3 | D70: 46026 | E70: 송지숙 | F70: 4 | G70: 13 | H70: 20 | I70: 13.5 | J70: 30 | K70: 251231C016 | L70: R/T | N70: 기획 | P70: 3겹 허브가든 아이리스 프리미엄 30m | Q70: 3 | R70: 30 | S70: 적 합 | T70: 98 | U70: 114 | V70: 122 | Y70: 30.7 | Z70: 13.37 | AA70: 2646 | AB70: 1550 | AK70: 양호 | AL70: 합격 | AM70: 무 | AN70: 양호 | AO70: 양호 | AP70: 아이리스향 | AQ70: 불검출 | AR70: 합격
A71: 1월 | C71: 가공6 | D71: 46026 | E71: 송지숙 | F71: 4 | G71: 12 | H71: 30 | I71: 14.5 | J71: 30 | K71: 260103D015 | L71: R/T | N71: 일반 | P71: 3겹 순수 프리미엄 더 퍼스트 30m (코튼함유) | Q71: 3 | R71: 30 | S71: 적 합 | T71: 107 | U71: 114 | V71: 125 | Y71: 30.3 | Z71: 14.25 | AA71: 3012 | AB71: 940 | AK71: 양호 | AL71: 합격 | AM71: 무 | AN71: 양호 | AO71: 양호 | AP71: 무 | AQ71: 불검출 | AR71: 합격
A72: 1월 | C72: 가공3 | D72: 46026 | E72: 송지숙 | F72: 2 | G72: 16 | H72: 40 | I72: 13.5 | J72: 30 | K72: 251231C004 | L72: R/T | N72: 기획 | P72: 3겹 허브가든 아이리스 프리미엄 30m | Q72: 3 | R72: 30 | S72: 적 합 | T72: 98 | U72: 113 | V72: 121 | W72: 117 | X72: =IFERROR((V72-W72)/V72*100,"") -> 3.3057851 | Y72: 30.2 | Z72: 13 | AA72: 2974 | AB72: 1270 | AC72: 0.39 | AD72: 0.397 | AE72: 0.421 | AF72: 0.414 | AG72: 0.392 | AH72: =IFERROR(AVERAGE(AC72:AG72),"") -> 0.4028 | AK72: 양호 | AL72: 합격 | AM72: 무 | AN72: 양호 | AO72: 양호 | AP72: 아이리스향 | AQ72: 불검출 | AR72: 합격
A73: 1월 | C73: 가공6 | D73: 46026 | E73: 송지숙 | F73: 2 | G73: 16 | H73: 20 | I73: 14.5 | J73: 30 | K73: 260103D017 | L73: R/T | N73: 일반 | P73: 3겹 순수 프리미엄 더 퍼스트 30m (코튼함유) | Q73: 3 | R73: 30 | S73: 적 합 | T73: 107 | U73: 114 | V73: 125 | W73: 122 | X73: =IFERROR((V73-W73)/V73*100,"") -> 2.4 | Y73: 30.3 | Z73: 14.13 | AA73: 3195 | AB73: 1140 | AC73: 0.443 | AD73: 0.452 | AE73: 0.432 | AF73: 0.438 | AG73: 0.434 | AH73: =IFERROR(AVERAGE(AC73:AG73),"") -> 0.4398 | AK73: 양호 | AL73: 합격 | AM73: 무 | AN73: 양호 | AO73: 양호 | AP73: 무 | AQ73: 불검출 | AR73: 합격
A74: 1월 | C74: 가공6 | D74: 46026 | E74: 권혜림 | F74: 2 | G74: 20 | H74: 10 | I74: 14.5 | J74: 30 | K74: 260103D005 | L74: R/T | N74: 일반 | P74: 3겹 순수 프리미엄 더 퍼스트 30m (코튼함유) | Q74: 3 | R74: 30 | S74: 적 합 | T74: 107 | U74: 113 | V74: 125 | Y74: 30.3 | Z74: 13.98 | AA74: 2279 | AB74: 1270 | AI74: 90 | AJ74: 0.6 | AK74: 양호 | AL74: 합격 | AM74: 무 | AN74: 양호 | AO74: 양호 | AP74: 무 | AQ74: 불검출 | AR74: 합격
A75: 1월 | C75: 가공3 | D75: 46026 | E75: 권혜림 | F75: 2 | G75: 20 | H75: 30 | I75: 13.5 | J75: 30 | K75: 251231C020 | L75: R/T | N75: 기획 | P75: 3겹 허브가든 아이리스 프리미엄 30m | Q75: 3 | R75: 30 | S75: 적 합 | T75: 98 | U75: 113 | V75: 121 | Y75: 30.2 | Z75: 13.04 | AA75: 3166 | AB75: 1310 | AI75: 60 | AJ75: 0.8 | AK75: 양호 | AL75: 합격 | AM75: 무 | AN75: 양호 | AO75: 양호 | AP75: 아이리스향 | AQ75: 불검출 | AR75: 합격
A76: 1월 | C76: 가공3 | D76: 46026 | E76: 권혜림 | F76: 1 | G76: 24 | H76: 0 | I76: 13.5 | J76: 30 | K76: 251231C014 | L76: R/T | N76: 기획 | P76: 3겹 허브가든 아이리스 프리미엄 30m | Q76: 3 | R76: 30 | S76: 적 합 | T76: 98 | U76: 113 | V76: 121 | W76: 117 | X76: =IFERROR((V76-W76)/V76*100,"") -> 3.3057851 | Y76: 30.1 | Z76: 12.92 | AA76: 3459 | AB76: 1320 | AC76: 0.391 | AD76: 0.385 | AE76: 0.406 | AF76: 0.359 | AG76: 0.411 | AH76: =IFERROR(AVERAGE(AC76:AG76),"") -> 0.3904 | AK76: 양호 | AL76: 합격 | AM76: 무 | AN76: 양호 | AO76: 양호 | AP76: 아이리스향 | AQ76: 불검출 | AR76: 합격
A77: 1월 | C77: 가공6 | D77: 46026 | E77: 권혜림 | F77: 1 | G77: 24 | H77: 20 | I77: 13.5 | J77: 30 | K77: 251228D024 | L77: R/T | N77: 일반 | P77: 3겹 순수 프리미엄 더 퍼스트 30m (코튼함유) | Q77: 3 | R77: 30 | S77: 적 합 | T77: 106 | U77: 113 | V77: 125 | W77: 122 | X77: =IFERROR((V77-W77)/V77*100,"") -> 2.4 | Y77: 30.3 | Z77: 14.1 | AA77: 3214 | AB77: 1120 | AC77: 0.421 | AD77: 0.445 | AE77: 0.425 | AF77: 0.428 | AG77: 0.445 | AH77: =IFERROR(AVERAGE(AC77:AG77),"") -> 0.4328 | AK77: 양호 | AL77: 합격 | AM77: 무 | AN77: 양호 | AO77: 양호 | AP77: 무 | AQ77: 불검출 | AR77: 합격
A78: 1월 | C78: 가공6 | D78: 46026 | E78: 권혜림 | F78: 1 | G78: 4 | H78: 0 | I78: 14.5 | J78: 30 | K78: 260104D030 | L78: R/T | N78: 일반 | P78: 3겹 순수 프리미엄 더 퍼스트 30m (코튼함유) | Q78: 3 | R78: 30 | S78: 적 합 | T78: 107 | U78: 114 | V78: 125 | Y78: 30.3 | Z78: 14.15 | AA78: 2720 | AB78: 720 | AI78: 100 | AJ78: 0.6 | AK78: 양호 | AL78: 합격 | AM78: 무 | AN78: 양호 | AO78: 양호 | AP78: 무 | AQ78: 불검출 | AR78: 합격
A79: 1월 | C79: 가공3 | D79: 46026 | E79: 권혜림 | F79: 1 | G79: 4 | H79: 20 | I79: 13.5 | J79: 30 | K79: 251231C001 | L79: R/T | N79: 기획 | P79: 3겹 허브가든 아이리스 프리미엄 30m | Q79: 3 | R79: 30 | S79: 적 합 | T79: 98 | U79: 113 | V79: 121 | Y79: 30.1 | Z79: 13.28 | AA79: 3223 | AB79: 1250 | AI79: 40 | AJ79: 0.7 | AK79: 양호 | AL79: 합격 | AM79: 무 | AN79: 양호 | AO79: 양호 | AP79: 아이리스향 | AQ79: 불검출 | AR79: 합격
A80: 1월 | C80: 가공3 | D80: 46027 | E80: 송지숙 | F80: 3 | G80: 7 | H80: 40 | I80: 13.5 | J80: 30 | K80: 251231C007 | L80: R/T | N80: 기획 | P80: 3겹 허브가든 아이리스 프리미엄 30m | Q80: 3 | R80: 30 | S80: 적 합 | T80: 98 | U80: 113 | V80: 121 | W80: 117 | X80: =IFERROR((V80-W80)/V80*100,"") -> 3.3057851 | Y80: 30.2 | Z80: 13 | AA80: 3627 | AB80: 1470 | AC80: 0.413 | AD80: 0.411 | AE80: 0.392 | AF80: 0.419 | AG80: 0.398 | AH80: =IFERROR(AVERAGE(AC80:AG80),"") -> 0.4066 | AK80: 양호 | AL80: 합격 | AM80: 무 | AN80: 양호 | AO80: 양호 | AP80: 아이리스향 | AQ80: 불검출 | AR80: 합격
A81: 1월 | C81: 가공6 | D81: 46027 | E81: 송지숙 | F81: 3 | G81: 8 | H81: 10 | I81: 14.5 | J81: 30 | K81: 260104D032 | L81: R/T | N81: 일반 | P81: 3겹 순수 프리미엄 더 퍼스트 30m (코튼함유) | Q81: 3 | R81: 30 | S81: 적 합 | T81: 106 | U81: 114 | V81: 125 | W81: 122 | X81: =IFERROR((V81-W81)/V81*100,"") -> 2.4 | Y81: 30.3 | Z81: 13.16 | AA81: 3046 | AB81: 1050 | AC81: 0.44 | AD81: 0.442 | AE81: 0.407 | AF81: 0.459 | AG81: 0.43 | AH81: =IFERROR(AVERAGE(AC81:AG81),"") -> 0.4356 | AK81: 양호 | AL81: 합격 | AM81: 무 | AN81: 양호 | AO81: 양호 | AP81: 무 | AQ81: 불검출 | AR81: 합격
A82: 1월 | C82: 가공4 | D82: 46025 | P82: (1/3~1/4) 편제 운휴
A83: 1월 | C83: 가공4 | D83: 46027 | E83: 송지숙 | F83: 3 | G83: 9 | H83: 50 | I83: 15.5 | J83: 50 | K83: 260102B012 | L83: R/T | M83: 고지 | N83: 일반 | P83: 깨끗한나라 2겹 에코베이직 50m | Q83: 2 | R83: 30 | S83: 적 합 | T83: 98 | U83: 114 | V83: 127 | W83: 125 | X83: =IFERROR((V83-W83)/V83*100,"") -> 1.5748031 | Y83: 51.5 | Z83: 15.48 | AA83: 2023 | AB83: 830 | AC83: 0.37 | AD83: 0.34 | AE83: 0.393 | AF83: 0.349 | AG83: 0.336 | AH83: =IFERROR(AVERAGE(AC83:AG83),"") -> 0.3576 | AK83: 양호 | AL83: 합격 | AM83: 무 | AN83: 양호 | AO83: 양호 | AP83: 무 | AR83: 합격
A84: 1월 | C84: 가공5 | D84: 46025 | P84: (1/3~1/4) 편제 운휴 | X84: =IFERROR((V84-W84)/V84*100,"") | AH84: =IFERROR(AVERAGE(AC84:AG84),"")
A85: 1월 | C85: 가공5 | D85: 46027 | E85: 송지숙 | F85: 3 | G85: 9 | H85: 30 | I85: 14 | J85: 27 | K85: 251224C031 | L85: R/T | N85: 일반 | P85: 3겹 순수 시그니처 27m (N) | Q85: 3 | R85: 30 | S85: 적 합 | T85: 96 | U85: 113 | V85: 118 | W85: 113 | X85: =IFERROR((V85-W85)/V85*100,"") -> 4.2372881 | Y85: 27.6 | Z85: 14.04 | AA85: 3234 | AB85: 1120 | AC85: 0.411 | AD85: 0.391 | AE85: 0.373 | AF85: 0.369 | AG85: 0.386 | AH85: =IFERROR(AVERAGE(AC85:AG85),"") -> 0.386 | AK85: 양호 | AL85: 합격 | AM85: 무 | AN85: 양호 | AO85: 양호 | AP85: 무 | AQ85: 불검출 | AR85: 합격
A86: 1월 | C86: 가공6 | D86: 46027 | E86: 송지숙 | F86: 3 | G86: 12 | H86: 20 | I86: 14.5 | J86: 30 | K86: 260105D001 | L86: R/T | N86: 일반 | P86: 3겹 순수 프리미엄 더 퍼스트 30m (코튼함유) | Q86: 3 | R86: 30 | S86: 적 합 | T86: 107 | U86: 114 | V86: 125 | Y86: 30.3 | Z86: 13.92 | AA86: 3078 | AB86: 1070 | AH86: =IFERROR(AVERAGE(AC86:AG86),"") | AK86: 양호 | AL86: 합격 | AM86: 무 | AN86: 양호 | AO86: 양호 | AP86: 무 | AQ86: 불검출 | AR86: 합격
A87: 1월 | C87: 가공3 | D87: 46027 | E87: 송지숙 | F87: 3 | G87: 12 | H87: 0 | I87: 13.5 | J87: 30 | K87: 251231C005 | L87: R/T | N87: 기획 | P87: 3겹 허브가든 아이리스 프리미엄 30m | Q87: 3 | R87: 30 | S87: 적 합 | T87: 99 | U87: 113 | V87: 121 | Y87: 30.1 | Z87: 12.94 | AA87: 3629 | AB87: 1350 | AK87: 양호 | AL87: 합격 | AM87: 무 | AN87: 양호 | AO87: 양호 | AP87: 아이리스향 | AQ87: 불검출 | AR87: 합격
A88: 1월 | C88: 가공4 | D88: 46027 | E88: 송지숙 | F88: 3 | G88: 13 | H88: 30 | I88: 15.5 | J88: 50 | K88: 260102B028 | L88: R/T | M88: 고지 | N88: 일반 | P88: 깨끗한나라 2겹 에코베이직 50m | Q88: 2 | R88: 30 | S88: 적 합 | T88: 98 | U88: 114 | V88: 127 | Y88: 51.1 | Z88: 16.04 | AA88: 2315 | AB88: 910 | AK88: 양호 | AL88: 합격 | AM88: 무 | AN88: 양호 | AO88: 양호 | AP88: 무 | AR88: 합격
A89: 1월 | C89: 가공5 | D89: 46027 | E89: 송지숙 | F89: 3 | G89: 13 | H89: 10 | I89: 14 | J89: 27 | K89: 251224C029 | L89: R/T | N89: 일반 | P89: 3겹 순수 시그니처 27m (N) | Q89: 3 | R89: 30 | S89: 적 합 | T89: 96 | U89: 112 | V89: 118 | Y89: 27.3 | Z89: 14.01 | AA89: 2768 | AB89: 750 | AK89: 양호 | AL89: 합격 | AM89: 무 | AN89: 양호 | AO89: 양호 | AP89: 무 | AQ89: 불검출 | AR89: 합격
A90: 1월 | C90: 가공6 | D90: 46027 | E90: 송지숙 | F90: 2 | G90: 16 | H90: 10 | I90: 14.5 | J90: 30 | K90: 260105D005 | L90: R/T | N90: 일반 | P90: 3겹 순수 프리미엄 더 퍼스트 30m (코튼함유) | Q90: 3 | R90: 30 | S90: 적 합 | T90: 107 | U90: 114 | V90: 125 | W90: 122 | X90: =IFERROR((V90-W90)/V90*100,"") -> 2.4 | Y90: 30.3 | Z90: 14.23 | AA90: 3435 | AB90: 920 | AC90: 0.453 | AD90: 0.433 | AE90: 0.45 | AF90: 0.434 | AG90: 0.433 | AH90: =IFERROR(AVERAGE(AC90:AG90),"") -> 0.4406 | AK90: 양호 | AL90: 합격 | AM90: 무 | AN90: 양호 | AO90: 양호 | AP90: 무 | AQ90: 불검출 | AR90: 합격
A91: 1월 | C91: 가공3 | D91: 46027 | E91: 송지숙 | F91: 2 | G91: 15 | H91: 40 | I91: 13.5 | J91: 30 | K91: 251230C029 | L91: R/T | N91: 기획 | P91: 3겹 허브가든 아이리스 프리미엄 30m | Q91: 3 | R91: 30 | S91: 적 합 | T91: 98 | U91: 113 | V91: 121 | W91: 117 | X91: =IFERROR((V91-W91)/V91*100,"") -> 3.3057851 | Y91: 30.2 | Z91: 13.16 | AA91: 2749 | AB91: 1260 | AC91: 0.404 | AD91: 0.393 | AE91: 0.416 | AF91: 0.394 | AG91: 0.407 | AH91: =IFERROR(AVERAGE(AC91:AG91),"") -> 0.4028 | AK91: 양호 | AL91: 합격 | AM91: 무 | AN91: 양호 | AO91: 양호 | AP91: 아이리스향 | AQ91: 불검출 | AR91: 합격
A92: 1월 | C92: 가공4 | D92: 46027 | E92: 송지숙 | F92: 2 | G92: 17 | H92: 0 | I92: 15.5 | J92: 50 | K92: 260105B007 | L92: R/T | M92: 고지 | N92: 일반 | P92: 깨끗한나라 2겹 에코베이직 50m | Q92: 2 | R92: 30 | S92: 적 합 | T92: 97 | U92: 114 | V92: 126 | W92: 124 | X92: =IFERROR((V92-W92)/V92*100,"") -> 1.5873016 | Y92: 51.1 | Z92: 15.88 | AA92: 2283 | AB92: 690 | AC92: 0.391 | AD92: 0.355 | AE92: 0.373 | AF92: 0.374 | AG92: 0.364 | AH92: =IFERROR(AVERAGE(AC92:AG92),"") -> 0.3714 | AK92: 양호 | AL92: 합격 | AM92: 무 | AN92: 양호 | AO92: 양호 | AP92: 무 | AR92: 합격
A93: 1월 | C93: 가공5 | D93: 46027 | E93: 송지숙 | F93: 2 | G93: 16 | H93: 40 | I93: 14 | J93: 27 | K93: 251224C024 | L93: R/T | N93: 일반 | P93: 3겹 순수 시그니처 27m (N) | Q93: 3 | R93: 30 | S93: 적 합 | T93: 96 | U93: 112 | V93: 117 | W93: 112 | X93: =IFERROR((V93-W93)/V93*100,"") -> 4.2735043 | Y93: 27.2 | Z93: 14.12 | AA93: 2673 | AB93: 1100 | AC93: 0.4 | AD93: 0.409 | AE93: 0.385 | AF93: 0.411 | AG93: 0.405 | AH93: =IFERROR(AVERAGE(AC93:AG93),"") -> 0.402 | AK93: 양호 | AL93: 합격 | AM93: 무 | AN93: 양호 | AO93: 양호 | AP93: 무 | AQ93: 불검출 | AR93: 합격
A94: 1월 | C94: 가공3 | D94: 46027 | E94: 권혜림 | F94: 2 | G94: 20 | H94: 10 | I94: 13.5 | J94: 30 | K94: 251231C004 | L94: R/T | N94: 기획 | P94: 3겹 허브가든 아이리스 프리미엄 30m | Q94: 3 | R94: 30 | S94: 적 합 | T94: 98 | U94: 112 | V94: 121 | Y94: 30 | Z94: 13.57 | AA94: 2380 | AB94: 1160 | AI94: 60 | AJ94: 0.5 | AK94: 양호 | AL94: 합격 | AM94: 무 | AN94: 양호 | AO94: 양호 | AP94: 아이리스향 | AQ94: 불검출 | AR94: 합격
A95: 1월 | C95: 가공6 | D95: 46027 | E95: 권혜림 | F95: 2 | G95: 21 | H95: 10 | I95: 14.5 | J95: 40 | K95: 260105D010 | L95: R/T | N95: 일반 | P95: 3겹 순수 프리미엄 수퍼롱 40m | Q95: 3 | R95: 30 | S95: 적 합 | T95: 107 | U95: 113 | V95: 134 | Y95: 40 | Z95: 14.23 | AA95: 2941 | AB95: 730 | AI95: 110 | AJ95: 0.5 | AK95: 양호 | AL95: 합격 | AM95: 무 | AN95: 양호 | AO95: 양호 | AP95: 무 | AQ95: 불검출 | AR95: 합격
A96: 1월 | C96: 가공4 | D96: 46027 | E96: 권혜림 | F96: 2 | G96: 21 | H96: 30 | I96: 15.5 | J96: 50 | K96: 260105B008 | L96: R/T | M96: 고지 | N96: 일반 | P96: 깨끗한나라 2겹 에코베이직 50m | Q96: 2 | R96: 30 | S96: 적 합 | T96: 98 | U96: 114 | V96: 127 | Y96: 51.3 | Z96: 16.23 | AA96: 2051 | AB96: 960 | AI96: 50 | AJ96: 1.5 | AK96: 양호 | AL96: 불합격 | AM96: 무 | AN96: 양호 | AO96: 양호 | AP96: 무 | AR96: 합격
A97: 1월 | C97: 가공5 | D97: 46027 | E97: 권혜림 | F97: 2 | G97: 21 | H97: 50 | I97: 14 | J97: 27 | K97: 251224C023 | L97: R/T | N97: 일반 | P97: 3겹 순수 시그니처 27m (N) | Q97: 3 | R97: 30 | S97: 적 합 | T97: 96 | U97: 112 | V97: 118 | Y97: 27.3 | Z97: 14.09 | AA97: 2551 | AB97: 1000 | AI97: 40 | AJ97: 1 | AK97: 양호 | AL97: 합격 | AM97: 무 | AN97: 양호 | AO97: 양호 | AP97: 무 | AQ97: 불검출 | AR97: 합격
A98: 1월 | C98: 가공6 | D98: 46027 | E98: 권혜림 | F98: 1 | G98: 23 | H98: 50 | I98: 14.5 | J98: 40 | K98: 260105D017 | L98: R/T | N98: 일반 | P98: 3겹 순수 프리미엄 수퍼롱 40m | Q98: 3 | R98: 30 | S98: 적 합 | T98: 107 | U98: 114 | V98: 135 | W98: 132 | X98: =IFERROR((V98-W98)/V98*100,"") -> 2.2222222 | Y98: 40.2 | Z98: 14.68 | AA98: 3611 | AB98: 660 | AC98: 0.427 | AD98: 0.421 | AE98: 0.413 | AF98: 0.425 | AG98: 0.423 | AH98: =IFERROR(AVERAGE(AC98:AG98),"") -> 0.4218 | AK98: 양호 | AL98: 합격 | AM98: 무 | AN98: 양호 | AO98: 양호 | AP98: 무 | AQ98: 불검출 | AR98: 합격
A99: 1월 | C99: 가공3 | D99: 46027 | E99: 권혜림 | F99: 1 | G99: 24 | H99: 30 | I99: 13.5 | J99: 30 | K99: 251102C003 | L99: R/T | N99: 기획 | P99: 3겹 허브가든 아이리스 프리미엄 30m | Q99: 3 | R99: 30 | S99: 적 합 | T99: 98 | U99: 113 | V99: 122 | W99: 117 | X99: =IFERROR((V99-W99)/V99*100,"") -> 4.0983607 | Y99: 30.3 | Z99: 13.51 | AA99: 3043 | AB99: 1490 | AC99: 0.378 | AD99: 0.412 | AE99: 0.384 | AF99: 0.381 | AG99: 0.381 | AH99: =IFERROR(AVERAGE(AC99:AG99),"") -> 0.3872 | AK99: 양호 | AL99: 합격 | AM99: 무 | AN99: 양호 | AO99: 양호 | AP99: 아이리스향 | AQ99: 불검출 | AR99: 합격
A100: 1월 | C100: 가공5 | D100: 46027 | E100: 권혜림 | F100: 1 | G100: 1 | H100: 40 | I100: 14 | J100: 27 | K100: 251224C017 | L100: R/T | N100: 일반 | P100: 3겹 순수 시그니처 27m (N) | Q100: 3 | R100: 30 | S100: 적 합 | T100: 96 | U100: 112 | V100: 118 | Y100: 27.1 | Z100: 14.29 | AA100: 2793 | AB100: 1030 | AC100: 0.402 | AD100: 0.419 | AE100: 0.419 | AF100: 0.431 | AG100: 0.404 | AH100: =IFERROR(AVERAGE(AC100:AG100),"") -> 0.415 | AK100: 양호 | AL100: 합격 | AM100: 무 | AN100: 양호 | AO100: 양호 | AP100: 무 | AQ100: 불검출 | AR100: 합격
A101: 1월 | C101: 가공6 | D101: 46027 | E101: 권혜림 | F101: 1 | G101: 4 | H101: 0 | I101: 14.5 | J101: 40 | K101: 260105D006 | L101: R/T | N101: 일반 | P101: 3겹 순수 프리미엄 수퍼롱 40m | Q101: 3 | R101: 30 | S101: 적 합 | T101: 107 | U101: 115 | V101: 134 | Y101: 40.2 | Z101: 14.17 | AA101: 2887 | AB101: 730 | AI101: 60 | AJ101: 0.6 | AK101: 양호 | AL101: 합격 | AM101: 무 | AN101: 양호 | AO101: 양호 | AP101: 무 | AQ101: 불검출 | AR101: 합격
...

Sheet TEST
B1: MACH_CD | C1: MACH_NM | D1: MSRM_DATE | E1: MSRM_NM | F1: WRK_CLASS | G1: TIME_HOUR | H1: TIME_MIN | K1: LOT_NO | L1: MATNR | M1: MATNR_NM | N1: MACH_CD_TRA | O1: MACH_NM_TRA | Q1: WIDTH | R1: BS_WGT | S1: WHITE | T1: BURST | Y1: MD | Z1: CD | AA1: WET_CD | AB1: ABSORB | AH1: ELONG | AI1: THICK | AJ1: WET_SOLVE | AK1: AIR_PERM | AL1: PINHOLE | AM1: SPOT | AN1: FLUORO | AO1: FNL_JDGM | AP1: RMK
K2: 12345
