Workbook

Sheet 1
B1: ◈ 원질4호기 원료처리 작업 일지 | AM1: NBKP | AO1: LBKP
B2: 1. 원료 처리 현황 | Z2: 2026 년 01 월 01 일 | AK2: 데코 | AM2: 브라츠크 | AO2: Acacia
B3: 구분 | D3: 기준 중량 (kg) | E3: 전일 재공량 | F3: 금일 재공량 | G3: 일 원료 처리량 | H3: 오전( 반) | N3: 오후( 반) | T3: 야간( 반) | Z3: 합계 | AK3: K/T | AM3: WET PULP | AO3: 수자노
H4: 데코 | N4: 데코 | T4: 데코 | Z4: 데코 | AK4: 0 | AM4: 멧자 | AO4: 아카시아APP
H5: Bale | I5: 중량 | J5: Bale | K5: 중량 | L5: Bale | M5: 중량 | N5: Bale | O5: 중량 | P5: Bale | Q5: 중량 | R5: Bale | S5: 중량 | T5: Bale | U5: 중량 | V5: Bale | W5: 중량 | X5: Bale | Y5: 중량 | Z5: 합계 | AA5: 배합비 | AB5: 합계 | AC5: 배합비 | AD5: 합계 | AE5: 배합비 | AK5: 0 | AM5: PCMC | AO5: Santafe
B6: LBKP | C6: Guaiba | D6: 247 | G6: =SUM(Z6,AB6,AD6) -> 0 | I6: =H6*D6 -> 0 | K6: =D6*J6 -> 0 | M6: =D6*L6 -> 0 | O6: =D6*N6 -> 0 | Q6: =D6*P6 -> 0 | S6: =D6*R6 -> 0 | U6: =D6*T6 -> 0 | W6: =D6*V6 -> 0 | Y6: =D6*X6 -> 0 | Z6: =SUM(I6,O6,U6) -> 0 | AA6: =IFERROR(Z10/Z16,"") -> 0.91697232 | AB6: =SUM(K6,Q6,W6) -> 0 | AC6: =IFERROR(AB10/AB16,"") | AD6: =SUM(M6,S6,Y6) -> 0 | AE6: =IFERROR(AD10/AD16,"") | AF6: 비데원지 | AM6: Pacifico | AO6: Guaiba
C7: WET(LBKP) | D7: 137 | G7: =SUM(Z7,AB7,AD7) -> 0 | I7: =H7*D7 -> 0 | K7: =D7*J7 -> 0 | M7: =D7*L7 -> 0 | O7: =D7*N7 -> 0 | Q7: =D7*P7 -> 0 | S7: =D7*R7 -> 0 | U7: =D7*T7 -> 0 | W7: =D7*V7 -> 0 | Y7: =D7*X7 -> 0 | Z7: =SUM(I7,O7,U7) -> 0 | AB7: =SUM(K7,Q7,W7) -> 0 | AD7: =SUM(M7,S7,Y7) -> 0 | AF7: 미용티슈 | AM7: Ilimsk | AO7: WET(LBKP)
C8: Acacia | D8: 250 | G8: =SUM(Z8,AB8,AD8) -> 49500 | H8: 66 | I8: =H8*D8 -> 16500 | K8: =D8*J8 -> 0 | M8: =D8*L8 -> 0 | N8: 66 | O8: =D8*N8 -> 16500 | Q8: =D8*P8 -> 0 | S8: =D8*R8 -> 0 | T8: 66 | U8: =D8*T8 -> 16500 | W8: =D8*V8 -> 0 | Y8: =D8*X8 -> 0 | Z8: =SUM(I8,O8,U8) -> 49500 | AB8: =SUM(K8,Q8,W8) -> 0 | AD8: =SUM(M8,S8,Y8) -> 0 | AF8: 3R | AM8: 크라프튼 | AO8: 0
C9: 수자노 | D9: 249 | G9: =SUM(Z9,AB9,AD9) -> 0 | I9: =H9*D9 -> 0 | K9: =D9*J9 -> 0 | M9: =D9*L9 -> 0 | O9: =D9*N9 -> 0 | Q9: =D9*P9 -> 0 | S9: =D9*R9 -> 0 | U9: =D9*T9 -> 0 | W9: =D9*V9 -> 0 | Y9: =D9*X9 -> 0 | Z9: =SUM(I9,O9,U9) -> 0 | AB9: =SUM(K9,Q9,W9) -> 0 | AD9: =SUM(M9,S9,Y9) -> 0 | AM9: 비랄 | AO9: 0
C10: 소계 | E10: =SUM(E6:E9) -> 0 | F10: =SUM(F6:F9) -> 0 | G10: =SUM(G6:G9) -> 49500 | I10: =SUM(I6:I9) -> 16500 | K10: =SUM(K6:K9) -> 0 | M10: =SUM(M6:M9) -> 0 | O10: =SUM(O6:O9) -> 16500 | Q10: =SUM(Q6:Q9) -> 0 | S10: =SUM(S6:S9) -> 0 | U10: =SUM(U6:U9) -> 16500 | W10: =SUM(W6:W9) -> 0 | Y10: =SUM(Y6:Y9) -> 0 | Z10: =SUM(Z6:Z9) -> 49500 | AB10: =SUM(AB6:AB9) -> 0 | AD10: =SUM(AD6:AD9) -> 0 | AM10: Arauco | AO10: 0
B11: NBKP | C11: 피스리버 | G11: =SUM(Z11,AB11,AD11) -> 0 | I11: =H11*D11 -> 0 | K11: =D11*J11 -> 0 | M11: =D11*L11 -> 0 | O11: =D11*N11 -> 0 | Q11: =D11*P11 -> 0 | S11: =D11*R11 -> 0 | U11: =D11*T11 -> 0 | W11: =D11*V11 -> 0 | Y11: =D11*X11 -> 0 | Z11: =SUM(I11,O11,U11) -> 0 | AA11: =IFERROR(1-AA6,"") -> 0.083027676 | AB11: =SUM(K11,Q11,W11) -> 0 | AC11: =IFERROR(1-AC6,"") | AD11: =SUM(M11,S11,Y11) -> 0 | AE11: =IFERROR(1-AE6,"") | AM11: 하우사운드
C12: Ilimsk | G12: =SUM(Z12,AB12,AD12) -> 0 | I12: =H12*D12 -> 0 | K12: =D12*J12 -> 0 | M12: =D12*L12 -> 0 | O12: =D12*N12 -> 0 | Q12: =D12*P12 -> 0 | S12: =D12*R12 -> 0 | U12: =D12*T12 -> 0 | W12: =D12*V12 -> 0 | Y12: =D12*X12 -> 0 | Z12: =SUM(I12,O12,U12) -> 0 | AB12: =SUM(K12,Q12,W12) -> 0 | AD12: =SUM(M12,S12,Y12) -> 0 | AM12: 일림
C13: 멧자 | D13: 249 | G13: =SUM(Z13,AB13,AD13) -> 4482 | H13: 6 | I13: =H13*D13 -> 1494 | K13: =D13*J13 -> 0 | M13: =D13*L13 -> 0 | N13: 6 | O13: =D13*N13 -> 1494 | Q13: =D13*P13 -> 0 | S13: =D13*R13 -> 0 | T13: 6 | U13: =D13*T13 -> 1494 | W13: =D13*V13 -> 0 | Y13: =D13*X13 -> 0 | Z13: =SUM(I13,O13,U13) -> 4482 | AB13: =SUM(K13,Q13,W13) -> 0 | AD13: =SUM(M13,S13,Y13) -> 0 | AM13: 피스리버
C14: WET PULP | D14: 150 | G14: =SUM(Z14,AB14,AD14) -> 0 | I14: =H14*D14 -> 0 | K14: =D14*J14 -> 0 | M14: =D14*L14 -> 0 | O14: =D14*N14 -> 0 | Q14: =D14*P14 -> 0 | S14: =D14*R14 -> 0 | U14: =D14*T14 -> 0 | W14: =D14*V14 -> 0 | Y14: =D14*X14 -> 0 | Z14: =SUM(I14,O14,U14) -> 0 | AB14: =SUM(K14,Q14,W14) -> 0 | AD14: =SUM(M14,S14,Y14) -> 0
C15: 소계 | E15: =SUM(E11:E14) -> 0 | F15: =SUM(F11:F14) -> 0 | G15: =SUM(G11:G14) -> 4482 | I15: =SUM(I11:I14) -> 1494 | K15: =SUM(K11:K14) -> 0 | M15: =SUM(M11:M14) -> 0 | O15: =SUM(O11:O14) -> 1494 | Q15: =SUM(Q11:Q14) -> 0 | S15: =SUM(S11:S14) -> 0 | U15: =SUM(U11:U14) -> 1494 | W15: =SUM(W11:W14) -> 0 | Y15: =SUM(Y11:Y14) -> 0 | Z15: =SUM(Z11:Z14) -> 4482 | AB15: =SUM(AB11:AB14) -> 0 | AD15: =SUM(AD11:AD14) -> 0
B16: 펄프 합계 | E16: =SUM(E15,E10) -> 0 | F16: =SUM(F15,F10) -> 0 | G16: =SUM(G10,G15) -> 53982 | H16: =SUM(H15,H10) -> 0 | I16: =SUM(I15,I10) -> 17994 | J16: =SUM(J15,J10) -> 0 | K16: =SUM(K15,K10) -> 0 | L16: =SUM(L15,L10) -> 0 | M16: =SUM(M15,M10) -> 0 | N16: =SUM(N15,N10) -> 0 | O16: =SUM(O15,O10) -> 17994 | ... Z16: =SUM(Z15,Z10) -> 53982 | AB16: =SUM(AB15,AB10) -> 0 | AD16: =SUM(AD15,AD10) -> 0
B27: 2. 원료 관리 현황
B28: 구분 | D28: 펄프 종류 | G28: N-PULP(Soft Wood) | Q28: L-PULP(Hard Wood) | AA28: 비고
D29: 브랜드 명 | G29: 피스리버 | I29: 멧자 | M29: 일림 | O29: WET PULP | S29: Guaiba | U29: 수자노 | W29: WET(LBKP) | Y29: 아카시아APP
D30: 전일 이월량 | I30: 10 | Y30: 95
B31: 오전 | D31: 입고량 | I31: 16 | Y31: 192
D32: 사용량 | I32: 6 | Y32: 66
D33: 재고량
B34: 오후 | D34: 입고량
D35: 사용량 | I35: 6 | Y35: 66
D36: 재고량
B37: 야간 | D37: 입고량
D38: 사용량 | I38: 6 | Y38: 66
D39: 재고량
B40: 펄프 합계 | D40: 총 사용량 | G40: =SUM(G32,G35,G38) -> 0 | I40: =SUM(I32,I35,I38) -> 18 | K40: =SUM(K32,K35,K38) -> 0 | M40: =SUM(M32,M35,M38) -> 0 | O40: =SUM(O32,O35,O38) -> 0 | Q40: =SUM(Q32,Q35,Q38) -> 0 | S40: =SUM(S32,S35,S38) -> 0 | U40: =SUM(U32,U35,U38) -> 0 | W40: =SUM(W32,W35,W38) -> 0 | Y40: =SUM(Y32,Y35,Y38) -> 198
D41: 총 거래 수량 | G41: =SUM(G30,G31,G34,G37) -> 0 | I41: =SUM(I30,I31,I34,I37) -> 26 | K41: =SUM(K30,K31,K34,K37) -> 0 | M41: =SUM(M30,M31,M34,M37) -> 0 | O41: =SUM(O30,O31,O34,O37) -> 0 | Q41: =SUM(Q30,Q31,Q34,Q37) -> 0 | S41: =SUM(S30,S31,S34,S37) -> 0 | U41: =SUM(U30,U31,U34,U37) -> 0 | W41: =SUM(W30,W31,W34,W37) -> 0 | Y41: =SUM(Y30,Y31,Y34,Y37) -> 287
D42: 재고량 | G42: =G41-G40 -> 0 | I42: =I41-I40 -> 8 | K42: =K41-K40 -> 0 | M42: =M41-M40 -> 0 | O42: =O41-O40 -> 0 | Q42: =Q41-Q40 -> 0 | S42: =S41-S40 -> 0 | U42: =U41-U40 -> 0 | W42: =W41-W40 -> 0 | Y42: =Y41-Y40 -> 89

Sheet 2
B1: ◈ 원질4호기 원료처리 작업 일지 | AM1: NBKP | AO1: LBKP
B2: 1. 원료 처리 현황 | Z2: 2026 년 01 월 02 일 | AK2: 데코 | AM2: 브라츠크 | AO2: Acacia
B3: 구분 | D3: 기준 중량 (kg) | E3: 전일 재공량 | F3: 금일 재공량 | G3: 일 원료 처리량 | H3: 오전( 반) | N3: 오후( 반) | T3: 야간( 반) | Z3: 합계 | AK3: K/T | AM3: WET PULP | AO3: 수자노
H4: 데코 | N4: 데코 | T4: 데코 | Z4: 데코 | AK4: 0 | AM4: 멧자 | AO4: 아카시아APP
H5: Bale | I5: 중량 | J5: Bale | K5: 중량 | L5: Bale | M5: 중량 | N5: Bale | O5: 중량 | P5: Bale | Q5: 중량 | R5: Bale | S5: 중량 | T5: Bale | U5: 중량 | V5: Bale | W5: 중량 | X5: Bale | Y5: 중량 | Z5: 합계 | AA5: 배합비 | AB5: 합계 | AC5: 배합비 | AD5: 합계 | AE5: 배합비 | AK5: 0 | AM5: PCMC | AO5: Santafe
B6: LBKP | C6: Guaiba | D6: 247 | G6: =SUM(Z6,AB6,AD6) -> 0 | I6: =H6*D6 -> 0 | K6: =D6*J6 -> 0 | M6: =D6*L6 -> 0 | O6: =D6*N6 -> 0 | Q6: =D6*P6 -> 0 | S6: =D6*R6 -> 0 | U6: =D6*T6 -> 0 | W6: =D6*V6 -> 0 | Y6: =D6*X6 -> 0 | Z6: =SUM(I6,O6,U6) -> 0 | AA6: =IFERROR(Z10/Z16,"") -> 0.91697232 | AB6: =SUM(K6,Q6,W6) -> 0 | AC6: =IFERROR(AB10/AB16,"") | AD6: =SUM(M6,S6,Y6) -> 0 | AE6: =IFERROR(AD10/AD16,"") | AF6: 비데원지 | AM6: Pacifico | AO6: Guaiba
C7: WET(LBKP) | D7: 137 | G7: =SUM(Z7,AB7,AD7) -> 0 | I7: =H7*D7 -> 0 | K7: =D7*J7 -> 0 | M7: =D7*L7 -> 0 | O7: =D7*N7 -> 0 | Q7: =D7*P7 -> 0 | S7: =D7*R7 -> 0 | U7: =D7*T7 -> 0 | W7: =D7*V7 -> 0 | Y7: =D7*X7 -> 0 | Z7: =SUM(I7,O7,U7) -> 0 | AB7: =SUM(K7,Q7,W7) -> 0 | AD7: =SUM(M7,S7,Y7) -> 0 | AF7: 미용티슈 | AM7: Ilimsk | AO7: WET(LBKP)
C8: Acacia | D8: 250 | G8: =SUM(Z8,AB8,AD8) -> 49500 | H8: 77 | I8: =H8*D8 -> 19250 | K8: =D8*J8 -> 0 | M8: =D8*L8 -> 0 | N8: 66 | O8: =D8*N8 -> 16500 | Q8: =D8*P8 -> 0 | S8: =D8*R8 -> 0 | T8: 55 | U8: =D8*T8 -> 13750 | W8: =D8*V8 -> 0 | Y8: =D8*X8 -> 0 | Z8: =SUM(I8,O8,U8) -> 49500 | AB8: =SUM(K8,Q8,W8) -> 0 | AD8: =SUM(M8,S8,Y8) -> 0 | AF8: 3R | AM8: 크라프튼 | AO8: 0
C9: 수자노 | D9: 249 | G9: =SUM(Z9,AB9,AD9) -> 0 | I9: =H9*D9 -> 0 | K9: =D9*J9 -> 0 | M9: =D9*L9 -> 0 | O9: =D9*N9 -> 0 | Q9: =D9*P9 -> 0 | S9: =D9*R9 -> 0 | U9: =D9*T9 -> 0 | W9: =D9*V9 -> 0 | Y9: =D9*X9 -> 0 | Z9: =SUM(I9,O9,U9) -> 0 | AB9: =SUM(K9,Q9,W9) -> 0 | AD9: =SUM(M9,S9,Y9) -> 0 | AM9: 비랄 | AO9: 0
C10: 소계 | E10: =SUM(E6:E9) -> 0 | F10: =SUM(F6:F9) -> 0 | G10: =SUM(G6:G9) -> 49500 | I10: =SUM(I6:I9) -> 19250 | K10: =SUM(K6:K9) -> 0 | M10: =SUM(M6:M9) -> 0 | O10: =SUM(O6:O9) -> 16500 | Q10: =SUM(Q6:Q9) -> 0 | S10: =SUM(S6:S9) -> 0 | U10: =SUM(U6:U9) -> 13750 | W10: =SUM(W6:W9) -> 0 | Y10: =SUM(Y6:Y9) -> 0 | Z10: =SUM(Z6:Z9) -> 49500 | AB10: =SUM(AB6:AB9) -> 0 | AD10: =SUM(AD6:AD9) -> 0 | AM10: Arauco | AO10: 0
B11: NBKP | C11: 피스리버 | G11: =SUM(Z11,AB11,AD11) -> 0 | I11: =H11*D11 -> 0 | K11: =D11*J11 -> 0 | M11: =D11*L11 -> 0 | O11: =D11*N11 -> 0 | Q11: =D11*P11 -> 0 | S11: =D11*R11 -> 0 | U11: =D11*T11 -> 0 | W11: =D11*V11 -> 0 | Y11: =D11*X11 -> 0 | Z11: =SUM(I11,O11,U11) -> 0 | AA11: =IFERROR(1-AA6,"") -> 0.083027676 | AB11: =SUM(K11,Q11,W11) -> 0 | AC11: =IFERROR(1-AC6,"") | AD11: =SUM(M11,S11,Y11) -> 0 | AE11: =IFERROR(1-AE6,"") | AM11: 하우사운드
C12: Ilimsk | G12: =SUM(Z12,AB12,AD12) -> 0 | I12: =H12*D12 -> 0 | K12: =D12*J12 -> 0 | M12: =D12*L12 -> 0 | O12: =D12*N12 -> 0 | Q12: =D12*P12 -> 0 | S12: =D12*R12 -> 0 | U12: =D12*T12 -> 0 | W12: =D12*V12 -> 0 | Y12: =D12*X12 -> 0 | Z12: =SUM(I12,O12,U12) -> 0 | AB12: =SUM(K12,Q12,W12) -> 0 | AD12: =SUM(M12,S12,Y12) -> 0 | AM12: 일림
C13: 멧자 | D13: 249 | G13: =SUM(Z13,AB13,AD13) -> 4482 | H13: 7 | I13: =H13*D13 -> 1743 | K13: =D13*J13 -> 0 | M13: =D13*L13 -> 0 | N13: 6 | O13: =D13*N13 -> 1494 | Q13: =D13*P13 -> 0 | S13: =D13*R13 -> 0 | T13: 5 | U13: =D13*T13 -> 1245 | W13: =D13*V13 -> 0 | Y13: =D13*X13 -> 0 | Z13: =SUM(I13,O13,U13) -> 4482 | AB13: =SUM(K13,Q13,W13) -> 0 | AD13: =SUM(M13,S13,Y13) -> 0 | AM13: 피스리버
C14: WET PULP | D14: 150 | G14: =SUM(Z14,AB14,AD14) -> 0 | I14: =H14*D14 -> 0 | K14: =D14*J14 -> 0 | M14: =D14*L14 -> 0 | O14: =D14*N14 -> 0 | Q14: =D14*P14 -> 0 | S14: =D14*R14 -> 0 | U14: =D14*T14 -> 0 | W14: =D14*V14 -> 0 | Y14: =D14*X14 -> 0 | Z14: =SUM(I14,O14,U14) -> 0 | AB14: =SUM(K14,Q14,W14) -> 0 | AD14: =SUM(M14,S14,Y14) -> 0
C15: 소계 | E15: =SUM(E11:E14) -> 0 | F15: =SUM(F11:F14) -> 0 | G15: =SUM(G11:G14) -> 4482 | I15: =SUM(I11:I14) -> 1743 | K15: =SUM(K11:K14) -> 0 | M15: =SUM(M11:M14) -> 0 | O15: =SUM(O11:O14) -> 1494 | Q15: =SUM(Q11:Q14) -> 0 | S15: =SUM(S11:S14) -> 0 | U15: =SUM(U11:U14) -> 1245 | W15: =SUM(W11:W14) -> 0 | Y15: =SUM(Y11:Y14) -> 0 | Z15: =SUM(Z11:Z14) -> 4482 | AB15: =SUM(AB11:AB14) -> 0 | AD15: =SUM(AD11:AD14) -> 0
B16: 펄프 합계 | E16: =SUM(E15,E10) -> 0 | F16: =SUM(F15,F10) -> 0 | G16: =SUM(G10,G15) -> 53982 | H16: =SUM(H15,H10) -> 0 | I16: =SUM(I15,I10) -> 20993 | J16: =SUM(J15,J10) -> 0 | K16: =SUM(K15,K10) -> 0 | L16: =SUM(L15,L10) -> 0 | M16: =SUM(M15,M10) -> 0 | N16: =SUM(N15,N10) -> 0 | O16: =SUM(O15,O10) -> 17994 | ... Z16: =SUM(Z15,Z10) -> 53982 | AB16: =SUM(AB15,AB10) -> 0 | AD16: =SUM(AD15,AD10) -> 0
B27: 2. 원료 관리 현황
B28: 구분 | D28: 펄프 종류 | G28: N-PULP(Soft Wood) | Q28: L-PULP(Hard Wood) | AA28: 비고
D29: 브랜드 명 | G29: 피스리버 | I29: 멧자 | M29: 일림 | O29: WET PULP | S29: Guaiba | U29: 수자노 | W29: WET(LBKP) | Y29: 아카시아APP
D30: 전일 이월량 | G30: ='1'!G42:H42 -> 0 | I30: ='1'!I42:J42 -> 8 | K30: ='1'!K42:L42 -> 0 | M30: ='1'!M42:N42 -> 0 | O30: ='1'!O42:P42 -> 0 | Q30: ='1'!Q42:R42 -> 0 | S30: ='1'!S42:T42 -> 0 | U30: ='1'!U42:V42 -> 0 | W30: ='1'!W42:X42 -> 0 | Y30: ='1'!Y42:Z42 -> 89
B31: 오전 | D31: 입고량 | I31: 16 | Y31: 208
D32: 사용량 | I32: 7 | Y32: 77
D33: 재고량
B34: 오후 | D34: 입고량
D35: 사용량 | I35: 6 | Y35: 66
D36: 재고량
B37: 야간 | D37: 입고량
D38: 사용량 | I38: 5 | Y38: 55
D39: 재고량
B40: 펄프 합계 | D40: 총 사용량 | G40: =SUM(G32,G35,G38) -> 0 | I40: =SUM(I32,I35,I38) -> 18 | K40: =SUM(K32,K35,K38) -> 0 | M40: =SUM(M32,M35,M38) -> 0 | O40: =SUM(O32,O35,O38) -> 0 | Q40: =SUM(Q32,Q35,Q38) -> 0 | S40: =SUM(S32,S35,S38) -> 0 | U40: =SUM(U32,U35,U38) -> 0 | W40: =SUM(W32,W35,W38) -> 0 | Y40: =SUM(Y32,Y35,Y38) -> 198
D41: 총 거래 수량 | G41: =SUM(G30,G31,G34,G37) -> 0 | I41: =SUM(I30,I31,I34,I37) -> 24 | K41: =SUM(K30,K31,K34,K37) -> 0 | M41: =SUM(M30,M31,M34,M37) -> 0 | O41: =SUM(O30,O31,O34,O37) -> 0 | Q41: =SUM(Q30,Q31,Q34,Q37) -> 0 | S41: =SUM(S30,S31,S34,S37) -> 0 | U41: =SUM(U30,U31,U34,U37) -> 0 | W41: =SUM(W30,W31,W34,W37) -> 0 | Y41: =SUM(Y30,Y31,Y34,Y37) -> 297
D42: 재고량 | G42: =G41-G40 -> 0 | I42: =I41-I40 -> 6 | K42: =K41-K40 -> 0 | M42: =M41-M40 -> 0 | O42: =O41-O40 -> 0 | Q42: =Q41-Q40 -> 0 | S42: =S41-S40 -> 0 | U42: =U41-U40 -> 0 | W42: =W41-W40 -> 0 | Y42: =Y41-Y40 -> 99

Sheet 3
B1: ◈ 원질4호기 원료처리 작업 일지 | AM1: NBKP | AO1: LBKP
B2: 1. 원료 처리 현황 | Z2: 2026 년 01 월 03 일 | AK2: 데코 | AM2: 브라츠크 | AO2: Acacia
B3: 구분 | D3: 기준 중량 (kg) | E3: 전일 재공량 | F3: 금일 재공량 | G3: 일 원료 처리량 | H3: 오전( 반) | N3: 오후( 반) | T3: 야간( 반) | Z3: 합계 | AK3: K/T | AM3: WET PULP | AO3: 수자노
H4: 데코 | N4: 데코 | T4: 데코 | Z4: 데코 | AK4: 0 | AM4: 멧자 | AO4: 아카시아APP
H5: Bale | I5: 중량 | J5: Bale | K5: 중량 | L5: Bale | M5: 중량 | N5: Bale | O5: 중량 | P5: Bale | Q5: 중량 | R5: Bale | S5: 중량 | T5: Bale | U5: 중량 | V5: Bale | W5: 중량 | X5: Bale | Y5: 중량 | Z5: 합계 | AA5: 배합비 | AB5: 합계 | AC5: 배합비 | AD5: 합계 | AE5: 배합비 | AK5: 0 | AM5: PCMC | AO5: Santafe
B6: LBKP | C6: Guaiba | D6: 247 | G6: =SUM(Z6,AB6,AD6) -> 0 | I6: =H6*D6 -> 0 | K6: =D6*J6 -> 0 | M6: =D6*L6 -> 0 | O6: =D6*N6 -> 0 | Q6: =D6*P6 -> 0 | S6: =D6*R6 -> 0 | U6: =D6*T6 -> 0 | W6: =D6*V6 -> 0 | Y6: =D6*X6 -> 0 | Z6: =SUM(I6,O6,U6) -> 0 | AA6: =IFERROR(Z10/Z16,"") -> 0.91697232 | AB6: =SUM(K6,Q6,W6) -> 0 | AC6: =IFERROR(AB10/AB16,"") | AD6: =SUM(M6,S6,Y6) -> 0 | AE6: =IFERROR(AD10/AD16,"") | AF6: 비데원지 | AM6: Pacifico | AO6: Guaiba
C7: WET(LBKP) | D7: 137 | G7: =SUM(Z7,AB7,AD7) -> 0 | I7: =H7*D7 -> 0 | K7: =D7*J7 -> 0 | M7: =D7*L7 -> 0 | O7: =D7*N7 -> 0 | Q7: =D7*P7 -> 0 | S7: =D7*R7 -> 0 | U7: =D7*T7 -> 0 | W7: =D7*V7 -> 0 | Y7: =D7*X7 -> 0 | Z7: =SUM(I7,O7,U7) -> 0 | AB7: =SUM(K7,Q7,W7) -> 0 | AD7: =SUM(M7,S7,Y7) -> 0 | AF7: 미용티슈 | AM7: Ilimsk | AO7: WET(LBKP)
C8: Acacia | D8: 250 | G8: =SUM(Z8,AB8,AD8) -> 49500 | H8: 66 | I8: =H8*D8 -> 16500 | K8: =D8*J8 -> 0 | M8: =D8*L8 -> 0 | N8: 66 | O8: =D8*N8 -> 16500 | Q8: =D8*P8 -> 0 | S8: =D8*R8 -> 0 | T8: 66 | U8: =D8*T8 -> 16500 | W8: =D8*V8 -> 0 | Y8: =D8*X8 -> 0 | Z8: =SUM(I8,O8,U8) -> 49500 | AB8: =SUM(K8,Q8,W8) -> 0 | AD8: =SUM(M8,S8,Y8) -> 0 | AF8: 3R | AM8: 크라프튼 | AO8: 0
C9: 수자노 | D9: 249 | G9: =SUM(Z9,AB9,AD9) -> 0 | I9: =H9*D9 -> 0 | K9: =D9*J9 -> 0 | M9: =D9*L9 -> 0 | O9: =D9*N9 -> 0 | Q9: =D9*P9 -> 0 | S9: =D9*R9 -> 0 | U9: =D9*T9 -> 0 | W9: =D9*V9 -> 0 | Y9: =D9*X9 -> 0 | Z9: =SUM(I9,O9,U9) -> 0 | AB9: =SUM(K9,Q9,W9) -> 0 | AD9: =SUM(M9,S9,Y9) -> 0 | AM9: 비랄 | AO9: 0
C10: 소계 | E10: =SUM(E6:E9) -> 0 | F10: =SUM(F6:F9) -> 0 | G10: =SUM(G6:G9) -> 49500 | I10: =SUM(I6:I9) -> 16500 | K10: =SUM(K6:K9) -> 0 | M10: =SUM(M6:M9) -> 0 | O10: =SUM(O6:O9) -> 16500 | Q10: =SUM(Q6:Q9) -> 0 | S10: =SUM(S6:S9) -> 0 | U10: =SUM(U6:U9) -> 16500 | W10: =SUM(W6:W9) -> 0 | Y10: =SUM(Y6:Y9) -> 0 | Z10: =SUM(Z6:Z9) -> 49500 | AB10: =SUM(AB6:AB9) -> 0 | AD10: =SUM(AD6:AD9) -> 0 | AM10: Arauco | AO10: 0
B11: NBKP | C11: 피스리버 | G11: =SUM(Z11,AB11,AD11) -> 0 | I11: =H11*D11 -> 0 | K11: =D11*J11 -> 0 | M11: =D11*L11 -> 0 | O11: =D11*N11 -> 0 | Q11: =D11*P11 -> 0 | S11: =D11*R11 -> 0 | U11: =D11*T11 -> 0 | W11: =D11*V11 -> 0 | Y11: =D11*X11 -> 0 | Z11: =SUM(I11,O11,U11) -> 0 | AA11: =IFERROR(1-AA6,"") -> 0.083027676 | AB11: =SUM(K11,Q11,W11) -> 0 | AC11: =IFERROR(1-AC6,"") | AD11: =SUM(M11,S11,Y11) -> 0 | AE11: =IFERROR(1-AE6,"") | AM11: 하우사운드
C12: Ilimsk | G12: =SUM(Z12,AB12,AD12) -> 0 | I12: =H12*D12 -> 0 | K12: =D12*J12 -> 0 | M12: =D12*L12 -> 0 | O12: =D12*N12 -> 0 | Q12: =D12*P12 -> 0 | S12: =D12*R12 -> 0 | U12: =D12*T12 -> 0 | W12: =D12*V12 -> 0 | Y12: =D12*X12 -> 0 | Z12: =SUM(I12,O12,U12) -> 0 | AB12: =SUM(K12,Q12,W12) -> 0 | AD12: =SUM(M12,S12,Y12) -> 0 | AM12: 일림
C13: 멧자 | D13: 249 | G13: =SUM(Z13,AB13,AD13) -> 4482 | H13: 6 | I13: =H13*D13 -> 1494 | K13: =D13*J13 -> 0 | M13: =D13*L13 -> 0 | N13: 6 | O13: =D13*N13 -> 1494 | Q13: =D13*P13 -> 0 | S13: =D13*R13 -> 0 | T13: 6 | U13: =D13*T13 -> 1494 | W13: =D13*V13 -> 0 | Y13: =D13*X13 -> 0 | Z13: =SUM(I13,O13,U13) -> 4482 | AB13: =SUM(K13,Q13,W13) -> 0 | AD13: =SUM(M13,S13,Y13) -> 0 | AM13: 피스리버
C14: WET PULP | D14: 150 | G14: =SUM(Z14,AB14,AD14) -> 0 | I14: =H14*D14 -> 0 | K14: =D14*J14 -> 0 | M14: =D14*L14 -> 0 | O14: =D14*N14 -> 0 | Q14: =D14*P14 -> 0 | S14: =D14*R14 -> 0 | U14: =D14*T14 -> 0 | W14: =D14*V14 -> 0 | Y14: =D14*X14 -> 0 | Z14: =SUM(I14,O14,U14) -> 0 | AB14: =SUM(K14,Q14,W14) -> 0 | AD14: =SUM(M14,S14,Y14) -> 0
C15: 소계 | E15: =SUM(E11:E14) -> 0 | F15: =SUM(F11:F14) -> 0 | G15: =SUM(G11:G14) -> 4482 | I15: =SUM(I11:I14) -> 1494 | K15: =SUM(K11:K14) -> 0 | M15: =SUM(M11:M14) -> 0 | O15: =SUM(O11:O14) -> 1494 | Q15: =SUM(Q11:Q14) -> 0 | S15: =SUM(S11:S14) -> 0 | U15: =SUM(U11:U14) -> 1494 | W15: =SUM(W11:W14) -> 0 | Y15: =SUM(Y11:Y14) -> 0 | Z15: =SUM(Z11:Z14) -> 4482 | AB15: =SUM(AB11:AB14) -> 0 | AD15: =SUM(AD11:AD14) -> 0
B16: 펄프 합계 | E16: =SUM(E15,E10) -> 0 | F16: =SUM(F15,F10) -> 0 | G16: =SUM(G10,G15) -> 53982 | H16: =SUM(H15,H10) -> 0 | I16: =SUM(I15,I10) -> 17994 | J16: =SUM(J15,J10) -> 0 | K16: =SUM(K15,K10) -> 0 | L16: =SUM(L15,L10) -> 0 | M16: =SUM(M15,M10) -> 0 | N16: =SUM(N15,N10) -> 0 | O16: =SUM(O15,O10) -> 17994 | ... Z16: =SUM(Z15,Z10) -> 53982 | AB16: =SUM(AB15,AB10) -> 0 | AD16: =SUM(AD15,AD10) -> 0
B27: 2. 원료 관리 현황
B28: 구분 | D28: 펄프 종류 | G28: N-PULP(Soft Wood) | Q28: L-PULP(Hard Wood) | AA28: 비고
D29: 브랜드 명 | G29: 피스리버 | I29: 멧자 | M29: 일림 | O29: WET PULP | S29: Guaiba | U29: 수자노 | W29: WET(LBKP) | Y29: 아카시아APP
D30: 전일 이월량 | G30: ='2'!G42:H42 -> 0 | I30: ='2'!I42:J42 -> 6 | K30: ='2'!K42:L42 -> 0 | M30: ='2'!M42:N42 -> 0 | O30: ='2'!O42:P42 -> 0 | Q30: ='2'!Q42:R42 -> 0 | S30: ='2'!S42:T42 -> 0 | U30: ='2'!U42:V42 -> 0 | W30: ='2'!W42:X42 -> 0 | Y30: ='2'!Y42:Z42 -> 99
B31: 오전 | D31: 입고량 | I31: 16 | Y31: 192
D32: 사용량 | I32: 6 | Y32: 66
D33: 재고량
B34: 오후 | D34: 입고량
D35: 사용량 | I35: 6 | Y35: 66
D36: 재고량
B37: 야간 | D37: 입고량
D38: 사용량 | I38: 6 | Y38: 66
D39: 재고량
B40: 펄프 합계 | D40: 총 사용량 | G40: =SUM(G32,G35,G38) -> 0 | I40: =SUM(I32,I35,I38) -> 18 | K40: =SUM(K32,K35,K38) -> 0 | M40: =SUM(M32,M35,M38) -> 0 | O40: =SUM(O32,O35,O38) -> 0 | Q40: =SUM(Q32,Q35,Q38) -> 0 | S40: =SUM(S32,S35,S38) -> 0 | U40: =SUM(U32,U35,U38) -> 0 | W40: =SUM(W32,W35,W38) -> 0 | Y40: =SUM(Y32,Y35,Y38) -> 198
D41: 총 거래 수량 | G41: =SUM(G30,G31,G34,G37) -> 0 | I41: =SUM(I30,I31,I34,I37) -> 22 | K41: =SUM(K30,K31,K34,K37) -> 0 | M41: =SUM(M30,M31,M34,M37) -> 0 | O41: =SUM(O30,O31,O34,O37) -> 0 | Q41: =SUM(Q30,Q31,Q34,Q37) -> 0 | S41: =SUM(S30,S31,S34,S37) -> 0 | U41: =SUM(U30,U31,U34,U37) -> 0 | W41: =SUM(W30,W31,W34,W37) -> 0 | Y41: =SUM(Y30,Y31,Y34,Y37) -> 291
D42: 재고량 | G42: =G41-G40 -> 0 | I42: =I41-I40 -> 4 | K42: =K41-K40 -> 0 | M42: =M41-M40 -> 0 | O42: =O41-O40 -> 0 | Q42: =Q41-Q40 -> 0 | S42: =S41-S40 -> 0 | U42: =U41-U40 -> 0 | W42: =W41-W40 -> 0 | Y42: =Y41-Y40 -> 93

Sheet 4
B1: ◈ 원질4호기 원료처리 작업 일지 | AM1: NBKP | AO1: LBKP
B2: 1. 원료 처리 현황 | Z2: 2026 년 01 월 04 일 | AK2: 데코 | AM2: 브라츠크 | AO2: Acacia
B3: 구분 | D3: 기준 중량 (kg) | E3: 전일 재공량 | F3: 금일 재공량 | G3: 일 원료 처리량 | H3: 오전( 반) | N3: 오후( 반) | T3: 야간( 반) | Z3: 합계 | AK3: K/T | AM3: WET PULP | AO3: 수자노
H4: 데코 | N4: 데코 | T4: 데코 | Z4: 데코 | AK4: 0 | AM4: 멧자 | AO4: 아카시아APP
H5: Bale | I5: 중량 | J5: Bale | K5: 중량 | L5: Bale | M5: 중량 | N5: Bale | O5: 중량 | P5: Bale | Q5: 중량 | R5: Bale | S5: 중량 | T5: Bale | U5: 중량 | V5: Bale | W5: 중량 | X5: Bale | Y5: 중량 | Z5: 합계 | AA5: 배합비 | AB5: 합계 | AC5: 배합비 | AD5: 합계 | AE5: 배합비 | AK5: 0 | AM5: PCMC | AO5: Santafe
B6: LBKP | C6: Guaiba | D6: 247 | G6: =SUM(Z6,AB6,AD6) -> 0 | I6: =H6*D6 -> 0 | K6: =D6*J6 -> 0 | M6: =D6*L6 -> 0 | O6: =D6*N6 -> 0 | Q6: =D6*P6 -> 0 | S6: =D6*R6 -> 0 | U6: =D6*T6 -> 0 | W6: =D6*V6 -> 0 | Y6: =D6*X6 -> 0 | Z6: =SUM(I6,O6,U6) -> 0 | AA6: =IFERROR(Z10/Z16,"") -> 0.91248276 | AB6: =SUM(K6,Q6,W6) -> 0 | AC6: =IFERROR(AB10/AB16,"") | AD6: =SUM(M6,S6,Y6) -> 0 | AE6: =IFERROR(AD10/AD16,"") | AF6: 비데원지 | AM6: Pacifico | AO6: Guaiba
C7: WET(LBKP) | D7: 137 | G7: =SUM(Z7,AB7,AD7) -> 0 | I7: =H7*D7 -> 0 | K7: =D7*J7 -> 0 | M7: =D7*L7 -> 0 | O7: =D7*N7 -> 0 | Q7: =D7*P7 -> 0 | S7: =D7*R7 -> 0 | U7: =D7*T7 -> 0 | W7: =D7*V7 -> 0 | Y7: =D7*X7 -> 0 | Z7: =SUM(I7,O7,U7) -> 0 | AB7: =SUM(K7,Q7,W7) -> 0 | AD7: =SUM(M7,S7,Y7) -> 0 | AF7: 미용티슈 | AM7: Ilimsk | AO7: WET(LBKP)
C8: Acacia | D8: 250 | G8: =SUM(Z8,AB8,AD8) -> 33750 | H8: 77 | I8: =H8*D8 -> 19250 | K8: =D8*J8 -> 0 | M8: =D8*L8 -> 0 | N8: 55 | O8: =D8*N8 -> 13750 | Q8: =D8*P8 -> 0 | S8: =D8*R8 -> 0 | T8: 3 | U8: =D8*T8 -> 750 | W8: =D8*V8 -> 0 | Y8: =D8*X8 -> 0 | Z8: =SUM(I8,O8,U8) -> 33750 | AB8: =SUM(K8,Q8,W8) -> 0 | AD8: =SUM(M8,S8,Y8) -> 0 | AF8: 3R | AM8: 크라프튼 | AO8: 0
C9: 수자노 | D9: 249 | G9: =SUM(Z9,AB9,AD9) -> 0 | I9: =H9*D9 -> 0 | K9: =D9*J9 -> 0 | M9: =D9*L9 -> 0 | O9: =D9*N9 -> 0 | Q9: =D9*P9 -> 0 | S9: =D9*R9 -> 0 | U9: =D9*T9 -> 0 | W9: =D9*V9 -> 0 | Y9: =D9*X9 -> 0 | Z9: =SUM(I9,O9,U9) -> 0 | AB9: =SUM(K9,Q9,W9) -> 0 | AD9: =SUM(M9,S9,Y9) -> 0 | AM9: 비랄 | AO9: 0
C10: 소계 | E10: =SUM(E6:E9) -> 0 | F10: =SUM(F6:F9) -> 0 | G10: =SUM(G6:G9) -> 33750 | I10: =SUM(I6:I9) -> 19250 | K10: =SUM(K6:K9) -> 0 | M10: =SUM(M6:M9) -> 0 | O10: =SUM(O6:O9) -> 13750 | Q10: =SUM(Q6:Q9) -> 0 | S10: =SUM(S6:S9) -> 0 | U10: =SUM(U6:U9) -> 750 | W10: =SUM(W6:W9) -> 0 | Y10: =SUM(Y6:Y9) -> 0 | Z10: =SUM(Z6:Z9) -> 33750 | AB10: =SUM(AB6:AB9) -> 0 | AD10: =SUM(AD6:AD9) -> 0 | AM10: Arauco | AO10: 0
B11: NBKP | C11: 피스리버 | G11: =SUM(Z11,AB11,AD11) -> 0 | I11: =H11*D11 -> 0 | K11: =D11*J11 -> 0 | M11: =D11*L11 -> 0 | O11: =D11*N11 -> 0 | Q11: =D11*P11 -> 0 | S11: =D11*R11 -> 0 | U11: =D11*T11 -> 0 | W11: =D11*V11 -> 0 | Y11: =D11*X11 -> 0 | Z11: =SUM(I11,O11,U11) -> 0 | AA11: =IFERROR(1-AA6,"") -> 0.087517236 | AB11: =SUM(K11,Q11,W11) -> 0 | AC11: =IFERROR(1-AC6,"") | AD11: =SUM(M11,S11,Y11) -> 0 | AE11: =IFERROR(1-AE6,"") | AM11: 하우사운드
C12: Ilimsk | G12: =SUM(Z12,AB12,AD12) -> 0 | I12: =H12*D12 -> 0 | K12: =D12*J12 -> 0 | M12: =D12*L12 -> 0 | O12: =D12*N12 -> 0 | Q12: =D12*P12 -> 0 | S12: =D12*R12 -> 0 | U12: =D12*T12 -> 0 | W12: =D12*V12 -> 0 | Y12: =D12*X12 -> 0 | Z12: =SUM(I12,O12,U12) -> 0 | AB12: =SUM(K12,Q12,W12) -> 0 | AD12: =SUM(M12,S12,Y12) -> 0 | AM12: 일림
C13: 멧자 | D13: 249 | G13: =SUM(Z13,AB13,AD13) -> 3237 | H13: 7 | I13: =H13*D13 -> 1743 | K13: =D13*J13 -> 0 | M13: =D13*L13 -> 0 | N13: 5 | O13: =D13*N13 -> 1245 | Q13: =D13*P13 -> 0 | S13: =D13*R13 -> 0 | T13: 1 | U13: =D13*T13 -> 249 | W13: =D13*V13 -> 0 | Y13: =D13*X13 -> 0 | Z13: =SUM(I13,O13,U13) -> 3237 | AB13: =SUM(K13,Q13,W13) -> 0 | AD13: =SUM(M13,S13,Y13) -> 0 | AM13: 피스리버
C14: WET PULP | D14: 150 | G14: =SUM(Z14,AB14,AD14) -> 0 | I14: =H14*D14 -> 0 | K14: =D14*J14 -> 0 | M14: =D14*L14 -> 0 | O14: =D14*N14 -> 0 | Q14: =D14*P14 -> 0 | S14: =D14*R14 -> 0 | U14: =D14*T14 -> 0 | W14: =D14*V14 -> 0 | Y14: =D14*X14 -> 0 | Z14: =SUM(I14,O14,U14) -> 0 | AB14: =SUM(K14,Q14,W14) -> 0 | AD14: =SUM(M14,S14,Y14) -> 0
C15: 소계 | E15: =SUM(E11:E14) -> 0 | F15: =SUM(F11:F14) -> 0 | G15: =SUM(G11:G14) -> 3237 | I15: =SUM(I11:I14) -> 1743 | K15: =SUM(K11:K14) -> 0 | M15: =SUM(M11:M14) -> 0 | O15: =SUM(O11:O14) -> 1245 | Q15: =SUM(Q11:Q14) -> 0 | S15: =SUM(S11:S14) -> 0 | U15: =SUM(U11:U14) -> 249 | W15: =SUM(W11:W14) -> 0 | Y15: =SUM(Y11:Y14) -> 0 | Z15: =SUM(Z11:Z14) -> 3237 | AB15: =SUM(AB11:AB14) -> 0 | AD15: =SUM(AD11:AD14) -> 0
B16: 펄프 합계 | E16: =SUM(E15,E10) -> 0 | F16: =SUM(F15,F10) -> 0 | G16: =SUM(G10,G15) -> 36987 | H16: =SUM(H15,H10) -> 0 | I16: =SUM(I15,I10) -> 20993 | J16: =SUM(J15,J10) -> 0 | K16: =SUM(K15,K10) -> 0 | L16: =SUM(L15,L10) -> 0 | M16: =SUM(M15,M10) -> 0 | N16: =SUM(N15,N10) -> 0 | O16: =SUM(O15,O10) -> 14995 | ... Z16: =SUM(Z15,Z10) -> 36987 | AB16: =SUM(AB15,AB10) -> 0 | AD16: =SUM(AD15,AD10) -> 0
B27: 2. 원료 관리 현황
B28: 구분 | D28: 펄프 종류 | G28: N-PULP(Soft Wood) | Q28: L-PULP(Hard Wood) | AA28: 비고
D29: 브랜드 명 | G29: 피스리버 | I29: 멧자 | M29: 일림 | O29: WET PULP | S29: Guaiba | U29: 수자노 | W29: WET(LBKP) | Y29: 아카시아APP
D30: 전일 이월량 | G30: ='3'!G42:H42 -> 0 | I30: ='3'!I42:J42 -> 4 | K30: ='3'!K42:L42 -> 0 | M30: ='3'!M42:N42 -> 0 | O30: ='3'!O42:P42 -> 0 | Q30: ='3'!Q42:R42 -> 0 | S30: ='3'!S42:T42 -> 0 | U30: ='3'!U42:V42 -> 0 | W30: ='3'!W42:X42 -> 0 | Y30: ='3'!Y42:Z42 -> 93
B31: 오전 | D31: 입고량 | I31: 32 | Y31: 192
D32: 사용량 | I32: 7 | Y32: 77
D33: 재고량
B34: 오후 | D34: 입고량
D35: 사용량 | I35: 5 | Y35: 55
D36: 재고량
B37: 야간 | D37: 입고량
D38: 사용량 | I38: 1 | Y38: 3
D39: 재고량
B40: 펄프 합계 | D40: 총 사용량 | G40: =SUM(G32,G35,G38) -> 0 | I40: =SUM(I32,I35,I38) -> 13 | K40: =SUM(K32,K35,K38) -> 0 | M40: =SUM(M32,M35,M38) -> 0 | O40: =SUM(O32,O35,O38) -> 0 | Q40: =SUM(Q32,Q35,Q38) -> 0 | S40: =SUM(S32,S35,S38) -> 0 | U40: =SUM(U32,U35,U38) -> 0 | W40: =SUM(W32,W35,W38) -> 0 | Y40: =SUM(Y32,Y35,Y38) -> 135
D41: 총 거래 수량 | G41: =SUM(G30,G31,G34,G37) -> 0 | I41: =SUM(I30,I31,I34,I37) -> 36 | K41: =SUM(K30,K31,K34,K37) -> 0 | M41: =SUM(M30,M31,M34,M37) -> 0 | O41: =SUM(O30,O31,O34,O37) -> 0 | Q41: =SUM(Q30,Q31,Q34,Q37) -> 0 | S41: =SUM(S30,S31,S34,S37) -> 0 | U41: =SUM(U30,U31,U34,U37) -> 0 | W41: =SUM(W30,W31,W34,W37) -> 0 | Y41: =SUM(Y30,Y31,Y34,Y37) -> 285
D42: 재고량 | G42: =G41-G40 -> 0 | I42: =I41-I40 -> 23 | K42: =K41-K40 -> 0 | M42: =M41-M40 -> 0 | O42: =O41-O40 -> 0 | Q42: =Q41-Q40 -> 0 | S42: =S41-S40 -> 0 | U42: =U41-U40 -> 0 | W42: =W41-W40 -> 0 | Y42: =Y41-Y40 -> 150

Sheet 5
B1: ◈ 원질4호기 원료처리 작업 일지 | AM1: NBKP | AO1: LBKP
B2: 1. 원료 처리 현황 | Z2: 2026 년 01 월 05 일 | AK2: 데코 | AM2: 브라츠크 | AO2: Acacia
B3: 구분 | D3: 기준 중량 (kg) | E3: 전일 재공량 | F3: 금일 재공량 | G3: 일 원료 처리량 | H3: 오전( 반) | N3: 오후( 반) | T3: 야간( 반) | Z3: 합계 | AK3: K/T | AM3: WET PULP | AO3: 수자노
H4: 데코 | N4: 데코 | T4: 데코 | Z4: 데코 | AK4: 0 | AM4: 멧자 | AO4: 아카시아APP
H5: Bale | I5: 중량 | J5: Bale | K5: 중량 | L5: Bale | M5: 중량 | N5: Bale | O5: 중량 | P5: Bale | Q5: 중량 | R5: Bale | S5: 중량 | T5: Bale | U5: 중량 | V5: Bale | W5: 중량 | X5: Bale | Y5: 중량 | Z5: 합계 | AA5: 배합비 | AB5: 합계 | AC5: 배합비 | AD5: 합계 | AE5: 배합비 | AK5: 0 | AM5: PCMC | AO5: Santafe
B6: LBKP | C6: Guaiba | D6: 247 | G6: =SUM(Z6,AB6,AD6) -> 0 | I6: =H6*D6 -> 0 | K6: =D6*J6 -> 0 | M6: =D6*L6 -> 0 | O6: =D6*N6 -> 0 | Q6: =D6*P6 -> 0 | S6: =D6*R6 -> 0 | U6: =D6*T6 -> 0 | W6: =D6*V6 -> 0 | Y6: =D6*X6 -> 0 | Z6: =SUM(I6,O6,U6) -> 0 | AA6: =IFERROR(Z10/Z16,"") | AB6: =SUM(K6,Q6,W6) -> 0 | AC6: =IFERROR(AB10/AB16,"") | AD6: =SUM(M6,S6,Y6) -> 0 | AE6: =IFERROR(AD10/AD16,"") | AF6: 비데원지 | AM6: Pacifico | AO6: Guaiba
C7: WET(LBKP) | D7: 137 | G7: =SUM(Z7,AB7,AD7) -> 0 | I7: =H7*D7 -> 0 | K7: =D7*J7 -> 0 | M7: =D7*L7 -> 0 | O7: =D7*N7 -> 0 | Q7: =D7*P7 -> 0 | S7: =D7*R7 -> 0 | U7: =D7*T7 -> 0 | W7: =D7*V7 -> 0 | Y7: =D7*X7 -> 0 | Z7: =SUM(I7,O7,U7) -> 0 | AB7: =SUM(K7,Q7,W7) -> 0 | AD7: =SUM(M7,S7,Y7) -> 0 | AF7: 미용티슈 | AM7: Ilimsk | AO7: WET(LBKP)
C8: Acacia | D8: 250 | G8: =SUM(Z8,AB8,AD8) -> 0 | I8: =H8*D8 -> 0 | K8: =D8*J8 -> 0 | M8: =D8*L8 -> 0 | O8: =D8*N8 -> 0 | Q8: =D8*P8 -> 0 | S8: =D8*R8 -> 0 | U8: =D8*T8 -> 0 | W8: =D8*V8 -> 0 | Y8: =D8*X8 -> 0 | Z8: =SUM(I8,O8,U8) -> 0 | AB8: =SUM(K8,Q8,W8) -> 0 | AD8: =SUM(M8,S8,Y8) -> 0 | AF8: 3R | AM8: 크라프튼 | AO8: 0
C9: 수자노 | D9: 249 | G9: =SUM(Z9,AB9,AD9) -> 0 | I9: =H9*D9 -> 0 | K9: =D9*J9 -> 0 | M9: =D9*L9 -> 0 | O9: =D9*N9 -> 0 | Q9: =D9*P9 -> 0 | S9: =D9*R9 -> 0 | U9: =D9*T9 -> 0 | W9: =D9*V9 -> 0 | Y9: =D9*X9 -> 0 | Z9: =SUM(I9,O9,U9) -> 0 | AB9: =SUM(K9,Q9,W9) -> 0 | AD9: =SUM(M9,S9,Y9) -> 0 | AM9: 비랄 | AO9: 0
C10: 소계 | E10: =SUM(E6:E9) -> 0 | F10: =SUM(F6:F9) -> 0 | G10: =SUM(G6:G9) -> 0 | I10: =SUM(I6:I9) -> 0 | K10: =SUM(K6:K9) -> 0 | M10: =SUM(M6:M9) -> 0 | O10: =SUM(O6:O9) -> 0 | Q10: =SUM(Q6:Q9) -> 0 | S10: =SUM(S6:S9) -> 0 | U10: =SUM(U6:U9) -> 0 | W10: =SUM(W6:W9) -> 0 | Y10: =SUM(Y6:Y9) -> 0 | Z10: =SUM(Z6:Z9) -> 0 | AB10: =SUM(AB6:AB9) -> 0 | AD10: =SUM(AD6:AD9) -> 0 | AM10: Arauco | AO10: 0
B11: NBKP | C11: 피스리버 | G11: =SUM(Z11,AB11,AD11) -> 0 | I11: =H11*D11 -> 0 | K11: =D11*J11 -> 0 | M11: =D11*L11 -> 0 | O11: =D11*N11 -> 0 | Q11: =D11*P11 -> 0 | S11: =D11*R11 -> 0 | U11: =D11*T11 -> 0 | W11: =D11*V11 -> 0 | Y11: =D11*X11 -> 0 | Z11: =SUM(I11,O11,U11) -> 0 | AA11: =IFERROR(1-AA6,"") | AB11: =SUM(K11,Q11,W11) -> 0 | AC11: =IFERROR(1-AC6,"") | AD11: =SUM(M11,S11,Y11) -> 0 | AE11: =IFERROR(1-AE6,"") | AM11: 하우사운드
C12: Ilimsk | G12: =SUM(Z12,AB12,AD12) -> 0 | I12: =H12*D12 -> 0 | K12: =D12*J12 -> 0 | M12: =D12*L12 -> 0 | O12: =D12*N12 -> 0 | Q12: =D12*P12 -> 0 | S12: =D12*R12 -> 0 | U12: =D12*T12 -> 0 | W12: =D12*V12 -> 0 | Y12: =D12*X12 -> 0 | Z12: =SUM(I12,O12,U12) -> 0 | AB12: =SUM(K12,Q12,W12) -> 0 | AD12: =SUM(M12,S12,Y12) -> 0 | AM12: 일림
C13: 멧자 | D13: 249 | G13: =SUM(Z13,AB13,AD13) -> 0 | I13: =H13*D13 -> 0 | K13: =D13*J13 -> 0 | M13: =D13*L13 -> 0 | O13: =D13*N13 -> 0 | Q13: =D13*P13 -> 0 | S13: =D13*R13 -> 0 | U13: =D13*T13 -> 0 | W13: =D13*V13 -> 0 | Y13: =D13*X13 -> 0 | Z13: =SUM(I13,O13,U13) -> 0 | AB13: =SUM(K13,Q13,W13) -> 0 | AD13: =SUM(M13,S13,Y13) -> 0 | AM13: 피스리버
C14: WET PULP | D14: 150 | G14: =SUM(Z14,AB14,AD14) -> 0 | I14: =H14*D14 -> 0 | K14: =D14*J14 -> 0 | M14: =D14*L14 -> 0 | O14: =D14*N14 -> 0 | Q14: =D14*P14 -> 0 | S14: =D14*R14 -> 0 | U14: =D14*T14 -> 0 | W14: =D14*V14 -> 0 | Y14: =D14*X14 -> 0 | Z14: =SUM(I14,O14,U14) -> 0 | AB14: =SUM(K14,Q14,W14) -> 0 | AD14: =SUM(M14,S14,Y14) -> 0
C15: 소계 | E15: =SUM(E11:E14) -> 0 | F15: =SUM(F11:F14) -> 0 | G15: =SUM(G11:G14) -> 0 | I15: =SUM(I11:I14) -> 0 | K15: =SUM(K11:K14) -> 0 | M15: =SUM(M11:M14) -> 0 | O15: =SUM(O11:O14) -> 0 | Q15: =SUM(Q11:Q14) -> 0 | S15: =SUM(S11:S14) -> 0 | U15: =SUM(U11:U14) -> 0 | W15: =SUM(W11:W14) -> 0 | Y15: =SUM(Y11:Y14) -> 0 | Z15: =SUM(Z11:Z14) -> 0 | AB15: =SUM(AB11:AB14) -> 0 | AD15: =SUM(AD11:AD14) -> 0
B16: 펄프 합계 | E16: =SUM(E15,E10) -> 0 | F16: =SUM(F15,F10) -> 0 | G16: =SUM(G10,G15) -> 0 | H16: =SUM(H15,H10) -> 0 | I16: =SUM(I15,I10) -> 0 | J16: =SUM(J15,J10) -> 0 | K16: =SUM(K15,K10) -> 0 | L16: =SUM(L15,L10) -> 0 | M16: =SUM(M15,M10) -> 0 | N16: =SUM(N15,N10) -> 0 | O16: =SUM(O15,O10) -> 0 | ... Z16: =SUM(Z15,Z10) -> 0 | AB16: =SUM(AB15,AB10) -> 0 | AD16: =SUM(AD15,AD10) -> 0
B27: 2. 원료 관리 현황
B28: 구분 | D28: 펄프 종류 | G28: N-PULP(Soft Wood) | Q28: L-PULP(Hard Wood) | AA28: 비고
D29: 브랜드 명 | G29: 피스리버 | I29: 멧자 | M29: 일림 | O29: WET PULP | S29: Guaiba | U29: 수자노 | W29: WET(LBKP) | Y29: 아카시아APP
D30: 전일 이월량 | G30: ='4'!G42:H42 -> 0 | I30: ='4'!I42:J42 -> 23 | K30: ='4'!K42:L42 -> 0 | M30: ='4'!M42:N42 -> 0 | O30: ='4'!O42:P42 -> 0 | Q30: ='4'!Q42:R42 -> 0 | S30: ='4'!S42:T42 -> 0 | U30: ='4'!U42:V42 -> 0 | W30: ='4'!W42:X42 -> 0 | Y30: ='4'!Y42:Z42 -> 150
B31: 오전 | D31: 입고량
D32: 사용량
D33: 재고량
B34: 오후 | D34: 입고량
D35: 사용량
D36: 재고량
B37: 야간 | D37: 입고량
D38: 사용량
D39: 재고량
B40: 펄프 합계 | D40: 총 사용량 | G40: =SUM(G32,G35,G38) -> 0 | I40: =SUM(I32,I35,I38) -> 0 | K40: =SUM(K32,K35,K38) -> 0 | M40: =SUM(M32,M35,M38) -> 0 | O40: =SUM(O32,O35,O38) -> 0 | Q40: =SUM(Q32,Q35,Q38) -> 0 | S40: =SUM(S32,S35,S38) -> 0 | U40: =SUM(U32,U35,U38) -> 0 | W40: =SUM(W32,W35,W38) -> 0 | Y40: =SUM(Y32,Y35,Y38) -> 0
D41: 총 거래 수량 | G41: =SUM(G30,G31,G34,G37) -> 0 | I41: =SUM(I30,I31,I34,I37) -> 23 | K41: =SUM(K30,K31,K34,K37) -> 0 | M41: =SUM(M30,M31,M34,M37) -> 0 | O41: =SUM(O30,O31,O34,O37) -> 0 | Q41: =SUM(Q30,Q31,Q34,Q37) -> 0 | S41: =SUM(S30,S31,S34,S37) -> 0 | U41: =SUM(U30,U31,U34,U37) -> 0 | W41: =SUM(W30,W31,W34,W37) -> 0 | Y41: =SUM(Y30,Y31,Y34,Y37) -> 150
D42: 재고량 | G42: =G41-G40 -> 0 | I42: =I41-I40 -> 23 | K42: =K41-K40 -> 0 | M42: =M41-M40 -> 0 | O42: =O41-O40 -> 0 | Q42: =Q41-Q40 -> 0 | S42: =S41-S40 -> 0 | U42: =U41-U40 -> 0 | W42: =W41-W40 -> 0 | Y42: =Y41-Y40 -> 150

Sheet 6
B1: ◈ 원질4호기 원료처리 작업 일지 | AM1: NBKP | AO1: LBKP
B2: 1. 원료 처리 현황 | Z2: 2026 년 01 월 06 일 | AK2: 데코 | AM2: 브라츠크 | AO2: Acacia
B3: 구분 | D3: 기준 중량 (kg) | E3: 전일 재공량 | F3: 금일 재공량 | G3: 일 원료 처리량 | H3: 오전( 반) | N3: 오후( 반) | T3: 야간( 반) | Z3: 합계 | AK3: K/T | AM3: WET PULP | AO3: 수자노
H4: 데코 | N4: 데코 | T4: 데코 | Z4: 데코 | AK4: 0 | AM4: 멧자 | AO4: 아카시아APP
H5: Bale | I5: 중량 | J5: Bale | K5: 중량 | L5: Bale | M5: 중량 | N5: Bale | O5: 중량 | P5: Bale | Q5: 중량 | R5: Bale | S5: 중량 | T5: Bale | U5: 중량 | V5: Bale | W5: 중량 | X5: Bale | Y5: 중량 | Z5: 합계 | AA5: 배합비 | AB5: 합계 | AC5: 배합비 | AD5: 합계 | AE5: 배합비 | AK5: 0 | AM5: PCMC | AO5: Santafe
B6: LBKP | C6: Guaiba | D6: 247 | G6: =SUM(Z6,AB6,AD6) -> 0 | I6: =H6*D6 -> 0 | K6: =D6*J6 -> 0 | M6: =D6*L6 -> 0 | O6: =D6*N6 -> 0 | Q6: =D6*P6 -> 0 | S6: =D6*R6 -> 0 | U6: =D6*T6 -> 0 | W6: =D6*V6 -> 0 | Y6: =D6*X6 -> 0 | Z6: =SUM(I6,O6,U6) -> 0 | AA6: =IFERROR(Z10/Z16,"") | AB6: =SUM(K6,Q6,W6) -> 0 | AC6: =IFERROR(AB10/AB16,"") | AD6: =SUM(M6,S6,Y6) -> 0 | AE6: =IFERROR(AD10/AD16,"") | AF6: 비데원지 | AM6: Pacifico | AO6: Guaiba
C7: WET(LBKP) | D7: 137 | G7: =SUM(Z7,AB7,AD7) -> 0 | I7: =H7*D7 -> 0 | K7: =D7*J7 -> 0 | M7: =D7*L7 -> 0 | O7: =D7*N7 -> 0 | Q7: =D7*P7 -> 0 | S7: =D7*R7 -> 0 | U7: =D7*T7 -> 0 | W7: =D7*V7 -> 0 | Y7: =D7*X7 -> 0 | Z7: =SUM(I7,O7,U7) -> 0 | AB7: =SUM(K7,Q7,W7) -> 0 | AD7: =SUM(M7,S7,Y7) -> 0 | AF7: 미용티슈 | AM7: Ilimsk | AO7: WET(LBKP)
C8: Acacia | D8: 250 | G8: =SUM(Z8,AB8,AD8) -> 0 | I8: =H8*D8 -> 0 | K8: =D8*J8 -> 0 | M8: =D8*L8 -> 0 | O8: =D8*N8 -> 0 | Q8: =D8*P8 -> 0 | S8: =D8*R8 -> 0 | U8: =D8*T8 -> 0 | W8: =D8*V8 -> 0 | Y8: =D8*X8 -> 0 | Z8: =SUM(I8,O8,U8) -> 0 | AB8: =SUM(K8,Q8,W8) -> 0 | AD8: =SUM(M8,S8,Y8) -> 0 | AF8: 3R | AM8: 크라프튼 | AO8: 0
C9: 수자노 | D9: 249 | G9: =SUM(Z9,AB9,AD9) -> 0 | I9: =H9*D9 -> 0 | K9: =D9*J9 -> 0 | M9: =D9*L9 -> 0 | O9: =D9*N9 -> 0 | Q9: =D9*P9 -> 0 | S9: =D9*R9 -> 0 | U9: =D9*T9 -> 0 | W9: =D9*V9 -> 0 | Y9: =D9*X9 -> 0 | Z9: =SUM(I9,O9,U9) -> 0 | AB9: =SUM(K9,Q9,W9) -> 0 | AD9: =SUM(M9,S9,Y9) -> 0 | AM9: 비랄 | AO9: 0
C10: 소계 | E10: =SUM(E6:E9) -> 0 | F10: =SUM(F6:F9) -> 0 | G10: =SUM(G6:G9) -> 0 | I10: =SUM(I6:I9) -> 0 | K10: =SUM(K6:K9) -> 0 | M10: =SUM(M6:M9) -> 0 | O10: =SUM(O6:O9) -> 0 | Q10: =SUM(Q6:Q9) -> 0 | S10: =SUM(S6:S9) -> 0 | U10: =SUM(U6:U9) -> 0 | W10: =SUM(W6:W9) -> 0 | Y10: =SUM(Y6:Y9) -> 0 | Z10: =SUM(Z6:Z9) -> 0 | AB10: =SUM(AB6:AB9) -> 0 | AD10: =SUM(AD6:AD9) -> 0 | AM10: Arauco | AO10: 0
B11: NBKP | C11: 피스리버 | G11: =SUM(Z11,AB11,AD11) -> 0 | I11: =H11*D11 -> 0 | K11: =D11*J11 -> 0 | M11: =D11*L11 -> 0 | O11: =D11*N11 -> 0 | Q11: =D11*P11 -> 0 | S11: =D11*R11 -> 0 | U11: =D11*T11 -> 0 | W11: =D11*V11 -> 0 | Y11: =D11*X11 -> 0 | Z11: =SUM(I11,O11,U11) -> 0 | AA11: =IFERROR(1-AA6,"") | AB11: =SUM(K11,Q11,W11) -> 0 | AC11: =IFERROR(1-AC6,"") | AD11: =SUM(M11,S11,Y11) -> 0 | AE11: =IFERROR(1-AE6,"") | AM11: 하우사운드
C12: Ilimsk | G12: =SUM(Z12,AB12,AD12) -> 0 | I12: =H12*D12 -> 0 | K12: =D12*J12 -> 0 | M12: =D12*L12 -> 0 | O12: =D12*N12 -> 0 | Q12: =D12*P12 -> 0 | S12: =D12*R12 -> 0 | U12: =D12*T12 -> 0 | W12: =D12*V12 -> 0 | Y12: =D12*X12 -> 0 | Z12: =SUM(I12,O12,U12) -> 0 | AB12: =SUM(K12,Q12,W12) -> 0 | AD12: =SUM(M12,S12,Y12) -> 0 | AM12: 일림
C13: 멧자 | D13: 249 | G13: =SUM(Z13,AB13,AD13) -> 0 | I13: =H13*D13 -> 0 | K13: =D13*J13 -> 0 | M13: =D13*L13 -> 0 | O13: =D13*N13 -> 0 | Q13: =D13*P13 -> 0 | S13: =D13*R13 -> 0 | U13: =D13*T13 -> 0 | W13: =D13*V13 -> 0 | Y13: =D13*X13 -> 0 | Z13: =SUM(I13,O13,U13) -> 0 | AB13: =SUM(K13,Q13,W13) -> 0 | AD13: =SUM(M13,S13,Y13) -> 0 | AM13: 피스리버
C14: WET PULP | D14: 150 | G14: =SUM(Z14,AB14,AD14) -> 0 | I14: =H14*D14 -> 0 | K14: =D14*J14 -> 0 | M14: =D14*L14 -> 0 | O14: =D14*N14 -> 0 | Q14: =D14*P14 -> 0 | S14: =D14*R14 -> 0 | U14: =D14*T14 -> 0 | W14: =D14*V14 -> 0 | Y14: =D14*X14 -> 0 | Z14: =SUM(I14,O14,U14) -> 0 | AB14: =SUM(K14,Q14,W14) -> 0 | AD14: =SUM(M14,S14,Y14) -> 0
C15: 소계 | E15: =SUM(E11:E14) -> 0 | F15: =SUM(F11:F14) -> 0 | G15: =SUM(G11:G14) -> 0 | I15: =SUM(I11:I14) -> 0 | K15: =SUM(K11:K14) -> 0 | M15: =SUM(M11:M14) -> 0 | O15: =SUM(O11:O14) -> 0 | Q15: =SUM(Q11:Q14) -> 0 | S15: =SUM(S11:S14) -> 0 | U15: =SUM(U11:U14) -> 0 | W15: =SUM(W11:W14) -> 0 | Y15: =SUM(Y11:Y14) -> 0 | Z15: =SUM(Z11:Z14) -> 0 | AB15: =SUM(AB11:AB14) -> 0 | AD15: =SUM(AD11:AD14) -> 0
B16: 펄프 합계 | E16: =SUM(E15,E10) -> 0 | F16: =SUM(F15,F10) -> 0 | G16: =SUM(G10,G15) -> 0 | H16: =SUM(H15,H10) -> 0 | I16: =SUM(I15,I10) -> 0 | J16: =SUM(J15,J10) -> 0 | K16: =SUM(K15,K10) -> 0 | L16: =SUM(L15,L10) -> 0 | M16: =SUM(M15,M10) -> 0 | N16: =SUM(N15,N10) -> 0 | O16: =SUM(O15,O10) -> 0 | ... Z16: =SUM(Z15,Z10) -> 0 | AB16: =SUM(AB15,AB10) -> 0 | AD16: =SUM(AD15,AD10) -> 0
B27: 2. 원료 관리 현황
B28: 구분 | D28: 펄프 종류 | G28: N-PULP(Soft Wood) | Q28: L-PULP(Hard Wood) | AA28: 비고
D29: 브랜드 명 | G29: 피스리버 | I29: 멧자 | M29: 일림 | O29: WET PULP | S29: Guaiba | U29: 수자노 | W29: WET(LBKP) | Y29: 아카시아APP
D30: 전일 이월량 | G30: ='5'!G42:H42 -> 0 | I30: ='5'!I42:J42 -> 23 | K30: ='5'!K42:L42 -> 0 | M30: ='5'!M42:N42 -> 0 | O30: ='5'!O42:P42 -> 0 | Q30: ='5'!Q42:R42 -> 0 | S30: ='5'!S42:T42 -> 0 | U30: ='5'!U42:V42 -> 0 | W30: ='5'!W42:X42 -> 0 | Y30: ='5'!Y42:Z42 -> 150
B31: 오전 | D31: 입고량
D32: 사용량
D33: 재고량
B34: 오후 | D34: 입고량
D35: 사용량
D36: 재고량
B37: 야간 | D37: 입고량
D38: 사용량
D39: 재고량
B40: 펄프 합계 | D40: 총 사용량 | G40: =SUM(G32,G35,G38) -> 0 | I40: =SUM(I32,I35,I38) -> 0 | K40: =SUM(K32,K35,K38) -> 0 | M40: =SUM(M32,M35,M38) -> 0 | O40: =SUM(O32,O35,O38) -> 0 | Q40: =SUM(Q32,Q35,Q38) -> 0 | S40: =SUM(S32,S35,S38) -> 0 | U40: =SUM(U32,U35,U38) -> 0 | W40: =SUM(W32,W35,W38) -> 0 | Y40: =SUM(Y32,Y35,Y38) -> 0
D41: 총 거래 수량 | G41: =SUM(G30,G31,G34,G37) -> 0 | I41: =SUM(I30,I31,I34,I37) -> 23 | K41: =SUM(K30,K31,K34,K37) -> 0 | M41: =SUM(M30,M31,M34,M37) -> 0 | O41: =SUM(O30,O31,O34,O37) -> 0 | Q41: =SUM(Q30,Q31,Q34,Q37) -> 0 | S41: =SUM(S30,S31,S34,S37) -> 0 | U41: =SUM(U30,U31,U34,U37) -> 0 | W41: =SUM(W30,W31,W34,W37) -> 0 | Y41: =SUM(Y30,Y31,Y34,Y37) -> 150
D42: 재고량 | G42: =G41-G40 -> 0 | I42: =I41-I40 -> 23 | K42: =K41-K40 -> 0 | M42: =M41-M40 -> 0 | O42: =O41-O40 -> 0 | Q42: =Q41-Q40 -> 0 | S42: =S41-S40 -> 0 | U42: =U41-U40 -> 0 | W42: =W41-W40 -> 0 | Y42: =Y41-Y40 -> 150

Sheet 7
B1: ◈ 원질4호기 원료처리 작업 일지 | AM1: NBKP | AO1: LBKP
B2: 1. 원료 처리 현황 | Z2: 2026 년 01 월 07 일 | AK2: 데코 | AM2: 브라츠크 | AO2: Acacia
B3: 구분 | D3: 기준 중량 (kg) | E3: 전일 재공량 | F3: 금일 재공량 | G3: 일 원료 처리량 | H3: 오전( 반) | N3: 오후( 반) | T3: 야간( 반) | Z3: 합계 | AK3: K/T | AM3: WET PULP | AO3: 수자노
H4: 데코 | N4: 데코 | T4: 데코 | Z4: 데코 | AK4: 0 | AM4: 멧자 | AO4: 아카시아APP
H5: Bale | I5: 중량 | J5: Bale | K5: 중량 | L5: Bale | M5: 중량 | N5: Bale | O5: 중량 | P5: Bale | Q5: 중량 | R5: Bale | S5: 중량 | T5: Bale | U5: 중량 | V5: Bale | W5: 중량 | X5: Bale | Y5: 중량 | Z5: 합계 | AA5: 배합비 | AB5: 합계 | AC5: 배합비 | AD5: 합계 | AE5: 배합비 | AK5: 0 | AM5: PCMC | AO5: Santafe
B6: LBKP | C6: Guaiba | D6: 247 | G6: =SUM(Z6,AB6,AD6) -> 0 | I6: =H6*D6 -> 0 | K6: =D6*J6 -> 0 | M6: =D6*L6 -> 0 | O6: =D6*N6 -> 0 | Q6: =D6*P6 -> 0 | S6: =D6*R6 -> 0 | U6: =D6*T6 -> 0 | W6: =D6*V6 -> 0 | Y6: =D6*X6 -> 0 | Z6: =SUM(I6,O6,U6) -> 0 | AA6: =IFERROR(Z10/Z16,"") | AB6: =SUM(K6,Q6,W6) -> 0 | AC6: =IFERROR(AB10/AB16,"") | AD6: =SUM(M6,S6,Y6) -> 0 | AE6: =IFERROR(AD10/AD16,"") | AF6: 비데원지 | AM6: Pacifico | AO6: Guaiba
C7: WET(LBKP) | D7: 137 | G7: =SUM(Z7,AB7,AD7) -> 0 | I7: =H7*D7 -> 0 | K7: =D7*J7 -> 0 | M7: =D7*L7 -> 0 | O7: =D7*N7 -> 0 | Q7: =D7*P7 -> 0 | S7: =D7*R7 -> 0 | U7: =D7*T7 -> 0 | W7: =D7*V7 -> 0 | Y7: =D7*X7 -> 0 | Z7: =SUM(I7,O7,U7) -> 0 | AB7: =SUM(K7,Q7,W7) -> 0 | AD7: =SUM(M7,S7,Y7) -> 0 | AF7: 미용티슈 | AM7: Ilimsk | AO7: WET(LBKP)
C8: Acacia | D8: 250 | G8: =SUM(Z8,AB8,AD8) -> 0 | I8: =H8*D8 -> 0 | K8: =D8*J8 -> 0 | M8: =D8*L8 -> 0 | O8: =D8*N8 -> 0 | Q8: =D8*P8 -> 0 | S8: =D8*R8 -> 0 | U8: =D8*T8 -> 0 | W8: =D8*V8 -> 0 | Y8: =D8*X8 -> 0 | Z8: =SUM(I8,O8,U8) -> 0 | AB8: =SUM(K8,Q8,W8) -> 0 | AD8: =SUM(M8,S8,Y8) -> 0 | AF8: 3R | AM8: 크라프튼 | AO8: 0
C9: 수자노 | D9: 249 | G9: =SUM(Z9,AB9,AD9) -> 0 | I9: =H9*D9 -> 0 | K9: =D9*J9 -> 0 | M9: =D9*L9 -> 0 | O9: =D9*N9 -> 0 | Q9: =D9*P9 -> 0 | S9: =D9*R9 -> 0 | U9: =D9*T9 -> 0 | W9: =D9*V9 -> 0 | Y9: =D9*X9 -> 0 | Z9: =SUM(I9,O9,U9) -> 0 | AB9: =SUM(K9,Q9,W9) -> 0 | AD9: =SUM(M9,S9,Y9) -> 0 | AM9: 비랄 | AO9: 0
C10: 소계 | E10: =SUM(E6:E9) -> 0 | F10: =SUM(F6:F9) -> 0 | G10: =SUM(G6:G9) -> 0 | I10: =SUM(I6:I9) -> 0 | K10: =SUM(K6:K9) -> 0 | M10: =SUM(M6:M9) -> 0 | O10: =SUM(O6:O9) -> 0 | Q10: =SUM(Q6:Q9) -> 0 | S10: =SUM(S6:S9) -> 0 | U10: =SUM(U6:U9) -> 0 | W10: =SUM(W6:W9) -> 0 | Y10: =SUM(Y6:Y9) -> 0 | Z10: =SUM(Z6:Z9) -> 0 | AB10: =SUM(AB6:AB9) -> 0 | AD10: =SUM(AD6:AD9) -> 0 | AM10: Arauco | AO10: 0
B11: NBKP | C11: 피스리버 | G11: =SUM(Z11,AB11,AD11) -> 0 | I11: =H11*D11 -> 0 | K11: =D11*J11 -> 0 | M11: =D11*L11 -> 0 | O11: =D11*N11 -> 0 | Q11: =D11*P11 -> 0 | S11: =D11*R11 -> 0 | U11: =D11*T11 -> 0 | W11: =D11*V11 -> 0 | Y11: =D11*X11 -> 0 | Z11: =SUM(I11,O11,U11) -> 0 | AA11: =IFERROR(1-AA6,"") | AB11: =SUM(K11,Q11,W11) -> 0 | AC11: =IFERROR(1-AC6,"") | AD11: =SUM(M11,S11,Y11) -> 0 | AE11: =IFERROR(1-AE6,"") | AM11: 하우사운드
C12: Ilimsk | G12: =SUM(Z12,AB12,AD12) -> 0 | I12: =H12*D12 -> 0 | K12: =D12*J12 -> 0 | M12: =D12*L12 -> 0 | O12: =D12*N12 -> 0 | Q12: =D12*P12 -> 0 | S12: =D12*R12 -> 0 | U12: =D12*T12 -> 0 | W12: =D12*V12 -> 0 | Y12: =D12*X12 -> 0 | Z12: =SUM(I12,O12,U12) -> 0 | AB12: =SUM(K12,Q12,W12) -> 0 | AD12: =SUM(M12,S12,Y12) -> 0 | AM12: 일림
C13: 멧자 | D13: 249 | G13: =SUM(Z13,AB13,AD13) -> 0 | I13: =H13*D13 -> 0 | K13: =D13*J13 -> 0 | M13: =D13*L13 -> 0 | O13: =D13*N13 -> 0 | Q13: =D13*P13 -> 0 | S13: =D13*R13 -> 0 | U13: =D13*T13 -> 0 | W13: =D13*V13 -> 0 | Y13: =D13*X13 -> 0 | Z13: =SUM(I13,O13,U13) -> 0 | AB13: =SUM(K13,Q13,W13) -> 0 | AD13: =SUM(M13,S13,Y13) -> 0 | AM13: 피스리버
C14: WET PULP | D14: 150 | G14: =SUM(Z14,AB14,AD14) -> 0 | I14: =H14*D14 -> 0 | K14: =D14*J14 -> 0 | M14: =D14*L14 -> 0 | O14: =D14*N14 -> 0 | Q14: =D14*P14 -> 0 | S14: =D14*R14 -> 0 | U14: =D14*T14 -> 0 | W14: =D14*V14 -> 0 | Y14: =D14*X14 -> 0 | Z14: =SUM(I14,O14,U14) -> 0 | AB14: =SUM(K14,Q14,W14) -> 0 | AD14: =SUM(M14,S14,Y14) -> 0
C15: 소계 | E15: =SUM(E11:E14) -> 0 | F15: =SUM(F11:F14) -> 0 | G15: =SUM(G11:G14) -> 0 | I15: =SUM(I11:I14) -> 0 | K15: =SUM(K11:K14) -> 0 | M15: =SUM(M11:M14) -> 0 | O15: =SUM(O11:O14) -> 0 | Q15: =SUM(Q11:Q14) -> 0 | S15: =SUM(S11:S14) -> 0 | U15: =SUM(U11:U14) -> 0 | W15: =SUM(W11:W14) -> 0 | Y15: =SUM(Y11:Y14) -> 0 | Z15: =SUM(Z11:Z14) -> 0 | AB15: =SUM(AB11:AB14) -> 0 | AD15: =SUM(AD11:AD14) -> 0
B16: 펄프 합계 | E16: =SUM(E15,E10) -> 0 | F16: =SUM(F15,F10) -> 0 | G16: =SUM(G10,G15) -> 0 | H16: =SUM(H15,H10) -> 0 | I16: =SUM(I15,I10) -> 0 | J16: =SUM(J15,J10) -> 0 | K16: =SUM(K15,K10) -> 0 | L16: =SUM(L15,L10) -> 0 | M16: =SUM(M15,M10) -> 0 | N16: =SUM(N15,N10) -> 0 | O16: =SUM(O15,O10) -> 0 | ... Z16: =SUM(Z15,Z10) -> 0 | AB16: =SUM(AB15,AB10) -> 0 | AD16: =SUM(AD15,AD10) -> 0
B27: 2. 원료 관리 현황
B28: 구분 | D28: 펄프 종류 | G28: N-PULP(Soft Wood) | Q28: L-PULP(Hard Wood) | AA28: 비고
D29: 브랜드 명 | G29: 피스리버 | I29: 멧자 | M29: 일림 | O29: WET PULP | S29: Guaiba | U29: 수자노 | W29: WET(LBKP) | Y29: 아카시아APP
D30: 전일 이월량 | G30: ='6'!G42:H42 -> 0 | I30: ='6'!I42:J42 -> 23 | K30: ='6'!K42:L42 -> 0 | M30: ='6'!M42:N42 -> 0 | O30: ='6'!O42:P42 -> 0 | Q30: ='6'!Q42:R42 -> 0 | S30: ='6'!S42:T42 -> 0 | U30: ='6'!U42:V42 -> 0 | W30: ='6'!W42:X42 -> 0 | Y30: ='6'!Y42:Z42 -> 150
B31: 오전 | D31: 입고량
D32: 사용량
D33: 재고량
B34: 오후 | D34: 입고량
D35: 사용량
D36: 재고량
B37: 야간 | D37: 입고량
D38: 사용량
D39: 재고량
B40: 펄프 합계 | D40: 총 사용량 | G40: =SUM(G32,G35,G38) -> 0 | I40: =SUM(I32,I35,I38) -> 0 | K40: =SUM(K32,K35,K38) -> 0 | M40: =SUM(M32,M35,M38) -> 0 | O40: =SUM(O32,O35,O38) -> 0 | Q40: =SUM(Q32,Q35,Q38) -> 0 | S40: =SUM(S32,S35,S38) -> 0 | U40: =SUM(U32,U35,U38) -> 0 | W40: =SUM(W32,W35,W38) -> 0 | Y40: =SUM(Y32,Y35,Y38) -> 0
D41: 총 거래 수량 | G41: =SUM(G30,G31,G34,G37) -> 0 | I41: =SUM(I30,I31,I34,I37) -> 23 | K41: =SUM(K30,K31,K34,K37) -> 0 | M41: =SUM(M30,M31,M34,M37) -> 0 | O41: =SUM(O30,O31,O34,O37) -> 0 | Q41: =SUM(Q30,Q31,Q34,Q37) -> 0 | S41: =SUM(S30,S31,S34,S37) -> 0 | U41: =SUM(U30,U31,U34,U37) -> 0 | W41: =SUM(W30,W31,W34,W37) -> 0 | Y41: =SUM(Y30,Y31,Y34,Y37) -> 150
D42: 재고량 | G42: =G41-G40 -> 0 | I42: =I41-I40 -> 23 | K42: =K41-K40 -> 0 | M42: =M41-M40 -> 0 | O42: =O41-O40 -> 0 | Q42: =Q41-Q40 -> 0 | S42: =S41-S40 -> 0 | U42: =U41-U40 -> 0 | W42: =W41-W40 -> 0 | Y42: =Y41-Y40 -> 150

Sheet 8
B1: ◈ 원질4호기 원료처리 작업 일지 | AM1: NBKP | AO1: LBKP
B2: 1. 원료 처리 현황 | Z2: 2026 년 01 월 08 일 | AK2: 데코 | AM2: 브라츠크 | AO2: Acacia
B3: 구분 | D3: 기준 중량 (kg) | E3: 전일 재공량 | F3: 금일 재공량 | G3: 일 원료 처리량 | H3: 오전( 반) | N3: 오후( 반) | T3: 야간( 반) | Z3: 합계 | AK3: K/T | AM3: WET PULP | AO3: 수자노
H4: 데코 | N4: 데코 | T4: 데코 | Z4: 데코 | AK4: 0 | AM4: 멧자 | AO4: 아카시아APP
H5: Bale | I5: 중량 | J5: Bale | K5: 중량 | L5: Bale | M5: 중량 | N5: Bale | O5: 중량 | P5: Bale | Q5: 중량 | R5: Bale | S5: 중량 | T5: Bale | U5: 중량 | V5: Bale | W5: 중량 | X5: Bale | Y5: 중량 | Z5: 합계 | AA5: 배합비 | AB5: 합계 | AC5: 배합비 | AD5: 합계 | AE5: 배합비 | AK5: 0 | AM5: PCMC | AO5: Santafe
B6: LBKP | C6: Guaiba | D6: 247 | G6: =SUM(Z6,AB6,AD6) -> 0 | I6: =H6*D6 -> 0 | K6: =D6*J6 -> 0 | M6: =D6*L6 -> 0 | O6: =D6*N6 -> 0 | Q6: =D6*P6 -> 0 | S6: =D6*R6 -> 0 | U6: =D6*T6 -> 0 | W6: =D6*V6 -> 0 | Y6: =D6*X6 -> 0 | Z6: =SUM(I6,O6,U6) -> 0 | AA6: =IFERROR(Z10/Z16,"") | AB6: =SUM(K6,Q6,W6) -> 0 | AC6: =IFERROR(AB10/AB16,"") | AD6: =SUM(M6,S6,Y6) -> 0 | AE6: =IFERROR(AD10/AD16,"") | AF6: 비데원지 | AM6: Pacifico | AO6: Guaiba
C7: WET(LBKP) | D7: 137 | G7: =SUM(Z7,AB7,AD7) -> 0 | I7: =H7*D7 -> 0 | K7: =D7*J7 -> 0 | M7: =D7*L7 -> 0 | O7: =D7*N7 -> 0 | Q7: =D7*P7 -> 0 | S7: =D7*R7 -> 0 | U7: =D7*T7 -> 0 | W7: =D7*V7 -> 0 | Y7: =D7*X7 -> 0 | Z7: =SUM(I7,O7,U7) -> 0 | AB7: =SUM(K7,Q7,W7) -> 0 | AD7: =SUM(M7,S7,Y7) -> 0 | AF7: 미용티슈 | AM7: Ilimsk | AO7: WET(LBKP)
C8: Acacia | D8: 250 | G8: =SUM(Z8,AB8,AD8) -> 0 | I8: =H8*D8 -> 0 | K8: =D8*J8 -> 0 | M8: =D8*L8 -> 0 | O8: =D8*N8 -> 0 | Q8: =D8*P8 -> 0 | S8: =D8*R8 -> 0 | U8: =D8*T8 -> 0 | W8: =D8*V8 -> 0 | Y8: =D8*X8 -> 0 | Z8: =SUM(I8,O8,U8) -> 0 | AB8: =SUM(K8,Q8,W8) -> 0 | AD8: =SUM(M8,S8,Y8) -> 0 | AF8: 3R | AM8: 크라프튼 | AO8: 0
C9: 수자노 | D9: 249 | G9: =SUM(Z9,AB9,AD9) -> 0 | I9: =H9*D9 -> 0 | K9: =D9*J9 -> 0 | M9: =D9*L9 -> 0 | O9: =D9*N9 -> 0 | Q9: =D9*P9 -> 0 | S9: =D9*R9 -> 0 | U9: =D9*T9 -> 0 | W9: =D9*V9 -> 0 | Y9: =D9*X9 -> 0 | Z9: =SUM(I9,O9,U9) -> 0 | AB9: =SUM(K9,Q9,W9) -> 0 | AD9: =SUM(M9,S9,Y9) -> 0 | AM9: 비랄 | AO9: 0
C10: 소계 | E10: =SUM(E6:E9) -> 0 | F10: =SUM(F6:F9) -> 0 | G10: =SUM(G6:G9) -> 0 | I10: =SUM(I6:I9) -> 0 | K10: =SUM(K6:K9) -> 0 | M10: =SUM(M6:M9) -> 0 | O10: =SUM(O6:O9) -> 0 | Q10: =SUM(Q6:Q9) -> 0 | S10: =SUM(S6:S9) -> 0 | U10: =SUM(U6:U9) -> 0 | W10: =SUM(W6:W9) -> 0 | Y10: =SUM(Y6:Y9) -> 0 | Z10: =SUM(Z6:Z9) -> 0 | AB10: =SUM(AB6:AB9) -> 0 | AD10: =SUM(AD6:AD9) -> 0 | AM10: Arauco | AO10: 0
B11: NBKP | C11: 피스리버 | G11: =SUM(Z11,AB11,AD11) -> 0 | I11: =H11*D11 -> 0 | K11: =D11*J11 -> 0 | M11: =D11*L11 -> 0 | O11: =D11*N11 -> 0 | Q11: =D11*P11 -> 0 | S11: =D11*R11 -> 0 | U11: =D11*T11 -> 0 | W11: =D11*V11 -> 0 | Y11: =D11*X11 -> 0 | Z11: =SUM(I11,O11,U11) -> 0 | AA11: =IFERROR(1-AA6,"") | AB11: =SUM(K11,Q11,W11) -> 0 | AC11: =IFERROR(1-AC6,"") | AD11: =SUM(M11,S11,Y11) -> 0 | AE11: =IFERROR(1-AE6,"") | AM11: 하우사운드
C12: Ilimsk | G12: =SUM(Z12,AB12,AD12) -> 0 | I12: =H12*D12 -> 0 | K12: =D12*J12 -> 0 | M12: =D12*L12 -> 0 | O12: =D12*N12 -> 0 | Q12: =D12*P12 -> 0 | S12: =D12*R12 -> 0 | U12: =D12*T12 -> 0 | W12: =D12*V12 -> 0 | Y12: =D12*X12 -> 0 | Z12: =SUM(I12,O12,U12) -> 0 | AB12: =SUM(K12,Q12,W12) -> 0 | AD12: =SUM(M12,S12,Y12) -> 0 | AM12: 일림
C13: 멧자 | D13: 249 | G13: =SUM(Z13,AB13,AD13) -> 0 | I13: =H13*D13 -> 0 | K13: =D13*J13 -> 0 | M13: =D13*L13 -> 0 | O13: =D13*N13 -> 0 | Q13: =D13*P13 -> 0 | S13: =D13*R13 -> 0 | U13: =D13*T13 -> 0 | W13: =D13*V13 -> 0 | Y13: =D13*X13 -> 0 | Z13: =SUM(I13,O13,U13) -> 0 | AB13: =SUM(K13,Q13,W13) -> 0 | AD13: =SUM(M13,S13,Y13) -> 0 | AM13: 피스리버
C14: WET PULP | D14: 150 | G14: =SUM(Z14,AB14,AD14) -> 0 | I14: =H14*D14 -> 0 | K14: =D14*J14 -> 0 | M14: =D14*L14 -> 0 | O14: =D14*N14 -> 0 | Q14: =D14*P14 -> 0 | S14: =D14*R14 -> 0 | U14: =D14*T14 -> 0 | W14: =D14*V14 -> 0 | Y14: =D14*X14 -> 0 | Z14: =SUM(I14,O14,U14) -> 0 | AB14: =SUM(K14,Q14,W14) -> 0 | AD14: =SUM(M14,S14,Y14) -> 0
C15: 소계 | E15: =SUM(E11:E14) -> 0 | F15: =SUM(F11:F14) -> 0 | G15: =SUM(G11:G14) -> 0 | I15: =SUM(I11:I14) -> 0 | K15: =SUM(K11:K14) -> 0 | M15: =SUM(M11:M14) -> 0 | O15: =SUM(O11:O14) -> 0 | Q15: =SUM(Q11:Q14) -> 0 | S15: =SUM(S11:S14) -> 0 | U15: =SUM(U11:U14) -> 0 | W15: =SUM(W11:W14) -> 0 | Y15: =SUM(Y11:Y14) -> 0 | Z15: =SUM(Z11:Z14) -> 0 | AB15: =SUM(AB11:AB14) -> 0 | AD15: =SUM(AD11:AD14) -> 0
B16: 펄프 합계 | E16: =SUM(E15,E10) -> 0 | F16: =SUM(F15,F10) -> 0 | G16: =SUM(G10,G15) -> 0 | H16: =SUM(H15,H10) -> 0 | I16: =SUM(I15,I10) -> 0 | J16: =SUM(J15,J10) -> 0 | K16: =SUM(K15,K10) -> 0 | L16: =SUM(L15,L10) -> 0 | M16: =SUM(M15,M10) -> 0 | N16: =SUM(N15,N10) -> 0 | O16: =SUM(O15,O10) -> 0 | ... Z16: =SUM(Z15,Z10) -> 0 | AB16: =SUM(AB15,AB10) -> 0 | AD16: =SUM(AD15,AD10) -> 0
B27: 2. 원료 관리 현황
B28: 구분 | D28: 펄프 종류 | G28: N-PULP(Soft Wood) | Q28: L-PULP(Hard Wood) | AA28: 비고
D29: 브랜드 명 | G29: 피스리버 | I29: 멧자 | M29: 일림 | O29: WET PULP | S29: Guaiba | U29: 수자노 | W29: WET(LBKP) | Y29: 아카시아APP
D30: 전일 이월량 | G30: ='7'!G42:H42 -> 0 | I30: ='7'!I42:J42 -> 23 | K30: ='7'!K42:L42 -> 0 | M30: ='7'!M42:N42 -> 0 | O30: ='7'!O42:P42 -> 0 | Q30: ='7'!Q42:R42 -> 0 | S30: ='7'!S42:T42 -> 0 | U30: ='7'!U42:V42 -> 0 | W30: ='7'!W42:X42 -> 0 | Y30: ='7'!Y42:Z42 -> 150
B31: 오전 | D31: 입고량
D32: 사용량
D33: 재고량
B34: 오후 | D34: 입고량
D35: 사용량
D36: 재고량
B37: 야간 | D37: 입고량
D38: 사용량
D39: 재고량
B40: 펄프 합계 | D40: 총 사용량 | G40: =SUM(G32,G35,G38) -> 0 | I40: =SUM(I32,I35,I38) -> 0 | K40: =SUM(K32,K35,K38) -> 0 | M40: =SUM(M32,M35,M38) -> 0 | O40: =SUM(O32,O35,O38) -> 0 | Q40: =SUM(Q32,Q35,Q38) -> 0 | S40: =SUM(S32,S35,S38) -> 0 | U40: =SUM(U32,U35,U38) -> 0 | W40: =SUM(W32,W35,W38) -> 0 | Y40: =SUM(Y32,Y35,Y38) -> 0
D41: 총 거래 수량 | G41: =SUM(G30,G31,G34,G37) -> 0 | I41: =SUM(I30,I31,I34,I37) -> 23 | K41: =SUM(K30,K31,K34,K37) -> 0 | M41: =SUM(M30,M31,M34,M37) -> 0 | O41: =SUM(O30,O31,O34,O37) -> 0 | Q41: =SUM(Q30,Q31,Q34,Q37) -> 0 | S41: =SUM(S30,S31,S34,S37) -> 0 | U41: =SUM(U30,U31,U34,U37) -> 0 | W41: =SUM(W30,W31,W34,W37) -> 0 | Y41: =SUM(Y30,Y31,Y34,Y37) -> 150
D42: 재고량 | G42: =G41-G40 -> 0 | I42: =I41-I40 -> 23 | K42: =K41-K40 -> 0 | M42: =M41-M40 -> 0 | O42: =O41-O40 -> 0 | Q42: =Q41-Q40 -> 0 | S42: =S41-S40 -> 0 | U42: =U41-U40 -> 0 | W42: =W41-W40 -> 0 | Y42: =Y41-Y40 -> 150

Sheet 9
B1: ◈ 원질4호기 원료처리 작업 일지 | AM1: NBKP | AO1: LBKP
B2: 1. 원료 처리 현황 | Z2: 2026 년 01 월 09 일 | AK2: 데코 | AM2: 브라츠크 | AO2: Acacia
B3: 구분 | D3: 기준 중량 (kg) | E3: 전일 재공량 | F3: 금일 재공량 | G3: 일 원료 처리량 | H3: 오전( 반) | N3: 오후( 반) | T3: 야간( 반) | Z3: 합계 | AK3: K/T | AM3: WET PULP | AO3: 수자노
H4: 데코 | N4: 데코 | T4: 데코 | Z4: 데코 | AK4: 0 | AM4: 멧자 | AO4: 아카시아APP
H5: Bale | I5: 중량 | J5: Bale | K5: 중량 | L5: Bale | M5: 중량 | N5: Bale | O5: 중량 | P5: Bale | Q5: 중량 | R5: Bale | S5: 중량 | T5: Bale | U5: 중량 | V5: Bale | W5: 중량 | X5: Bale | Y5: 중량 | Z5: 합계 | AA5: 배합비 | AB5: 합계 | AC5: 배합비 | AD5: 합계 | AE5: 배합비 | AK5: 0 | AM5: PCMC | AO5: Santafe
B6: LBKP | C6: Guaiba | D6: 247 | G6: =SUM(Z6,AB6,AD6) -> 0 | I6: =H6*D6 -> 0 | K6: =D6*J6 -> 0 | M6: =D6*L6 -> 0 | O6: =D6*N6 -> 0 | Q6: =D6*P6 -> 0 | S6: =D6*R6 -> 0 | U6: =D6*T6 -> 0 | W6: =D6*V6 -> 0 | Y6: =D6*X6 -> 0 | Z6: =SUM(I6,O6,U6) -> 0 | AA6: =IFERROR(Z10/Z16,"") -> 0.88761847 | AB6: =SUM(K6,Q6,W6) -> 0 | AC6: =IFERROR(AB10/AB16,"") | AD6: =SUM(M6,S6,Y6) -> 0 | AE6: =IFERROR(AD10/AD16,"") | AF6: 비데원지 | AM6: Pacifico | AO6: Guaiba
C7: WET(LBKP) | D7: 137 | G7: =SUM(Z7,AB7,AD7) -> 0 | I7: =H7*D7 -> 0 | K7: =D7*J7 -> 0 | M7: =D7*L7 -> 0 | O7: =D7*N7 -> 0 | Q7: =D7*P7 -> 0 | S7: =D7*R7 -> 0 | U7: =D7*T7 -> 0 | W7: =D7*V7 -> 0 | Y7: =D7*X7 -> 0 | Z7: =SUM(I7,O7,U7) -> 0 | AB7: =SUM(K7,Q7,W7) -> 0 | AD7: =SUM(M7,S7,Y7) -> 0 | AF7: 미용티슈 | AM7: Ilimsk | AO7: WET(LBKP)
C8: Acacia | D8: 250 | G8: =SUM(Z8,AB8,AD8) -> 29500 | I8: =H8*D8 -> 0 | K8: =D8*J8 -> 0 | M8: =D8*L8 -> 0 | N8: 70 | O8: =D8*N8 -> 17500 | Q8: =D8*P8 -> 0 | S8: =D8*R8 -> 0 | T8: 48 | U8: =D8*T8 -> 12000 | W8: =D8*V8 -> 0 | Y8: =D8*X8 -> 0 | Z8: =SUM(I8,O8,U8) -> 29500 | AB8: =SUM(K8,Q8,W8) -> 0 | AD8: =SUM(M8,S8,Y8) -> 0 | AF8: 3R | AM8: 크라프튼 | AO8: 0
C9: 수자노 | D9: 249 | G9: =SUM(Z9,AB9,AD9) -> 0 | I9: =H9*D9 -> 0 | K9: =D9*J9 -> 0 | M9: =D9*L9 -> 0 | O9: =D9*N9 -> 0 | Q9: =D9*P9 -> 0 | S9: =D9*R9 -> 0 | U9: =D9*T9 -> 0 | W9: =D9*V9 -> 0 | Y9: =D9*X9 -> 0 | Z9: =SUM(I9,O9,U9) -> 0 | AB9: =SUM(K9,Q9,W9) -> 0 | AD9: =SUM(M9,S9,Y9) -> 0 | AM9: 비랄 | AO9: 0
C10: 소계 | E10: =SUM(E6:E9) -> 0 | F10: =SUM(F6:F9) -> 0 | G10: =SUM(G6:G9) -> 29500 | I10: =SUM(I6:I9) -> 0 | K10: =SUM(K6:K9) -> 0 | M10: =SUM(M6:M9) -> 0 | O10: =SUM(O6:O9) -> 17500 | Q10: =SUM(Q6:Q9) -> 0 | S10: =SUM(S6:S9) -> 0 | U10: =SUM(U6:U9) -> 12000 | W10: =SUM(W6:W9) -> 0 | Y10: =SUM(Y6:Y9) -> 0 | Z10: =SUM(Z6:Z9) -> 29500 | AB10: =SUM(AB6:AB9) -> 0 | AD10: =SUM(AD6:AD9) -> 0 | AM10: Arauco | AO10: 0
B11: NBKP | C11: 피스리버 | G11: =SUM(Z11,AB11,AD11) -> 0 | I11: =H11*D11 -> 0 | K11: =D11*J11 -> 0 | M11: =D11*L11 -> 0 | O11: =D11*N11 -> 0 | Q11: =D11*P11 -> 0 | S11: =D11*R11 -> 0 | U11: =D11*T11 -> 0 | W11: =D11*V11 -> 0 | Y11: =D11*X11 -> 0 | Z11: =SUM(I11,O11,U11) -> 0 | AA11: =IFERROR(1-AA6,"") -> 0.11238153 | AB11: =SUM(K11,Q11,W11) -> 0 | AC11: =IFERROR(1-AC6,"") | AD11: =SUM(M11,S11,Y11) -> 0 | AE11: =IFERROR(1-AE6,"") | AM11: 하우사운드
C12: Ilimsk | G12: =SUM(Z12,AB12,AD12) -> 0 | I12: =H12*D12 -> 0 | K12: =D12*J12 -> 0 | M12: =D12*L12 -> 0 | O12: =D12*N12 -> 0 | Q12: =D12*P12 -> 0 | S12: =D12*R12 -> 0 | U12: =D12*T12 -> 0 | W12: =D12*V12 -> 0 | Y12: =D12*X12 -> 0 | Z12: =SUM(I12,O12,U12) -> 0 | AB12: =SUM(K12,Q12,W12) -> 0 | AD12: =SUM(M12,S12,Y12) -> 0 | AM12: 일림
C13: 멧자 | D13: 249 | G13: =SUM(Z13,AB13,AD13) -> 3735 | I13: =H13*D13 -> 0 | K13: =D13*J13 -> 0 | M13: =D13*L13 -> 0 | N13: 9 | O13: =D13*N13 -> 2241 | Q13: =D13*P13 -> 0 | S13: =D13*R13 -> 0 | T13: 6 | U13: =D13*T13 -> 1494 | W13: =D13*V13 -> 0 | Y13: =D13*X13 -> 0 | Z13: =SUM(I13,O13,U13) -> 3735 | AB13: =SUM(K13,Q13,W13) -> 0 | AD13: =SUM(M13,S13,Y13) -> 0 | AM13: 피스리버
C14: WET PULP | D14: 150 | G14: =SUM(Z14,AB14,AD14) -> 0 | I14: =H14*D14 -> 0 | K14: =D14*J14 -> 0 | M14: =D14*L14 -> 0 | O14: =D14*N14 -> 0 | Q14: =D14*P14 -> 0 | S14: =D14*R14 -> 0 | U14: =D14*T14 -> 0 | W14: =D14*V14 -> 0 | Y14: =D14*X14 -> 0 | Z14: =SUM(I14,O14,U14) -> 0 | AB14: =SUM(K14,Q14,W14) -> 0 | AD14: =SUM(M14,S14,Y14) -> 0
C15: 소계 | E15: =SUM(E11:E14) -> 0 | F15: =SUM(F11:F14) -> 0 | G15: =SUM(G11:G14) -> 3735 | I15: =SUM(I11:I14) -> 0 | K15: =SUM(K11:K14) -> 0 | M15: =SUM(M11:M14) -> 0 | O15: =SUM(O11:O14) -> 2241 | Q15: =SUM(Q11:Q14) -> 0 | S15: =SUM(S11:S14) -> 0 | U15: =SUM(U11:U14) -> 1494 | W15: =SUM(W11:W14) -> 0 | Y15: =SUM(Y11:Y14) -> 0 | Z15: =SUM(Z11:Z14) -> 3735 | AB15: =SUM(AB11:AB14) -> 0 | AD15: =SUM(AD11:AD14) -> 0
B16: 펄프 합계 | E16: =SUM(E15,E10) -> 0 | F16: =SUM(F15,F10) -> 0 | G16: =SUM(G10,G15) -> 33235 | H16: =SUM(H15,H10) -> 0 | I16: =SUM(I15,I10) -> 0 | J16: =SUM(J15,J10) -> 0 | K16: =SUM(K15,K10) -> 0 | L16: =SUM(L15,L10) -> 0 | M16: =SUM(M15,M10) -> 0 | N16: =SUM(N15,N10) -> 0 | O16: =SUM(O15,O10) -> 19741 | ... Z16: =SUM(Z15,Z10) -> 33235 | AB16: =SUM(AB15,AB10) -> 0 | AD16: =SUM(AD15,AD10) -> 0
B27: 2. 원료 관리 현황
B28: 구분 | D28: 펄프 종류 | G28: N-PULP(Soft Wood) | Q28: L-PULP(Hard Wood) | AA28: 비고
D29: 브랜드 명 | G29: 피스리버 | I29: 멧자 | M29: 일림 | O29: WET PULP | S29: Guaiba | U29: 수자노 | W29: WET(LBKP) | Y29: 아카시아APP
D30: 전일 이월량 | G30: ='8'!G42:H42 -> 0 | I30: ='8'!I42:J42 -> 23 | K30: ='8'!K42:L42 -> 0 | M30: ='8'!M42:N42 -> 0 | O30: ='8'!O42:P42 -> 0 | Q30: ='8'!Q42:R42 -> 0 | S30: ='8'!S42:T42 -> 0 | U30: ='8'!U42:V42 -> 0 | W30: ='8'!W42:X42 -> 0 | Y30: ='8'!Y42:Z42 -> 150
B31: 오전 | D31: 입고량 | I31: 7 | Y31: 53
D32: 사용량
D33: 재고량
B34: 오후 | D34: 입고량
D35: 사용량 | I35: 9 | Y35: 70
D36: 재고량
B37: 야간 | D37: 입고량
D38: 사용량 | I38: 6 | Y38: 48
D39: 재고량 | I39: 15 | Y39: 85
B40: 펄프 합계 | D40: 총 사용량 | G40: =SUM(G32,G35,G38) -> 0 | I40: =SUM(I32,I35,I38) -> 15 | K40: =SUM(K32,K35,K38) -> 0 | M40: =SUM(M32,M35,M38) -> 0 | O40: =SUM(O32,O35,O38) -> 0 | Q40: =SUM(Q32,Q35,Q38) -> 0 | S40: =SUM(S32,S35,S38) -> 0 | U40: =SUM(U32,U35,U38) -> 0 | W40: =SUM(W32,W35,W38) -> 0 | Y40: =SUM(Y32,Y35,Y38) -> 118
D41: 총 거래 수량 | G41: =SUM(G30,G31,G34,G37) -> 0 | I41: =SUM(I30,I31,I34,I37) -> 30 | K41: =SUM(K30,K31,K34,K37) -> 0 | M41: =SUM(M30,M31,M34,M37) -> 0 | O41: =SUM(O30,O31,O34,O37) -> 0 | Q41: =SUM(Q30,Q31,Q34,Q37) -> 0 | S41: =SUM(S30,S31,S34,S37) -> 0 | U41: =SUM(U30,U31,U34,U37) -> 0 | W41: =SUM(W30,W31,W34,W37) -> 0 | Y41: =SUM(Y30,Y31,Y34,Y37) -> 203
D42: 재고량 | G42: =G41-G40 -> 0 | I42: =I41-I40 -> 15 | K42: =K41-K40 -> 0 | M42: =M41-M40 -> 0 | O42: =O41-O40 -> 0 | Q42: =Q41-Q40 -> 0 | S42: =S41-S40 -> 0 | U42: =U41-U40 -> 0 | W42: =W41-W40 -> 0 | Y42: =Y41-Y40 -> 85

Sheet 10
B1: ◈ 원질4호기 원료처리 작업 일지 | AM1: NBKP | AO1: LBKP
B2: 1. 원료 처리 현황 | Z2: 2026 년 01 월 10 일 | AK2: 데코 | AM2: 브라츠크 | AO2: Acacia
B3: 구분 | D3: 기준 중량 (kg) | E3: 전일 재공량 | F3: 금일 재공량 | G3: 일 원료 처리량 | H3: 오전( 반) | N3: 오후( 반) | T3: 야간( 반) | Z3: 합계 | AK3: K/T | AM3: WET PULP | AO3: 수자노
H4: 데코 | N4: 데코 | T4: 데코 | Z4: 데코 | AK4: 0 | AM4: 멧자 | AO4: 아카시아APP
H5: Bale | I5: 중량 | J5: Bale | K5: 중량 | L5: Bale | M5: 중량 | N5: Bale | O5: 중량 | P5: Bale | Q5: 중량 | R5: Bale | S5: 중량 | T5: Bale | U5: 중량 | V5: Bale | W5: 중량 | X5: Bale | Y5: 중량 | Z5: 합계 | AA5: 배합비 | AB5: 합계 | AC5: 배합비 | AD5: 합계 | AE5: 배합비 | AK5: 0 | AM5: PCMC | AO5: Santafe
B6: LBKP | C6: Guaiba | D6: 247 | G6: =SUM(Z6,AB6,AD6) -> 0 | I6: =H6*D6 -> 0 | K6: =D6*J6 -> 0 | M6: =D6*L6 -> 0 | O6: =D6*N6 -> 0 | Q6: =D6*P6 -> 0 | S6: =D6*R6 -> 0 | U6: =D6*T6 -> 0 | W6: =D6*V6 -> 0 | Y6: =D6*X6 -> 0 | Z6: =SUM(I6,O6,U6) -> 0 | AA6: =IFERROR(Z10/Z16,"") -> 0.90088203 | AB6: =SUM(K6,Q6,W6) -> 0 | AC6: =IFERROR(AB10/AB16,"") | AD6: =SUM(M6,S6,Y6) -> 0 | AE6: =IFERROR(AD10/AD16,"") | AF6: 비데원지 | AM6: Pacifico | AO6: Guaiba
C7: WET(LBKP) | D7: 137 | G7: =SUM(Z7,AB7,AD7) -> 0 | I7: =H7*D7 -> 0 | K7: =D7*J7 -> 0 | M7: =D7*L7 -> 0 | O7: =D7*N7 -> 0 | Q7: =D7*P7 -> 0 | S7: =D7*R7 -> 0 | U7: =D7*T7 -> 0 | W7: =D7*V7 -> 0 | Y7: =D7*X7 -> 0 | Z7: =SUM(I7,O7,U7) -> 0 | AB7: =SUM(K7,Q7,W7) -> 0 | AD7: =SUM(M7,S7,Y7) -> 0 | AF7: 미용티슈 | AM7: Ilimsk | AO7: WET(LBKP)
C8: Acacia | D8: 250 | G8: =SUM(Z8,AB8,AD8) -> 43000 | H8: 48 | I8: =H8*D8 -> 12000 | K8: =D8*J8 -> 0 | M8: =D8*L8 -> 0 | N8: 60 | O8: =D8*N8 -> 15000 | Q8: =D8*P8 -> 0 | S8: =D8*R8 -> 0 | T8: 64 | U8: =D8*T8 -> 16000 | W8: =D8*V8 -> 0 | Y8: =D8*X8 -> 0 | Z8: =SUM(I8,O8,U8) -> 43000 | AB8: =SUM(K8,Q8,W8) -> 0 | AD8: =SUM(M8,S8,Y8) -> 0 | AF8: 3R | AM8: 크라프튼 | AO8: 0
C9: 수자노 | D9: 249 | G9: =SUM(Z9,AB9,AD9) -> 0 | I9: =H9*D9 -> 0 | K9: =D9*J9 -> 0 | M9: =D9*L9 -> 0 | O9: =D9*N9 -> 0 | Q9: =D9*P9 -> 0 | S9: =D9*R9 -> 0 | U9: =D9*T9 -> 0 | W9: =D9*V9 -> 0 | Y9: =D9*X9 -> 0 | Z9: =SUM(I9,O9,U9) -> 0 | AB9: =SUM(K9,Q9,W9) -> 0 | AD9: =SUM(M9,S9,Y9) -> 0 | AM9: 비랄 | AO9: 0
C10: 소계 | E10: =SUM(E6:E9) -> 0 | F10: =SUM(F6:F9) -> 0 | G10: =SUM(G6:G9) -> 43000 | I10: =SUM(I6:I9) -> 12000 | K10: =SUM(K6:K9) -> 0 | M10: =SUM(M6:M9) -> 0 | O10: =SUM(O6:O9) -> 15000 | Q10: =SUM(Q6:Q9) -> 0 | S10: =SUM(S6:S9) -> 0 | U10: =SUM(U6:U9) -> 16000 | W10: =SUM(W6:W9) -> 0 | Y10: =SUM(Y6:Y9) -> 0 | Z10: =SUM(Z6:Z9) -> 43000 | AB10: =SUM(AB6:AB9) -> 0 | AD10: =SUM(AD6:AD9) -> 0 | AM10: Arauco | AO10: 0
B11: NBKP | C11: 피스리버 | G11: =SUM(Z11,AB11,AD11) -> 0 | I11: =H11*D11 -> 0 | K11: =D11*J11 -> 0 | M11: =D11*L11 -> 0 | O11: =D11*N11 -> 0 | Q11: =D11*P11 -> 0 | S11: =D11*R11 -> 0 | U11: =D11*T11 -> 0 | W11: =D11*V11 -> 0 | Y11: =D11*X11 -> 0 | Z11: =SUM(I11,O11,U11) -> 0 | AA11: =IFERROR(1-AA6,"") -> 0.099117974 | AB11: =SUM(K11,Q11,W11) -> 0 | AC11: =IFERROR(1-AC6,"") | AD11: =SUM(M11,S11,Y11) -> 0 | AE11: =IFERROR(1-AE6,"") | AM11: 하우사운드
C12: Ilimsk | G12: =SUM(Z12,AB12,AD12) -> 0 | I12: =H12*D12 -> 0 | K12: =D12*J12 -> 0 | M12: =D12*L12 -> 0 | O12: =D12*N12 -> 0 | Q12: =D12*P12 -> 0 | S12: =D12*R12 -> 0 | U12: =D12*T12 -> 0 | W12: =D12*V12 -> 0 | Y12: =D12*X12 -> 0 | Z12: =SUM(I12,O12,U12) -> 0 | AB12: =SUM(K12,Q12,W12) -> 0 | AD12: =SUM(M12,S12,Y12) -> 0 | AM12: 일림
C13: 멧자 | D13: 249 | G13: =SUM(Z13,AB13,AD13) -> 4731 | H13: 6 | I13: =H13*D13 -> 1494 | K13: =D13*J13 -> 0 | M13: =D13*L13 -> 0 | N13: 6 | O13: =D13*N13 -> 1494 | Q13: =D13*P13 -> 0 | S13: =D13*R13 -> 0 | T13: 7 | U13: =D13*T13 -> 1743 | W13: =D13*V13 -> 0 | Y13: =D13*X13 -> 0 | Z13: =SUM(I13,O13,U13) -> 4731 | AB13: =SUM(K13,Q13,W13) -> 0 | AD13: =SUM(M13,S13,Y13) -> 0 | AM13: 피스리버
C14: WET PULP | D14: 150 | G14: =SUM(Z14,AB14,AD14) -> 0 | I14: =H14*D14 -> 0 | K14: =D14*J14 -> 0 | M14: =D14*L14 -> 0 | O14: =D14*N14 -> 0 | Q14: =D14*P14 -> 0 | S14: =D14*R14 -> 0 | U14: =D14*T14 -> 0 | W14: =D14*V14 -> 0 | Y14: =D14*X14 -> 0 | Z14: =SUM(I14,O14,U14) -> 0 | AB14: =SUM(K14,Q14,W14) -> 0 | AD14: =SUM(M14,S14,Y14) -> 0
C15: 소계 | E15: =SUM(E11:E14) -> 0 | F15: =SUM(F11:F14) -> 0 | G15: =SUM(G11:G14) -> 4731 | I15: =SUM(I11:I14) -> 1494 | K15: =SUM(K11:K14) -> 0 | M15: =SUM(M11:M14) -> 0 | O15: =SUM(O11:O14) -> 1494 | Q15: =SUM(Q11:Q14) -> 0 | S15: =SUM(S11:S14) -> 0 | U15: =SUM(U11:U14) -> 1743 | W15: =SUM(W11:W14) -> 0 | Y15: =SUM(Y11:Y14) -> 0 | Z15: =SUM(Z11:Z14) -> 4731 | AB15: =SUM(AB11:AB14) -> 0 | AD15: =SUM(AD11:AD14) -> 0
B16: 펄프 합계 | E16: =SUM(E15,E10) -> 0 | F16: =SUM(F15,F10) -> 0 | G16: =SUM(G10,G15) -> 47731 | H16: =SUM(H15,H10) -> 0 | I16: =SUM(I15,I10) -> 13494 | J16: =SUM(J15,J10) -> 0 | K16: =SUM(K15,K10) -> 0 | L16: =SUM(L15,L10) -> 0 | M16: =SUM(M15,M10) -> 0 | N16: =SUM(N15,N10) -> 0 | O16: =SUM(O15,O10) -> 16494 | ... Z16: =SUM(Z15,Z10) -> 47731 | AB16: =SUM(AB15,AB10) -> 0 | AD16: =SUM(AD15,AD10) -> 0
B27: 2. 원료 관리 현황
B28: 구분 | D28: 펄프 종류 | G28: N-PULP(Soft Wood) | Q28: L-PULP(Hard Wood) | AA28: 비고
D29: 브랜드 명 | G29: 피스리버 | I29: 멧자 | M29: 일림 | O29: WET PULP | S29: Guaiba | U29: 수자노 | W29: WET(LBKP) | Y29: 아카시아APP
D30: 전일 이월량 | G30: ='9'!G42:H42 -> 0 | I30: ='9'!I42:J42 -> 15 | K30: ='9'!K42:L42 -> 0 | M30: ='9'!M42:N42 -> 0 | O30: ='9'!O42:P42 -> 0 | Q30: ='9'!Q42:R42 -> 0 | S30: ='9'!S42:T42 -> 0 | U30: ='9'!U42:V42 -> 0 | W30: ='9'!W42:X42 -> 0 | Y30: ='9'!Y42:Z42 -> 85
B31: 오전 | D31: 입고량 | I31: 16 | Y31: 160
D32: 사용량 | I32: 6 | Y32: 48
D33: 재고량
B34: 오후 | D34: 입고량
D35: 사용량 | I35: 6 | Y35: 60
D36: 재고량
B37: 야간 | D37: 입고량
D38: 사용량 | I38: 7 | Y38: 64
D39: 재고량 | I39: 12 | Y39: 73
B40: 펄프 합계 | D40: 총 사용량 | G40: =SUM(G32,G35,G38) -> 0 | I40: =SUM(I32,I35,I38) -> 19 | K40: =SUM(K32,K35,K38) -> 0 | M40: =SUM(M32,M35,M38) -> 0 | O40: =SUM(O32,O35,O38) -> 0 | Q40: =SUM(Q32,Q35,Q38) -> 0 | S40: =SUM(S32,S35,S38) -> 0 | U40: =SUM(U32,U35,U38) -> 0 | W40: =SUM(W32,W35,W38) -> 0 | Y40: =SUM(Y32,Y35,Y38) -> 172
D41: 총 거래 수량 | G41: =SUM(G30,G31,G34,G37) -> 0 | I41: =SUM(I30,I31,I34,I37) -> 31 | K41: =SUM(K30,K31,K34,K37) -> 0 | M41: =SUM(M30,M31,M34,M37) -> 0 | O41: =SUM(O30,O31,O34,O37) -> 0 | Q41: =SUM(Q30,Q31,Q34,Q37) -> 0 | S41: =SUM(S30,S31,S34,S37) -> 0 | U41: =SUM(U30,U31,U34,U37) -> 0 | W41: =SUM(W30,W31,W34,W37) -> 0 | Y41: =SUM(Y30,Y31,Y34,Y37) -> 245
D42: 재고량 | G42: =G41-G40 -> 0 | I42: =I41-I40 -> 12 | K42: =K41-K40 -> 0 | M42: =M41-M40 -> 0 | O42: =O41-O40 -> 0 | Q42: =Q41-Q40 -> 0 | S42: =S41-S40 -> 0 | U42: =U41-U40 -> 0 | W42: =W41-W40 -> 0 | Y42: =Y41-Y40 -> 73

Sheet 11
B1: ◈ 원질4호기 원료처리 작업 일지 | AM1: NBKP | AO1: LBKP
B2: 1. 원료 처리 현황 | Z2: 2026 년 01 월 11 일 | AK2: 데코 | AM2: 브라츠크 | AO2: Acacia
B3: 구분 | D3: 기준 중량 (kg) | E3: 전일 재공량 | F3: 금일 재공량 | G3: 일 원료 처리량 | H3: 오전( 반) | N3: 오후( 반) | T3: 야간( 반) | Z3: 합계 | AK3: K/T | AM3: WET PULP | AO3: 수자노
H4: 데코 | N4: 데코 | T4: 데코 | Z4: 데코 | AK4: 0 | AM4: 멧자 | AO4: 아카시아APP
H5: Bale | I5: 중량 | J5: Bale | K5: 중량 | L5: Bale | M5: 중량 | N5: Bale | O5: 중량 | P5: Bale | Q5: 중량 | R5: Bale | S5: 중량 | T5: Bale | U5: 중량 | V5: Bale | W5: 중량 | X5: Bale | Y5: 중량 | Z5: 합계 | AA5: 배합비 | AB5: 합계 | AC5: 배합비 | AD5: 합계 | AE5: 배합비 | AK5: 0 | AM5: PCMC | AO5: Santafe
B6: LBKP | C6: Guaiba | D6: 247 | G6: =SUM(Z6,AB6,AD6) -> 0 | I6: =H6*D6 -> 0 | K6: =D6*J6 -> 0 | M6: =D6*L6 -> 0 | O6: =D6*N6 -> 0 | Q6: =D6*P6 -> 0 | S6: =D6*R6 -> 0 | U6: =D6*T6 -> 0 | W6: =D6*V6 -> 0 | Y6: =D6*X6 -> 0 | Z6: =SUM(I6,O6,U6) -> 0 | AA6: =IFERROR(Z10/Z16,"") -> 0.88928413 | AB6: =SUM(K6,Q6,W6) -> 0 | AC6: =IFERROR(AB10/AB16,"") | AD6: =SUM(M6,S6,Y6) -> 0 | AE6: =IFERROR(AD10/AD16,"") | AF6: 비데원지 | AM6: Pacifico | AO6: Guaiba
C7: WET(LBKP) | D7: 137 | G7: =SUM(Z7,AB7,AD7) -> 0 | I7: =H7*D7 -> 0 | K7: =D7*J7 -> 0 | M7: =D7*L7 -> 0 | O7: =D7*N7 -> 0 | Q7: =D7*P7 -> 0 | S7: =D7*R7 -> 0 | U7: =D7*T7 -> 0 | W7: =D7*V7 -> 0 | Y7: =D7*X7 -> 0 | Z7: =SUM(I7,O7,U7) -> 0 | AB7: =SUM(K7,Q7,W7) -> 0 | AD7: =SUM(M7,S7,Y7) -> 0 | AF7: 미용티슈 | AM7: Ilimsk | AO7: WET(LBKP)
C8: Acacia | D8: 250 | G8: =SUM(Z8,AB8,AD8) -> 40000 | H8: 48 | I8: =H8*D8 -> 12000 | K8: =D8*J8 -> 0 | M8: =D8*L8 -> 0 | N8: 56 | O8: =D8*N8 -> 14000 | Q8: =D8*P8 -> 0 | S8: =D8*R8 -> 0 | T8: 56 | U8: =D8*T8 -> 14000 | W8: =D8*V8 -> 0 | Y8: =D8*X8 -> 0 | Z8: =SUM(I8,O8,U8) -> 40000 | AB8: =SUM(K8,Q8,W8) -> 0 | AD8: =SUM(M8,S8,Y8) -> 0 | AF8: 3R | AM8: 크라프튼 | AO8: 0
C9: 수자노 | D9: 249 | G9: =SUM(Z9,AB9,AD9) -> 0 | I9: =H9*D9 -> 0 | K9: =D9*J9 -> 0 | M9: =D9*L9 -> 0 | O9: =D9*N9 -> 0 | Q9: =D9*P9 -> 0 | S9: =D9*R9 -> 0 | U9: =D9*T9 -> 0 | W9: =D9*V9 -> 0 | Y9: =D9*X9 -> 0 | Z9: =SUM(I9,O9,U9) -> 0 | AB9: =SUM(K9,Q9,W9) -> 0 | AD9: =SUM(M9,S9,Y9) -> 0 | AM9: 비랄 | AO9: 0
C10: 소계 | E10: =SUM(E6:E9) -> 0 | F10: =SUM(F6:F9) -> 0 | G10: =SUM(G6:G9) -> 40000 | I10: =SUM(I6:I9) -> 12000 | K10: =SUM(K6:K9) -> 0 | M10: =SUM(M6:M9) -> 0 | O10: =SUM(O6:O9) -> 14000 | Q10: =SUM(Q6:Q9) -> 0 | S10: =SUM(S6:S9) -> 0 | U10: =SUM(U6:U9) -> 14000 | W10: =SUM(W6:W9) -> 0 | Y10: =SUM(Y6:Y9) -> 0 | Z10: =SUM(Z6:Z9) -> 40000 | AB10: =SUM(AB6:AB9) -> 0 | AD10: =SUM(AD6:AD9) -> 0 | AM10: Arauco | AO10: 0
B11: NBKP | C11: 피스리버 | G11: =SUM(Z11,AB11,AD11) -> 0 | I11: =H11*D11 -> 0 | K11: =D11*J11 -> 0 | M11: =D11*L11 -> 0 | O11: =D11*N11 -> 0 | Q11: =D11*P11 -> 0 | S11: =D11*R11 -> 0 | U11: =D11*T11 -> 0 | W11: =D11*V11 -> 0 | Y11: =D11*X11 -> 0 | Z11: =SUM(I11,O11,U11) -> 0 | AA11: =IFERROR(1-AA6,"") -> 0.11071587 | AB11: =SUM(K11,Q11,W11) -> 0 | AC11: =IFERROR(1-AC6,"") | AD11: =SUM(M11,S11,Y11) -> 0 | AE11: =IFERROR(1-AE6,"") | AM11: 하우사운드
C12: Ilimsk | G12: =SUM(Z12,AB12,AD12) -> 0 | I12: =H12*D12 -> 0 | K12: =D12*J12 -> 0 | M12: =D12*L12 -> 0 | O12: =D12*N12 -> 0 | Q12: =D12*P12 -> 0 | S12: =D12*R12 -> 0 | U12: =D12*T12 -> 0 | W12: =D12*V12 -> 0 | Y12: =D12*X12 -> 0 | Z12: =SUM(I12,O12,U12) -> 0 | AB12: =SUM(K12,Q12,W12) -> 0 | AD12: =SUM(M12,S12,Y12) -> 0 | AM12: 일림
C13: 멧자 | D13: 249 | G13: =SUM(Z13,AB13,AD13) -> 4980 | H13: 6 | I13: =H13*D13 -> 1494 | K13: =D13*J13 -> 0 | M13: =D13*L13 -> 0 | N13: 7 | O13: =D13*N13 -> 1743 | Q13: =D13*P13 -> 0 | S13: =D13*R13 -> 0 | T13: 7 | U13: =D13*T13 -> 1743 | W13: =D13*V13 -> 0 | Y13: =D13*X13 -> 0 | Z13: =SUM(I13,O13,U13) -> 4980 | AB13: =SUM(K13,Q13,W13) -> 0 | AD13: =SUM(M13,S13,Y13) -> 0 | AM13: 피스리버
C14: WET PULP | D14: 150 | G14: =SUM(Z14,AB14,AD14) -> 0 | I14: =H14*D14 -> 0 | K14: =D14*J14 -> 0 | M14: =D14*L14 -> 0 | O14: =D14*N14 -> 0 | Q14: =D14*P14 -> 0 | S14: =D14*R14 -> 0 | U14: =D14*T14 -> 0 | W14: =D14*V14 -> 0 | Y14: =D14*X14 -> 0 | Z14: =SUM(I14,O14,U14) -> 0 | AB14: =SUM(K14,Q14,W14) -> 0 | AD14: =SUM(M14,S14,Y14) -> 0
C15: 소계 | E15: =SUM(E11:E14) -> 0 | F15: =SUM(F11:F14) -> 0 | G15: =SUM(G11:G14) -> 4980 | I15: =SUM(I11:I14) -> 1494 | K15: =SUM(K11:K14) -> 0 | M15: =SUM(M11:M14) -> 0 | O15: =SUM(O11:O14) -> 1743 | Q15: =SUM(Q11:Q14) -> 0 | S15: =SUM(S11:S14) -> 0 | U15: =SUM(U11:U14) -> 1743 | W15: =SUM(W11:W14) -> 0 | Y15: =SUM(Y11:Y14) -> 0 | Z15: =SUM(Z11:Z14) -> 4980 | AB15: =SUM(AB11:AB14) -> 0 | AD15: =SUM(AD11:AD14) -> 0
B16: 펄프 합계 | E16: =SUM(E15,E10) -> 0 | F16: =SUM(F15,F10) -> 0 | G16: =SUM(G10,G15) -> 44980 | H16: =SUM(H15,H10) -> 0 | I16: =SUM(I15,I10) -> 13494 | J16: =SUM(J15,J10) -> 0 | K16: =SUM(K15,K10) -> 0 | L16: =SUM(L15,L10) -> 0 | M16: =SUM(M15,M10) -> 0 | N16: =SUM(N15,N10) -> 0 | O16: =SUM(O15,O10) -> 15743 | ... Z16: =SUM(Z15,Z10) -> 44980 | AB16: =SUM(AB15,AB10) -> 0 | AD16: =SUM(AD15,AD10) -> 0
B27: 2. 원료 관리 현황
B28: 구분 | D28: 펄프 종류 | G28: N-PULP(Soft Wood) | Q28: L-PULP(Hard Wood) | AA28: 비고
D29: 브랜드 명 | G29: 피스리버 | I29: 멧자 | M29: 일림 | O29: WET PULP | S29: Guaiba | U29: 수자노 | W29: WET(LBKP) | Y29: 아카시아APP
D30: 전일 이월량 | G30: ='10'!G42:H42 -> 0 | I30: ='10'!I42:J42 -> 12 | K30: ='10'!K42:L42 -> 0 | M30: ='10'!M42:N42 -> 0 | O30: ='10'!O42:P42 -> 0 | Q30: ='10'!Q42:R42 -> 0 | S30: ='10'!S42:T42 -> 0 | U30: ='10'!U42:V42 -> 0 | W30: ='10'!W42:X42 -> 0 | Y30: ='10'!Y42:Z42 -> 73
B31: 오전 | D31: 입고량 | I31: 16 | Y31: 176
D32: 사용량 | I32: 6 | Y32: 48
D33: 재고량
B34: 오후 | D34: 입고량
D35: 사용량 | I35: 7 | Y35: 56
D36: 재고량
B37: 야간 | D37: 입고량
D38: 사용량 | I38: 7 | Y38: 56
D39: 재고량
B40: 펄프 합계 | D40: 총 사용량 | G40: =SUM(G32,G35,G38) -> 0 | I40: =SUM(I32,I35,I38) -> 20 | K40: =SUM(K32,K35,K38) -> 0 | M40: =SUM(M32,M35,M38) -> 0 | O40: =SUM(O32,O35,O38) -> 0 | Q40: =SUM(Q32,Q35,Q38) -> 0 | S40: =SUM(S32,S35,S38) -> 0 | U40: =SUM(U32,U35,U38) -> 0 | W40: =SUM(W32,W35,W38) -> 0 | Y40: =SUM(Y32,Y35,Y38) -> 160
D41: 총 거래 수량 | G41: =SUM(G30,G31,G34,G37) -> 0 | I41: =SUM(I30,I31,I34,I37) -> 28 | K41: =SUM(K30,K31,K34,K37) -> 0 | M41: =SUM(M30,M31,M34,M37) -> 0 | O41: =SUM(O30,O31,O34,O37) -> 0 | Q41: =SUM(Q30,Q31,Q34,Q37) -> 0 | S41: =SUM(S30,S31,S34,S37) -> 0 | U41: =SUM(U30,U31,U34,U37) -> 0 | W41: =SUM(W30,W31,W34,W37) -> 0 | Y41: =SUM(Y30,Y31,Y34,Y37) -> 249
D42: 재고량 | G42: =G41-G40 -> 0 | I42: =I41-I40 -> 8 | K42: =K41-K40 -> 0 | M42: =M41-M40 -> 0 | O42: =O41-O40 -> 0 | Q42: =Q41-Q40 -> 0 | S42: =S41-S40 -> 0 | U42: =U41-U40 -> 0 | W42: =W41-W40 -> 0 | Y42: =Y41-Y40 -> 89

Sheet 12
B1: ◈ 원질4호기 원료처리 작업 일지 | AM1: NBKP | AO1: LBKP
B2: 1. 원료 처리 현황 | Z2: 2026 년 01 월 12 일 | AK2: 데코 | AM2: 브라츠크 | AO2: Acacia
B3: 구분 | D3: 기준 중량 (kg) | E3: 전일 재공량 | F3: 금일 재공량 | G3: 일 원료 처리량 | H3: 오전( 반) | N3: 오후( 반) | T3: 야간( 반) | Z3: 합계 | AK3: K/T | AM3: WET PULP | AO3: 수자노
H4: 데코 | N4: 데코 | T4: 데코 | Z4: 데코 | AK4: 0 | AM4: 멧자 | AO4: 아카시아APP
H5: Bale | I5: 중량 | J5: Bale | K5: 중량 | L5: Bale | M5: 중량 | N5: Bale | O5: 중량 | P5: Bale | Q5: 중량 | R5: Bale | S5: 중량 | T5: Bale | U5: 중량 | V5: Bale | W5: 중량 | X5: Bale | Y5: 중량 | Z5: 합계 | AA5: 배합비 | AB5: 합계 | AC5: 배합비 | AD5: 합계 | AE5: 배합비 | AK5: 0 | AM5: PCMC | AO5: Santafe
B6: LBKP | C6: Guaiba | D6: 247 | G6: =SUM(Z6,AB6,AD6) -> 0 | I6: =H6*D6 -> 0 | K6: =D6*J6 -> 0 | M6: =D6*L6 -> 0 | O6: =D6*N6 -> 0 | Q6: =D6*P6 -> 0 | S6: =D6*R6 -> 0 | U6: =D6*T6 -> 0 | W6: =D6*V6 -> 0 | Y6: =D6*X6 -> 0 | Z6: =SUM(I6,O6,U6) -> 0 | AA6: =IFERROR(Z10/Z16,"") -> 0.86117638 | AB6: =SUM(K6,Q6,W6) -> 0 | AC6: =IFERROR(AB10/AB16,"") | AD6: =SUM(M6,S6,Y6) -> 0 | AE6: =IFERROR(AD10/AD16,"") | AF6: 비데원지 | AM6: Pacifico | AO6: Guaiba
C7: WET(LBKP) | D7: 137 | G7: =SUM(Z7,AB7,AD7) -> 0 | I7: =H7*D7 -> 0 | K7: =D7*J7 -> 0 | M7: =D7*L7 -> 0 | O7: =D7*N7 -> 0 | Q7: =D7*P7 -> 0 | S7: =D7*R7 -> 0 | U7: =D7*T7 -> 0 | W7: =D7*V7 -> 0 | Y7: =D7*X7 -> 0 | Z7: =SUM(I7,O7,U7) -> 0 | AB7: =SUM(K7,Q7,W7) -> 0 | AD7: =SUM(M7,S7,Y7) -> 0 | AF7: 미용티슈 | AM7: Ilimsk | AO7: WET(LBKP)
C8: Acacia | D8: 250 | G8: =SUM(Z8,AB8,AD8) -> 43250 | H8: 63 | I8: =H8*D8 -> 15750 | K8: =D8*J8 -> 0 | M8: =D8*L8 -> 0 | N8: 70 | O8: =D8*N8 -> 17500 | Q8: =D8*P8 -> 0 | S8: =D8*R8 -> 0 | T8: 40 | U8: =D8*T8 -> 10000 | W8: =D8*V8 -> 0 | Y8: =D8*X8 -> 0 | Z8: =SUM(I8,O8,U8) -> 43250 | AB8: =SUM(K8,Q8,W8) -> 0 | AD8: =SUM(M8,S8,Y8) -> 0 | AF8: 3R | AM8: 크라프튼 | AO8: 0
C9: 수자노 | D9: 249 | G9: =SUM(Z9,AB9,AD9) -> 0 | I9: =H9*D9 -> 0 | K9: =D9*J9 -> 0 | M9: =D9*L9 -> 0 | O9: =D9*N9 -> 0 | Q9: =D9*P9 -> 0 | S9: =D9*R9 -> 0 | U9: =D9*T9 -> 0 | W9: =D9*V9 -> 0 | Y9: =D9*X9 -> 0 | Z9: =SUM(I9,O9,U9) -> 0 | AB9: =SUM(K9,Q9,W9) -> 0 | AD9: =SUM(M9,S9,Y9) -> 0 | AM9: 비랄 | AO9: 0
C10: 소계 | E10: =SUM(E6:E9) -> 0 | F10: =SUM(F6:F9) -> 0 | G10: =SUM(G6:G9) -> 43250 | I10: =SUM(I6:I9) -> 15750 | K10: =SUM(K6:K9) -> 0 | M10: =SUM(M6:M9) -> 0 | O10: =SUM(O6:O9) -> 17500 | Q10: =SUM(Q6:Q9) -> 0 | S10: =SUM(S6:S9) -> 0 | U10: =SUM(U6:U9) -> 10000 | W10: =SUM(W6:W9) -> 0 | Y10: =SUM(Y6:Y9) -> 0 | Z10: =SUM(Z6:Z9) -> 43250 | AB10: =SUM(AB6:AB9) -> 0 | AD10: =SUM(AD6:AD9) -> 0 | AM10: Arauco | AO10: 0
B11: NBKP | C11: 피스리버 | G11: =SUM(Z11,AB11,AD11) -> 0 | I11: =H11*D11 -> 0 | K11: =D11*J11 -> 0 | M11: =D11*L11 -> 0 | O11: =D11*N11 -> 0 | Q11: =D11*P11 -> 0 | S11: =D11*R11 -> 0 | U11: =D11*T11 -> 0 | W11: =D11*V11 -> 0 | Y11: =D11*X11 -> 0 | Z11: =SUM(I11,O11,U11) -> 0 | AA11: =IFERROR(1-AA6,"") -> 0.13882362 | AB11: =SUM(K11,Q11,W11) -> 0 | AC11: =IFERROR(1-AC6,"") | AD11: =SUM(M11,S11,Y11) -> 0 | AE11: =IFERROR(1-AE6,"") | AM11: 하우사운드
C12: Ilimsk | G12: =SUM(Z12,AB12,AD12) -> 0 | I12: =H12*D12 -> 0 | K12: =D12*J12 -> 0 | M12: =D12*L12 -> 0 | O12: =D12*N12 -> 0 | Q12: =D12*P12 -> 0 | S12: =D12*R12 -> 0 | U12: =D12*T12 -> 0 | W12: =D12*V12 -> 0 | Y12: =D12*X12 -> 0 | Z12: =SUM(I12,O12,U12) -> 0 | AB12: =SUM(K12,Q12,W12) -> 0 | AD12: =SUM(M12,S12,Y12) -> 0 | AM12: 일림
C13: 멧자 | D13: 249 | G13: =SUM(Z13,AB13,AD13) -> 6972 | H13: 6 | I13: =H13*D13 -> 1494 | K13: =D13*J13 -> 0 | M13: =D13*L13 -> 0 | N13: 6 | O13: =D13*N13 -> 1494 | Q13: =D13*P13 -> 0 | S13: =D13*R13 -> 0 | T13: 16 | U13: =D13*T13 -> 3984 | W13: =D13*V13 -> 0 | Y13: =D13*X13 -> 0 | Z13: =SUM(I13,O13,U13) -> 6972 | AB13: =SUM(K13,Q13,W13) -> 0 | AD13: =SUM(M13,S13,Y13) -> 0 | AM13: 피스리버
C14: WET PULP | D14: 150 | G14: =SUM(Z14,AB14,AD14) -> 0 | I14: =H14*D14 -> 0 | K14: =D14*J14 -> 0 | M14: =D14*L14 -> 0 | O14: =D14*N14 -> 0 | Q14: =D14*P14 -> 0 | S14: =D14*R14 -> 0 | U14: =D14*T14 -> 0 | W14: =D14*V14 -> 0 | Y14: =D14*X14 -> 0 | Z14: =SUM(I14,O14,U14) -> 0 | AB14: =SUM(K14,Q14,W14) -> 0 | AD14: =SUM(M14,S14,Y14) -> 0
C15: 소계 | E15: =SUM(E11:E14) -> 0 | F15: =SUM(F11:F14) -> 0 | G15: =SUM(G11:G14) -> 6972 | I15: =SUM(I11:I14) -> 1494 | K15: =SUM(K11:K14) -> 0 | M15: =SUM(M11:M14) -> 0 | O15: =SUM(O11:O14) -> 1494 | Q15: =SUM(Q11:Q14) -> 0 | S15: =SUM(S11:S14) -> 0 | U15: =SUM(U11:U14) -> 3984 | W15: =SUM(W11:W14) -> 0 | Y15: =SUM(Y11:Y14) -> 0 | Z15: =SUM(Z11:Z14) -> 6972 | AB15: =SUM(AB11:AB14) -> 0 | AD15: =SUM(AD11:AD14) -> 0
B16: 펄프 합계 | E16: =SUM(E15,E10) -> 0 | F16: =SUM(F15,F10) -> 0 | G16: =SUM(G10,G15) -> 50222 | H16: =SUM(H15,H10) -> 0 | I16: =SUM(I15,I10) -> 17244 | J16: =SUM(J15,J10) -> 0 | K16: =SUM(K15,K10) -> 0 | L16: =SUM(L15,L10) -> 0 | M16: =SUM(M15,M10) -> 0 | N16: =SUM(N15,N10) -> 0 | O16: =SUM(O15,O10) -> 18994 | ... Z16: =SUM(Z15,Z10) -> 50222 | AB16: =SUM(AB15,AB10) -> 0 | AD16: =SUM(AD15,AD10) -> 0
B27: 2. 원료 관리 현황
B28: 구분 | D28: 펄프 종류 | G28: N-PULP(Soft Wood) | Q28: L-PULP(Hard Wood) | AA28: 비고
D29: 브랜드 명 | G29: 피스리버 | I29: 멧자 | M29: 일림 | O29: WET PULP | S29: Guaiba | U29: 수자노 | W29: WET(LBKP) | Y29: 아카시아APP
D30: 전일 이월량 | G30: ='11'!G42:H42 -> 0 | I30: ='11'!I42:J42 -> 8 | K30: ='11'!K42:L42 -> 0 | M30: ='11'!M42:N42 -> 0 | O30: ='11'!O42:P42 -> 0 | Q30: ='11'!Q42:R42 -> 0 | S30: ='11'!S42:T42 -> 0 | U30: ='11'!U42:V42 -> 0 | W30: ='11'!W42:X42 -> 0 | Y30: ='11'!Y42:Z42 -> 89
B31: 오전 | D31: 입고량 | I31: 32 | Y31: 192
D32: 사용량 | I32: 6 | Y32: 63
D33: 재고량
B34: 오후 | D34: 입고량
D35: 사용량 | I35: 6 | Y35: 70
D36: 재고량
B37: 야간 | D37: 입고량
D38: 사용량 | I38: 16 | Y38: 40
D39: 재고량
B40: 펄프 합계 | D40: 총 사용량 | G40: =SUM(G32,G35,G38) -> 0 | I40: =SUM(I32,I35,I38) -> 28 | K40: =SUM(K32,K35,K38) -> 0 | M40: =SUM(M32,M35,M38) -> 0 | O40: =SUM(O32,O35,O38) -> 0 | Q40: =SUM(Q32,Q35,Q38) -> 0 | S40: =SUM(S32,S35,S38) -> 0 | U40: =SUM(U32,U35,U38) -> 0 | W40: =SUM(W32,W35,W38) -> 0 | Y40: =SUM(Y32,Y35,Y38) -> 173
D41: 총 거래 수량 | G41: =SUM(G30,G31,G34,G37) -> 0 | I41: =SUM(I30,I31,I34,I37) -> 40 | K41: =SUM(K30,K31,K34,K37) -> 0 | M41: =SUM(M30,M31,M34,M37) -> 0 | O41: =SUM(O30,O31,O34,O37) -> 0 | Q41: =SUM(Q30,Q31,Q34,Q37) -> 0 | S41: =SUM(S30,S31,S34,S37) -> 0 | U41: =SUM(U30,U31,U34,U37) -> 0 | W41: =SUM(W30,W31,W34,W37) -> 0 | Y41: =SUM(Y30,Y31,Y34,Y37) -> 281
D42: 재고량 | G42: =G41-G40 -> 0 | I42: =I41-I40 -> 12 | K42: =K41-K40 -> 0 | M42: =M41-M40 -> 0 | O42: =O41-O40 -> 0 | Q42: =Q41-Q40 -> 0 | S42: =S41-S40 -> 0 | U42: =U41-U40 -> 0 | W42: =W41-W40 -> 0 | Y42: =Y41-Y40 -> 108

Sheet 13
B1: ◈ 원질4호기 원료처리 작업 일지 | AM1: NBKP | AO1: LBKP
B2: 1. 원료 처리 현황 | Z2: 2026 년 01 월 13 일 | AK2: 데코 | AM2: 브라츠크 | AO2: Acacia
B3: 구분 | D3: 기준 중량 (kg) | E3: 전일 재공량 | F3: 금일 재공량 | G3: 일 원료 처리량 | H3: 오전( 반) | N3: 오후( 반) | T3: 야간( 반) | Z3: 합계 | AK3: K/T | AM3: WET PULP | AO3: 수자노
H4: 데코 | N4: 데코 | T4: 데코 | Z4: 데코 | AB4: K/T | AK4: 0 | AM4: 멧자 | AO4: 아카시아APP
H5: Bale | I5: 중량 | J5: Bale | K5: 중량 | L5: Bale | M5: 중량 | N5: Bale | O5: 중량 | P5: Bale | Q5: 중량 | R5: Bale | S5: 중량 | T5: Bale | U5: 중량 | V5: Bale | W5: 중량 | X5: Bale | Y5: 중량 | Z5: 합계 | AA5: 배합비 | AB5: 합계 | AC5: 배합비 | AD5: 합계 | AE5: 배합비 | AK5: 0 | AM5: PCMC | AO5: Santafe
B6: LBKP | C6: Guaiba | D6: 247 | G6: =SUM(Z6,AB6,AD6) -> 0 | I6: =H6*D6 -> 0 | K6: =D6*J6 -> 0 | M6: =D6*L6 -> 0 | O6: =D6*N6 -> 0 | Q6: =D6*P6 -> 0 | S6: =D6*R6 -> 0 | U6: =D6*T6 -> 0 | W6: =D6*V6 -> 0 | Y6: =D6*X6 -> 0 | Z6: =SUM(I6,O6,U6) -> 0 | AA6: =IFERROR(Z10/Z16,"") -> 0.70084101 | AB6: =SUM(K6,Q6,W6) -> 0 | AC6: =IFERROR(AB10/AB16,"") | AD6: =SUM(M6,S6,Y6) -> 0 | AE6: =IFERROR(AD10/AD16,"") | AF6: 비데원지 | AM6: Pacifico | AO6: Guaiba
C7: WET(LBKP) | D7: 137 | G7: =SUM(Z7,AB7,AD7) -> 0 | I7: =H7*D7 -> 0 | K7: =D7*J7 -> 0 | M7: =D7*L7 -> 0 | O7: =D7*N7 -> 0 | Q7: =D7*P7 -> 0 | S7: =D7*R7 -> 0 | U7: =D7*T7 -> 0 | W7: =D7*V7 -> 0 | Y7: =D7*X7 -> 0 | Z7: =SUM(I7,O7,U7) -> 0 | AB7: =SUM(K7,Q7,W7) -> 0 | AD7: =SUM(M7,S7,Y7) -> 0 | AF7: 미용티슈 | AM7: Ilimsk | AO7: WET(LBKP)
C8: Acacia | D8: 250 | G8: =SUM(Z8,AB8,AD8) -> 29750 | H8: 49 | I8: =H8*D8 -> 12250 | K8: =D8*J8 -> 0 | M8: =D8*L8 -> 0 | N8: 28 | O8: =D8*N8 -> 7000 | Q8: =D8*P8 -> 0 | S8: =D8*R8 -> 0 | T8: 42 | U8: =D8*T8 -> 10500 | W8: =D8*V8 -> 0 | Y8: =D8*X8 -> 0 | Z8: =SUM(I8,O8,U8) -> 29750 | AB8: =SUM(K8,Q8,W8) -> 0 | AD8: =SUM(M8,S8,Y8) -> 0 | AF8: 3R | AM8: 크라프튼 | AO8: 0
C9: 수자노 | D9: 249 | G9: =SUM(Z9,AB9,AD9) -> 0 | I9: =H9*D9 -> 0 | K9: =D9*J9 -> 0 | M9: =D9*L9 -> 0 | O9: =D9*N9 -> 0 | Q9: =D9*P9 -> 0 | S9: =D9*R9 -> 0 | U9: =D9*T9 -> 0 | W9: =D9*V9 -> 0 | Y9: =D9*X9 -> 0 | Z9: =SUM(I9,O9,U9) -> 0 | AB9: =SUM(K9,Q9,W9) -> 0 | AD9: =SUM(M9,S9,Y9) -> 0 | AM9: 비랄 | AO9: 0
C10: 소계 | E10: =SUM(E6:E9) -> 0 | F10: =SUM(F6:F9) -> 0 | G10: =SUM(G6:G9) -> 29750 | I10: =SUM(I6:I9) -> 12250 | K10: =SUM(K6:K9) -> 0 | M10: =SUM(M6:M9) -> 0 | O10: =SUM(O6:O9) -> 7000 | Q10: =SUM(Q6:Q9) -> 0 | S10: =SUM(S6:S9) -> 0 | U10: =SUM(U6:U9) -> 10500 | W10: =SUM(W6:W9) -> 0 | Y10: =SUM(Y6:Y9) -> 0 | Z10: =SUM(Z6:Z9) -> 29750 | AB10: =SUM(AB6:AB9) -> 0 | AD10: =SUM(AD6:AD9) -> 0 | AM10: Arauco | AO10: 0
B11: NBKP | C11: 피스리버 | G11: =SUM(Z11,AB11,AD11) -> 0 | I11: =H11*D11 -> 0 | K11: =D11*J11 -> 0 | M11: =D11*L11 -> 0 | O11: =D11*N11 -> 0 | Q11: =D11*P11 -> 0 | S11: =D11*R11 -> 0 | U11: =D11*T11 -> 0 | W11: =D11*V11 -> 0 | Y11: =D11*X11 -> 0 | Z11: =SUM(I11,O11,U11) -> 0 | AA11: =IFERROR(1-AA6,"") -> 0.29915899 | AB11: =SUM(K11,Q11,W11) -> 0 | AC11: =IFERROR(1-AC6,"") | AD11: =SUM(M11,S11,Y11) -> 0 | AE11: =IFERROR(1-AE6,"") | AM11: 하우사운드
C12: Ilimsk | G12: =SUM(Z12,AB12,AD12) -> 0 | I12: =H12*D12 -> 0 | K12: =D12*J12 -> 0 | M12: =D12*L12 -> 0 | O12: =D12*N12 -> 0 | Q12: =D12*P12 -> 0 | S12: =D12*R12 -> 0 | U12: =D12*T12 -> 0 | W12: =D12*V12 -> 0 | Y12: =D12*X12 -> 0 | Z12: =SUM(I12,O12,U12) -> 0 | AB12: =SUM(K12,Q12,W12) -> 0 | AD12: =SUM(M12,S12,Y12) -> 0 | AM12: 일림
C13: 멧자 | D13: 249 | G13: =SUM(Z13,AB13,AD13) -> 12699 | H13: 21 | I13: =H13*D13 -> 5229 | K13: =D13*J13 -> 0 | M13: =D13*L13 -> 0 | N13: 12 | O13: =D13*N13 -> 2988 | Q13: =D13*P13 -> 0 | S13: =D13*R13 -> 0 | T13: 18 | U13: =D13*T13 -> 4482 | W13: =D13*V13 -> 0 | Y13: =D13*X13 -> 0 | Z13: =SUM(I13,O13,U13) -> 12699 | AB13: =SUM(K13,Q13,W13) -> 0 | AD13: =SUM(M13,S13,Y13) -> 0 | AM13: 피스리버
C14: WET PULP | D14: 150 | G14: =SUM(Z14,AB14,AD14) -> 0 | I14: =H14*D14 -> 0 | K14: =D14*J14 -> 0 | M14: =D14*L14 -> 0 | O14: =D14*N14 -> 0 | Q14: =D14*P14 -> 0 | S14: =D14*R14 -> 0 | U14: =D14*T14 -> 0 | W14: =D14*V14 -> 0 | Y14: =D14*X14 -> 0 | Z14: =SUM(I14,O14,U14) -> 0 | AB14: =SUM(K14,Q14,W14) -> 0 | AD14: =SUM(M14,S14,Y14) -> 0
C15: 소계 | E15: =SUM(E11:E14) -> 0 | F15: =SUM(F11:F14) -> 0 | G15: =SUM(G11:G14) -> 12699 | I15: =SUM(I11:I14) -> 5229 | K15: =SUM(K11:K14) -> 0 | M15: =SUM(M11:M14) -> 0 | O15: =SUM(O11:O14) -> 2988 | Q15: =SUM(Q11:Q14) -> 0 | S15: =SUM(S11:S14) -> 0 | U15: =SUM(U11:U14) -> 4482 | W15: =SUM(W11:W14) -> 0 | Y15: =SUM(Y11:Y14) -> 0 | Z15: =SUM(Z11:Z14) -> 12699 | AB15: =SUM(AB11:AB14) -> 0 | AD15: =SUM(AD11:AD14) -> 0
B16: 펄프 합계 | E16: =SUM(E15,E10) -> 0 | F16: =SUM(F15,F10) -> 0 | G16: =SUM(G10,G15) -> 42449 | H16: =SUM(H15,H10) -> 0 | I16: =SUM(I15,I10) -> 17479 | J16: =SUM(J15,J10) -> 0 | K16: =SUM(K15,K10) -> 0 | L16: =SUM(L15,L10) -> 0 | M16: =SUM(M15,M10) -> 0 | N16: =SUM(N15,N10) -> 0 | O16: =SUM(O15,O10) -> 9988 | ... Z16: =SUM(Z15,Z10) -> 42449 | AB16: =SUM(AB15,AB10) -> 0 | AD16: =SUM(AD15,AD10) -> 0
B27: 2. 원료 관리 현황
B28: 구분 | D28: 펄프 종류 | G28: N-PULP(Soft Wood) | Q28: L-PULP(Hard Wood) | AA28: 비고
D29: 브랜드 명 | G29: 피스리버 | I29: 멧자 | M29: 일림 | O29: WET PULP | S29: Guaiba | U29: 수자노 | W29: WET(LBKP) | Y29: 아카시아APP
D30: 전일 이월량 | G30: ='12'!G42:H42 -> 0 | I30: ='12'!I42:J42 -> 12 | K30: ='12'!K42:L42 -> 0 | M30: ='12'!M42:N42 -> 0 | O30: ='12'!O42:P42 -> 0 | Q30: ='12'!Q42:R42 -> 0 | S30: ='12'!S42:T42 -> 0 | U30: ='12'!U42:V42 -> 0 | W30: ='12'!W42:X42 -> 0 | Y30: ='12'!Y42:Z42 -> 108
B31: 오전 | D31: 입고량 | I31: 64 | Y31: 96
D32: 사용량 | I32: 21 | Y32: 49
D33: 재고량
B34: 오후 | D34: 입고량
D35: 사용량 | I35: 12 | Y35: 28
D36: 재고량
B37: 야간 | D37: 입고량
D38: 사용량 | I38: 18 | Y38: 42
D39: 재고량
B40: 펄프 합계 | D40: 총 사용량 | G40: =SUM(G32,G35,G38) -> 0 | I40: =SUM(I32,I35,I38) -> 51 | K40: =SUM(K32,K35,K38) -> 0 | M40: =SUM(M32,M35,M38) -> 0 | O40: =SUM(O32,O35,O38) -> 0 | Q40: =SUM(Q32,Q35,Q38) -> 0 | S40: =SUM(S32,S35,S38) -> 0 | U40: =SUM(U32,U35,U38) -> 0 | W40: =SUM(W32,W35,W38) -> 0 | Y40: =SUM(Y32,Y35,Y38) -> 119
D41: 총 거래 수량 | G41: =SUM(G30,G31,G34,G37) -> 0 | I41: =SUM(I30,I31,I34,I37) -> 76 | K41: =SUM(K30,K31,K34,K37) -> 0 | M41: =SUM(M30,M31,M34,M37) -> 0 | O41: =SUM(O30,O31,O34,O37) -> 0 | Q41: =SUM(Q30,Q31,Q34,Q37) -> 0 | S41: =SUM(S30,S31,S34,S37) -> 0 | U41: =SUM(U30,U31,U34,U37) -> 0 | W41: =SUM(W30,W31,W34,W37) -> 0 | Y41: =SUM(Y30,Y31,Y34,Y37) -> 204
D42: 재고량 | G42: =G41-G40 -> 0 | I42: =I41-I40 -> 25 | K42: =K41-K40 -> 0 | M42: =M41-M40 -> 0 | O42: =O41-O40 -> 0 | Q42: =Q41-Q40 -> 0 | S42: =S41-S40 -> 0 | U42: =U41-U40 -> 0 | W42: =W41-W40 -> 0 | Y42: =Y41-Y40 -> 85

Sheet 14
B1: ◈ 원질4호기 원료처리 작업 일지 | AM1: NBKP | AO1: LBKP
B2: 1. 원료 처리 현황 | Z2: 2026 년 01 월 14 일 | AK2: 데코 | AM2: 브라츠크 | AO2: Acacia
B3: 구분 | D3: 기준 중량 (kg) | E3: 전일 재공량 | F3: 금일 재공량 | G3: 일 원료 처리량 | H3: 오전( 반) | N3: 오후( 반) | T3: 야간( 반) | Z3: 합계 | AK3: K/T | AM3: WET PULP | AO3: 수자노
H4: K/T | N4: K/T | T4: K/T | Z4: K/T | AK4: 0 | AM4: 멧자 | AO4: 아카시아APP
H5: Bale | I5: 중량 | J5: Bale | K5: 중량 | L5: Bale | M5: 중량 | N5: Bale | O5: 중량 | P5: Bale | Q5: 중량 | R5: Bale | S5: 중량 | T5: Bale | U5: 중량 | V5: Bale | W5: 중량 | X5: Bale | Y5: 중량 | Z5: 합계 | AA5: 배합비 | AB5: 합계 | AC5: 배합비 | AD5: 합계 | AE5: 배합비 | AK5: 0 | AM5: PCMC | AO5: Santafe
B6: LBKP | C6: Guaiba | D6: 247 | G6: =SUM(Z6,AB6,AD6) -> 0 | I6: =H6*D6 -> 0 | K6: =D6*J6 -> 0 | M6: =D6*L6 -> 0 | O6: =D6*N6 -> 0 | Q6: =D6*P6 -> 0 | S6: =D6*R6 -> 0 | U6: =D6*T6 -> 0 | W6: =D6*V6 -> 0 | Y6: =D6*X6 -> 0 | Z6: =SUM(I6,O6,U6) -> 0 | AA6: =IFERROR(Z10/Z16,"") -> 0.70084101 | AB6: =SUM(K6,Q6,W6) -> 0 | AC6: =IFERROR(AB10/AB16,"") | AD6: =SUM(M6,S6,Y6) -> 0 | AE6: =IFERROR(AD10/AD16,"") | AF6: 비데원지 | AM6: Pacifico | AO6: Guaiba
C7: WET(LBKP) | D7: 137 | G7: =SUM(Z7,AB7,AD7) -> 0 | I7: =H7*D7 -> 0 | K7: =D7*J7 -> 0 | M7: =D7*L7 -> 0 | O7: =D7*N7 -> 0 | Q7: =D7*P7 -> 0 | S7: =D7*R7 -> 0 | U7: =D7*T7 -> 0 | W7: =D7*V7 -> 0 | Y7: =D7*X7 -> 0 | Z7: =SUM(I7,O7,U7) -> 0 | AB7: =SUM(K7,Q7,W7) -> 0 | AD7: =SUM(M7,S7,Y7) -> 0 | AF7: 미용티슈 | AM7: Ilimsk | AO7: WET(LBKP)
C8: Acacia | D8: 250 | G8: =SUM(Z8,AB8,AD8) -> 36750 | H8: 49 | I8: =H8*D8 -> 12250 | K8: =D8*J8 -> 0 | M8: =D8*L8 -> 0 | N8: 49 | O8: =D8*N8 -> 12250 | Q8: =D8*P8 -> 0 | S8: =D8*R8 -> 0 | T8: 49 | U8: =D8*T8 -> 12250 | W8: =D8*V8 -> 0 | Y8: =D8*X8 -> 0 | Z8: =SUM(I8,O8,U8) -> 36750 | AB8: =SUM(K8,Q8,W8) -> 0 | AD8: =SUM(M8,S8,Y8) -> 0 | AF8: 3R | AM8: 크라프튼 | AO8: 0
C9: 수자노 | D9: 249 | G9: =SUM(Z9,AB9,AD9) -> 0 | I9: =H9*D9 -> 0 | K9: =D9*J9 -> 0 | M9: =D9*L9 -> 0 | O9: =D9*N9 -> 0 | Q9: =D9*P9 -> 0 | S9: =D9*R9 -> 0 | U9: =D9*T9 -> 0 | W9: =D9*V9 -> 0 | Y9: =D9*X9 -> 0 | Z9: =SUM(I9,O9,U9) -> 0 | AB9: =SUM(K9,Q9,W9) -> 0 | AD9: =SUM(M9,S9,Y9) -> 0 | AM9: 비랄 | AO9: 0
C10: 소계 | E10: =SUM(E6:E9) -> 0 | F10: =SUM(F6:F9) -> 0 | G10: =SUM(G6:G9) -> 36750 | I10: =SUM(I6:I9) -> 12250 | K10: =SUM(K6:K9) -> 0 | M10: =SUM(M6:M9) -> 0 | O10: =SUM(O6:O9) -> 12250 | Q10: =SUM(Q6:Q9) -> 0 | S10: =SUM(S6:S9) -> 0 | U10: =SUM(U6:U9) -> 12250 | W10: =SUM(W6:W9) -> 0 | Y10: =SUM(Y6:Y9) -> 0 | Z10: =SUM(Z6:Z9) -> 36750 | AB10: =SUM(AB6:AB9) -> 0 | AD10: =SUM(AD6:AD9) -> 0 | AM10: Arauco | AO10: 0
B11: NBKP | C11: 피스리버 | G11: =SUM(Z11,AB11,AD11) -> 0 | I11: =H11*D11 -> 0 | K11: =D11*J11 -> 0 | M11: =D11*L11 -> 0 | O11: =D11*N11 -> 0 | Q11: =D11*P11 -> 0 | S11: =D11*R11 -> 0 | U11: =D11*T11 -> 0 | W11: =D11*V11 -> 0 | Y11: =D11*X11 -> 0 | Z11: =SUM(I11,O11,U11) -> 0 | AA11: =IFERROR(1-AA6,"") -> 0.29915899 | AB11: =SUM(K11,Q11,W11) -> 0 | AC11: =IFERROR(1-AC6,"") | AD11: =SUM(M11,S11,Y11) -> 0 | AE11: =IFERROR(1-AE6,"") | AM11: 하우사운드
C12: Ilimsk | G12: =SUM(Z12,AB12,AD12) -> 0 | I12: =H12*D12 -> 0 | K12: =D12*J12 -> 0 | M12: =D12*L12 -> 0 | O12: =D12*N12 -> 0 | Q12: =D12*P12 -> 0 | S12: =D12*R12 -> 0 | U12: =D12*T12 -> 0 | W12: =D12*V12 -> 0 | Y12: =D12*X12 -> 0 | Z12: =SUM(I12,O12,U12) -> 0 | AB12: =SUM(K12,Q12,W12) -> 0 | AD12: =SUM(M12,S12,Y12) -> 0 | AM12: 일림
C13: 멧자 | D13: 249 | G13: =SUM(Z13,AB13,AD13) -> 15687 | H13: 21 | I13: =H13*D13 -> 5229 | K13: =D13*J13 -> 0 | M13: =D13*L13 -> 0 | N13: 21 | O13: =D13*N13 -> 5229 | Q13: =D13*P13 -> 0 | S13: =D13*R13 -> 0 | T13: 21 | U13: =D13*T13 -> 5229 | W13: =D13*V13 -> 0 | Y13: =D13*X13 -> 0 | Z13: =SUM(I13,O13,U13) -> 15687 | AB13: =SUM(K13,Q13,W13) -> 0 | AD13: =SUM(M13,S13,Y13) -> 0 | AM13: 피스리버
C14: WET PULP | D14: 150 | G14: =SUM(Z14,AB14,AD14) -> 0 | I14: =H14*D14 -> 0 | K14: =D14*J14 -> 0 | M14: =D14*L14 -> 0 | O14: =D14*N14 -> 0 | Q14: =D14*P14 -> 0 | S14: =D14*R14 -> 0 | U14: =D14*T14 -> 0 | W14: =D14*V14 -> 0 | Y14: =D14*X14 -> 0 | Z14: =SUM(I14,O14,U14) -> 0 | AB14: =SUM(K14,Q14,W14) -> 0 | AD14: =SUM(M14,S14,Y14) -> 0
C15: 소계 | E15: =SUM(E11:E14) -> 0 | F15: =SUM(F11:F14) -> 0 | G15: =SUM(G11:G14) -> 15687 | I15: =SUM(I11:I14) -> 5229 | K15: =SUM(K11:K14) -> 0 | M15: =SUM(M11:M14) -> 0 | O15: =SUM(O11:O14) -> 5229 | Q15: =SUM(Q11:Q14) -> 0 | S15: =SUM(S11:S14) -> 0 | U15: =SUM(U11:U14) -> 5229 | W15: =SUM(W11:W14) -> 0 | Y15: =SUM(Y11:Y14) -> 0 | Z15: =SUM(Z11:Z14) -> 15687 | AB15: =SUM(AB11:AB14) -> 0 | AD15: =SUM(AD11:AD14) -> 0
B16: 펄프 합계 | E16: =SUM(E15,E10) -> 0 | F16: =SUM(F15,F10) -> 0 | G16: =SUM(G10,G15) -> 52437 | H16: =SUM(H15,H10) -> 0 | I16: =SUM(I15,I10) -> 17479 | J16: =SUM(J15,J10) -> 0 | K16: =SUM(K15,K10) -> 0 | L16: =SUM(L15,L10) -> 0 | M16: =SUM(M15,M10) -> 0 | N16: =SUM(N15,N10) -> 0 | O16: =SUM(O15,O10) -> 17479 | ... Z16: =SUM(Z15,Z10) -> 52437 | AB16: =SUM(AB15,AB10) -> 0 | AD16: =SUM(AD15,AD10) -> 0
B27: 2. 원료 관리 현황
B28: 구분 | D28: 펄프 종류 | G28: N-PULP(Soft Wood) | Q28: L-PULP(Hard Wood) | AA28: 비고
D29: 브랜드 명 | G29: 피스리버 | I29: 멧자 | M29: 일림 | O29: WET PULP | S29: Guaiba | U29: 수자노 | W29: WET(LBKP) | Y29: 아카시아APP
D30: 전일 이월량 | G30: ='13'!G42:H42 -> 0 | I30: ='13'!I42:J42 -> 25 | K30: ='13'!K42:L42 -> 0 | M30: ='13'!M42:N42 -> 0 | O30: ='13'!O42:P42 -> 0 | Q30: ='13'!Q42:R42 -> 0 | S30: ='13'!S42:T42 -> 0 | U30: ='13'!U42:V42 -> 0 | W30: ='13'!W42:X42 -> 0 | Y30: ='13'!Y42:Z42 -> 85
B31: 오전 | D31: 입고량 | I31: 64 | Y31: 144
D32: 사용량 | I32: 21 | Y32: 49
D33: 재고량
B34: 오후 | D34: 입고량
D35: 사용량 | I35: 21 | Y35: 49
D36: 재고량
B37: 야간 | D37: 입고량
D38: 사용량 | I38: 21 | Y38: 49
D39: 재고량
B40: 펄프 합계 | D40: 총 사용량 | G40: =SUM(G32,G35,G38) -> 0 | I40: =SUM(I32,I35,I38) -> 63 | K40: =SUM(K32,K35,K38) -> 0 | M40: =SUM(M32,M35,M38) -> 0 | O40: =SUM(O32,O35,O38) -> 0 | Q40: =SUM(Q32,Q35,Q38) -> 0 | S40: =SUM(S32,S35,S38) -> 0 | U40: =SUM(U32,U35,U38) -> 0 | W40: =SUM(W32,W35,W38) -> 0 | Y40: =SUM(Y32,Y35,Y38) -> 147
D41: 총 거래 수량 | G41: =SUM(G30,G31,G34,G37) -> 0 | I41: =SUM(I30,I31,I34,I37) -> 89 | K41: =SUM(K30,K31,K34,K37) -> 0 | M41: =SUM(M30,M31,M34,M37) -> 0 | O41: =SUM(O30,O31,O34,O37) -> 0 | Q41: =SUM(Q30,Q31,Q34,Q37) -> 0 | S41: =SUM(S30,S31,S34,S37) -> 0 | U41: =SUM(U30,U31,U34,U37) -> 0 | W41: =SUM(W30,W31,W34,W37) -> 0 | Y41: =SUM(Y30,Y31,Y34,Y37) -> 229
D42: 재고량 | G42: =G41-G40 -> 0 | I42: =I41-I40 -> 26 | K42: =K41-K40 -> 0 | M42: =M41-M40 -> 0 | O42: =O41-O40 -> 0 | Q42: =Q41-Q40 -> 0 | S42: =S41-S40 -> 0 | U42: =U41-U40 -> 0 | W42: =W41-W40 -> 0 | Y42: =Y41-Y40 -> 82

Sheet 15
B1: ◈ 원질4호기 원료처리 작업 일지 | AM1: NBKP | AO1: LBKP
B2: 1. 원료 처리 현황 | Z2: 2026 년 01 월 15 일 | AK2: 데코 | AM2: 브라츠크 | AO2: Acacia
B3: 구분 | D3: 기준 중량 (kg) | E3: 전일 재공량 | F3: 금일 재공량 | G3: 일 원료 처리량 | H3: 오전( 반) | N3: 오후( 반) | T3: 야간( 반) | Z3: 합계 | AK3: K/T | AM3: WET PULP | AO3: 수자노
H4: K/T | J4: 데코 | N4: K/T | P4: 데코 | T4: K/T | V4: 데코 | Z4: K/T | AB4: 데코 | AK4: 0 | AM4: 멧자 | AO4: 아카시아APP
H5: Bale | I5: 중량 | J5: Bale | K5: 중량 | L5: Bale | M5: 중량 | N5: Bale | O5: 중량 | P5: Bale | Q5: 중량 | R5: Bale | S5: 중량 | T5: Bale | U5: 중량 | V5: Bale | W5: 중량 | X5: Bale | Y5: 중량 | Z5: 합계 | AA5: 배합비 | AB5: 합계 | AC5: 배합비 | AD5: 합계 | AE5: 배합비 | AK5: 0 | AM5: PCMC | AO5: Santafe
B6: LBKP | C6: Guaiba | D6: 247 | G6: =SUM(Z6,AB6,AD6) -> 0 | I6: =H6*D6 -> 0 | K6: =D6*J6 -> 0 | M6: =D6*L6 -> 0 | O6: =D6*N6 -> 0 | Q6: =D6*P6 -> 0 | S6: =D6*R6 -> 0 | U6: =D6*T6 -> 0 | W6: =D6*V6 -> 0 | Y6: =D6*X6 -> 0 | Z6: =SUM(I6,O6,U6) -> 0 | AA6: =IFERROR(Z10/Z16,"") -> 0.67795903 | AB6: =SUM(K6,Q6,W6) -> 0 | AC6: =IFERROR(AB10/AB16,"") | AD6: =SUM(M6,S6,Y6) -> 0 | AE6: =IFERROR(AD10/AD16,"") | AF6: 비데원지 | AM6: Pacifico | AO6: Guaiba
C7: WET(LBKP) | D7: 137 | G7: =SUM(Z7,AB7,AD7) -> 0 | I7: =H7*D7 -> 0 | K7: =D7*J7 -> 0 | M7: =D7*L7 -> 0 | O7: =D7*N7 -> 0 | Q7: =D7*P7 -> 0 | S7: =D7*R7 -> 0 | U7: =D7*T7 -> 0 | W7: =D7*V7 -> 0 | Y7: =D7*X7 -> 0 | Z7: =SUM(I7,O7,U7) -> 0 | AB7: =SUM(K7,Q7,W7) -> 0 | AD7: =SUM(M7,S7,Y7) -> 0 | AF7: 미용티슈 | AM7: Ilimsk | AO7: WET(LBKP)
C8: Acacia | D8: 250 | G8: =SUM(Z8,AB8,AD8) -> 32500 | H8: 32 | I8: =H8*D8 -> 8000 | K8: =D8*J8 -> 0 | M8: =D8*L8 -> 0 | N8: 49 | O8: =D8*N8 -> 12250 | Q8: =D8*P8 -> 0 | S8: =D8*R8 -> 0 | T8: 49 | U8: =D8*T8 -> 12250 | W8: =D8*V8 -> 0 | Y8: =D8*X8 -> 0 | Z8: =SUM(I8,O8,U8) -> 32500 | AB8: =SUM(K8,Q8,W8) -> 0 | AD8: =SUM(M8,S8,Y8) -> 0 | AF8: 3R | AM8: 크라프튼 | AO8: 0
C9: 수자노 | D9: 249 | G9: =SUM(Z9,AB9,AD9) -> 0 | I9: =H9*D9 -> 0 | K9: =D9*J9 -> 0 | M9: =D9*L9 -> 0 | O9: =D9*N9 -> 0 | Q9: =D9*P9 -> 0 | S9: =D9*R9 -> 0 | U9: =D9*T9 -> 0 | W9: =D9*V9 -> 0 | Y9: =D9*X9 -> 0 | Z9: =SUM(I9,O9,U9) -> 0 | AB9: =SUM(K9,Q9,W9) -> 0 | AD9: =SUM(M9,S9,Y9) -> 0 | AM9: 비랄 | AO9: 0
C10: 소계 | E10: =SUM(E6:E9) -> 0 | F10: =SUM(F6:F9) -> 0 | G10: =SUM(G6:G9) -> 32500 | I10: =SUM(I6:I9) -> 8000 | K10: =SUM(K6:K9) -> 0 | M10: =SUM(M6:M9) -> 0 | O10: =SUM(O6:O9) -> 12250 | Q10: =SUM(Q6:Q9) -> 0 | S10: =SUM(S6:S9) -> 0 | U10: =SUM(U6:U9) -> 12250 | W10: =SUM(W6:W9) -> 0 | Y10: =SUM(Y6:Y9) -> 0 | Z10: =SUM(Z6:Z9) -> 32500 | AB10: =SUM(AB6:AB9) -> 0 | AD10: =SUM(AD6:AD9) -> 0 | AM10: Arauco | AO10: 0
B11: NBKP | C11: 피스리버 | G11: =SUM(Z11,AB11,AD11) -> 0 | I11: =H11*D11 -> 0 | K11: =D11*J11 -> 0 | M11: =D11*L11 -> 0 | O11: =D11*N11 -> 0 | Q11: =D11*P11 -> 0 | S11: =D11*R11 -> 0 | U11: =D11*T11 -> 0 | W11: =D11*V11 -> 0 | Y11: =D11*X11 -> 0 | Z11: =SUM(I11,O11,U11) -> 0 | AA11: =IFERROR(1-AA6,"") -> 0.32204097 | AB11: =SUM(K11,Q11,W11) -> 0 | AC11: =IFERROR(1-AC6,"") | AD11: =SUM(M11,S11,Y11) -> 0 | AE11: =IFERROR(1-AE6,"") | AM11: 하우사운드
C12: Ilimsk | G12: =SUM(Z12,AB12,AD12) -> 0 | I12: =H12*D12 -> 0 | K12: =D12*J12 -> 0 | M12: =D12*L12 -> 0 | O12: =D12*N12 -> 0 | Q12: =D12*P12 -> 0 | S12: =D12*R12 -> 0 | U12: =D12*T12 -> 0 | W12: =D12*V12 -> 0 | Y12: =D12*X12 -> 0 | Z12: =SUM(I12,O12,U12) -> 0 | AB12: =SUM(K12,Q12,W12) -> 0 | AD12: =SUM(M12,S12,Y12) -> 0 | AM12: 일림
C13: 멧자 | D13: 249 | G13: =SUM(Z13,AB13,AD13) -> 15438 | H13: 20 | I13: =H13*D13 -> 4980 | K13: =D13*J13 -> 0 | M13: =D13*L13 -> 0 | N13: 21 | O13: =D13*N13 -> 5229 | Q13: =D13*P13 -> 0 | S13: =D13*R13 -> 0 | T13: 21 | U13: =D13*T13 -> 5229 | W13: =D13*V13 -> 0 | Y13: =D13*X13 -> 0 | Z13: =SUM(I13,O13,U13) -> 15438 | AB13: =SUM(K13,Q13,W13) -> 0 | AD13: =SUM(M13,S13,Y13) -> 0 | AM13: 피스리버
C14: WET PULP | D14: 150 | G14: =SUM(Z14,AB14,AD14) -> 0 | I14: =H14*D14 -> 0 | K14: =D14*J14 -> 0 | M14: =D14*L14 -> 0 | O14: =D14*N14 -> 0 | Q14: =D14*P14 -> 0 | S14: =D14*R14 -> 0 | U14: =D14*T14 -> 0 | W14: =D14*V14 -> 0 | Y14: =D14*X14 -> 0 | Z14: =SUM(I14,O14,U14) -> 0 | AB14: =SUM(K14,Q14,W14) -> 0 | AD14: =SUM(M14,S14,Y14) -> 0
C15: 소계 | E15: =SUM(E11:E14) -> 0 | F15: =SUM(F11:F14) -> 0 | G15: =SUM(G11:G14) -> 15438 | I15: =SUM(I11:I14) -> 4980 | K15: =SUM(K11:K14) -> 0 | M15: =SUM(M11:M14) -> 0 | O15: =SUM(O11:O14) -> 5229 | Q15: =SUM(Q11:Q14) -> 0 | S15: =SUM(S11:S14) -> 0 | U15: =SUM(U11:U14) -> 5229 | W15: =SUM(W11:W14) -> 0 | Y15: =SUM(Y11:Y14) -> 0 | Z15: =SUM(Z11:Z14) -> 15438 | AB15: =SUM(AB11:AB14) -> 0 | AD15: =SUM(AD11:AD14) -> 0
B16: 펄프 합계 | E16: =SUM(E15,E10) -> 0 | F16: =SUM(F15,F10) -> 0 | G16: =SUM(G10,G15) -> 47938 | H16: =SUM(H15,H10) -> 0 | I16: =SUM(I15,I10) -> 12980 | J16: =SUM(J15,J10) -> 0 | K16: =SUM(K15,K10) -> 0 | L16: =SUM(L15,L10) -> 0 | M16: =SUM(M15,M10) -> 0 | N16: =SUM(N15,N10) -> 0 | O16: =SUM(O15,O10) -> 17479 | ... Z16: =SUM(Z15,Z10) -> 47938 | AB16: =SUM(AB15,AB10) -> 0 | AD16: =SUM(AD15,AD10) -> 0
B27: 2. 원료 관리 현황
B28: 구분 | D28: 펄프 종류 | G28: N-PULP(Soft Wood) | Q28: L-PULP(Hard Wood) | AA28: 비고
D29: 브랜드 명 | G29: 피스리버 | I29: 멧자 | M29: 일림 | O29: WET PULP | S29: Guaiba | U29: 수자노 | W29: WET(LBKP) | Y29: 아카시아APP
D30: 전일 이월량 | G30: ='14'!G42:H42 -> 0 | I30: ='14'!I42:J42 -> 26 | K30: ='14'!K42:L42 -> 0 | M30: ='14'!M42:N42 -> 0 | O30: ='14'!O42:P42 -> 0 | Q30: ='14'!Q42:R42 -> 0 | S30: ='14'!S42:T42 -> 0 | U30: ='14'!U42:V42 -> 0 | W30: ='14'!W42:X42 -> 0 | Y30: ='14'!Y42:Z42 -> 82
B31: 오전 | D31: 입고량 | I31: 48 | Y31: 128
D32: 사용량 | I32: 20 | Y32: 32
D33: 재고량
B34: 오후 | D34: 입고량
D35: 사용량 | I35: 21 | Y35: 49
D36: 재고량
B37: 야간 | D37: 입고량
D38: 사용량 | I38: 21 | Y38: 49
D39: 재고량
B40: 펄프 합계 | D40: 총 사용량 | G40: =SUM(G32,G35,G38) -> 0 | I40: =SUM(I32,I35,I38) -> 62 | K40: =SUM(K32,K35,K38) -> 0 | M40: =SUM(M32,M35,M38) -> 0 | O40: =SUM(O32,O35,O38) -> 0 | Q40: =SUM(Q32,Q35,Q38) -> 0 | S40: =SUM(S32,S35,S38) -> 0 | U40: =SUM(U32,U35,U38) -> 0 | W40: =SUM(W32,W35,W38) -> 0 | Y40: =SUM(Y32,Y35,Y38) -> 130
D41: 총 거래 수량 | G41: =SUM(G30,G31,G34,G37) -> 0 | I41: =SUM(I30,I31,I34,I37) -> 74 | K41: =SUM(K30,K31,K34,K37) -> 0 | M41: =SUM(M30,M31,M34,M37) -> 0 | O41: =SUM(O30,O31,O34,O37) -> 0 | Q41: =SUM(Q30,Q31,Q34,Q37) -> 0 | S41: =SUM(S30,S31,S34,S37) -> 0 | U41: =SUM(U30,U31,U34,U37) -> 0 | W41: =SUM(W30,W31,W34,W37) -> 0 | Y41: =SUM(Y30,Y31,Y34,Y37) -> 210
D42: 재고량 | G42: =G41-G40 -> 0 | I42: =I41-I40 -> 12 | K42: =K41-K40 -> 0 | M42: =M41-M40 -> 0 | O42: =O41-O40 -> 0 | Q42: =Q41-Q40 -> 0 | S42: =S41-S40 -> 0 | U42: =U41-U40 -> 0 | W42: =W41-W40 -> 0 | Y42: =Y41-Y40 -> 80

Sheet 16
B1: ◈ 원질4호기 원료처리 작업 일지 | AM1: NBKP | AO1: LBKP
B2: 1. 원료 처리 현황 | Z2: 2026 년 01 월 16 일 | AK2: 데코 | AM2: 브라츠크 | AO2: Acacia
B3: 구분 | D3: 기준 중량 (kg) | E3: 전일 재공량 | F3: 금일 재공량 | G3: 일 원료 처리량 | H3: 오전( 반) | N3: 오후( 반) | T3: 야간( 반) | Z3: 합계 | AK3: K/T | AM3: WET PULP | AO3: 수자노
H4: K/T | N4: K/T | T4: K/T | Z4: 데코 | AK4: 0 | AM4: 멧자 | AO4: 아카시아APP
H5: Bale | I5: 중량 | J5: Bale | K5: 중량 | L5: Bale | M5: 중량 | N5: Bale | O5: 중량 | P5: Bale | Q5: 중량 | R5: Bale | S5: 중량 | T5: Bale | U5: 중량 | V5: Bale | W5: 중량 | X5: Bale | Y5: 중량 | Z5: 합계 | AA5: 배합비 | AB5: 합계 | AC5: 배합비 | AD5: 합계 | AE5: 배합비 | AK5: 0 | AM5: PCMC | AO5: Santafe
B6: LBKP | C6: Guaiba | D6: 247 | G6: =SUM(Z6,AB6,AD6) -> 0 | I6: =H6*D6 -> 0 | K6: =D6*J6 -> 0 | M6: =D6*L6 -> 0 | O6: =D6*N6 -> 0 | Q6: =D6*P6 -> 0 | S6: =D6*R6 -> 0 | U6: =D6*T6 -> 0 | W6: =D6*V6 -> 0 | Y6: =D6*X6 -> 0 | Z6: =SUM(I6,O6,U6) -> 0 | AA6: =IFERROR(Z10/Z16,"") -> 0.70084101 | AB6: =SUM(K6,Q6,W6) -> 0 | AC6: =IFERROR(AB10/AB16,"") | AD6: =SUM(M6,S6,Y6) -> 0 | AE6: =IFERROR(AD10/AD16,"") | AF6: 비데원지 | AM6: Pacifico | AO6: Guaiba
C7: WET(LBKP) | D7: 137 | G7: =SUM(Z7,AB7,AD7) -> 0 | I7: =H7*D7 -> 0 | K7: =D7*J7 -> 0 | M7: =D7*L7 -> 0 | O7: =D7*N7 -> 0 | Q7: =D7*P7 -> 0 | S7: =D7*R7 -> 0 | U7: =D7*T7 -> 0 | W7: =D7*V7 -> 0 | Y7: =D7*X7 -> 0 | Z7: =SUM(I7,O7,U7) -> 0 | AB7: =SUM(K7,Q7,W7) -> 0 | AD7: =SUM(M7,S7,Y7) -> 0 | AF7: 미용티슈 | AM7: Ilimsk | AO7: WET(LBKP)
C8: Acacia | D8: 250 | G8: =SUM(Z8,AB8,AD8) -> 33250 | H8: 42 | I8: =H8*D8 -> 10500 | K8: =D8*J8 -> 0 | M8: =D8*L8 -> 0 | N8: 49 | O8: =D8*N8 -> 12250 | Q8: =D8*P8 -> 0 | S8: =D8*R8 -> 0 | T8: 42 | U8: =D8*T8 -> 10500 | W8: =D8*V8 -> 0 | Y8: =D8*X8 -> 0 | Z8: =SUM(I8,O8,U8) -> 33250 | AB8: =SUM(K8,Q8,W8) -> 0 | AD8: =SUM(M8,S8,Y8) -> 0 | AF8: 3R | AM8: 크라프튼 | AO8: 0
C9: 수자노 | D9: 249 | G9: =SUM(Z9,AB9,AD9) -> 0 | I9: =H9*D9 -> 0 | K9: =D9*J9 -> 0 | M9: =D9*L9 -> 0 | O9: =D9*N9 -> 0 | Q9: =D9*P9 -> 0 | S9: =D9*R9 -> 0 | U9: =D9*T9 -> 0 | W9: =D9*V9 -> 0 | Y9: =D9*X9 -> 0 | Z9: =SUM(I9,O9,U9) -> 0 | AB9: =SUM(K9,Q9,W9) -> 0 | AD9: =SUM(M9,S9,Y9) -> 0 | AM9: 비랄 | AO9: 0
C10: 소계 | E10: =SUM(E6:E9) -> 0 | F10: =SUM(F6:F9) -> 0 | G10: =SUM(G6:G9) -> 33250 | I10: =SUM(I6:I9) -> 10500 | K10: =SUM(K6:K9) -> 0 | M10: =SUM(M6:M9) -> 0 | O10: =SUM(O6:O9) -> 12250 | Q10: =SUM(Q6:Q9) -> 0 | S10: =SUM(S6:S9) -> 0 | U10: =SUM(U6:U9) -> 10500 | W10: =SUM(W6:W9) -> 0 | Y10: =SUM(Y6:Y9) -> 0 | Z10: =SUM(Z6:Z9) -> 33250 | AB10: =SUM(AB6:AB9) -> 0 | AD10: =SUM(AD6:AD9) -> 0 | AM10: Arauco | AO10: 0
B11: NBKP | C11: 피스리버 | G11: =SUM(Z11,AB11,AD11) -> 0 | I11: =H11*D11 -> 0 | K11: =D11*J11 -> 0 | M11: =D11*L11 -> 0 | O11: =D11*N11 -> 0 | Q11: =D11*P11 -> 0 | S11: =D11*R11 -> 0 | U11: =D11*T11 -> 0 | W11: =D11*V11 -> 0 | Y11: =D11*X11 -> 0 | Z11: =SUM(I11,O11,U11) -> 0 | AA11: =IFERROR(1-AA6,"") -> 0.29915899 | AB11: =SUM(K11,Q11,W11) -> 0 | AC11: =IFERROR(1-AC6,"") | AD11: =SUM(M11,S11,Y11) -> 0 | AE11: =IFERROR(1-AE6,"") | AM11: 하우사운드
C12: Ilimsk | G12: =SUM(Z12,AB12,AD12) -> 0 | I12: =H12*D12 -> 0 | K12: =D12*J12 -> 0 | M12: =D12*L12 -> 0 | O12: =D12*N12 -> 0 | Q12: =D12*P12 -> 0 | S12: =D12*R12 -> 0 | U12: =D12*T12 -> 0 | W12: =D12*V12 -> 0 | Y12: =D12*X12 -> 0 | Z12: =SUM(I12,O12,U12) -> 0 | AB12: =SUM(K12,Q12,W12) -> 0 | AD12: =SUM(M12,S12,Y12) -> 0 | AM12: 일림
C13: 멧자 | D13: 249 | G13: =SUM(Z13,AB13,AD13) -> 14193 | H13: 18 | I13: =H13*D13 -> 4482 | K13: =D13*J13 -> 0 | M13: =D13*L13 -> 0 | N13: 21 | O13: =D13*N13 -> 5229 | Q13: =D13*P13 -> 0 | S13: =D13*R13 -> 0 | T13: 18 | U13: =D13*T13 -> 4482 | W13: =D13*V13 -> 0 | Y13: =D13*X13 -> 0 | Z13: =SUM(I13,O13,U13) -> 14193 | AB13: =SUM(K13,Q13,W13) -> 0 | AD13: =SUM(M13,S13,Y13) -> 0 | AM13: 피스리버
C14: WET PULP | D14: 150 | G14: =SUM(Z14,AB14,AD14) -> 0 | I14: =H14*D14 -> 0 | K14: =D14*J14 -> 0 | M14: =D14*L14 -> 0 | O14: =D14*N14 -> 0 | Q14: =D14*P14 -> 0 | S14: =D14*R14 -> 0 | U14: =D14*T14 -> 0 | W14: =D14*V14 -> 0 | Y14: =D14*X14 -> 0 | Z14: =SUM(I14,O14,U14) -> 0 | AB14: =SUM(K14,Q14,W14) -> 0 | AD14: =SUM(M14,S14,Y14) -> 0
C15: 소계 | E15: =SUM(E11:E14) -> 0 | F15: =SUM(F11:F14) -> 0 | G15: =SUM(G11:G14) -> 14193 | I15: =SUM(I11:I14) -> 4482 | K15: =SUM(K11:K14) -> 0 | M15: =SUM(M11:M14) -> 0 | O15: =SUM(O11:O14) -> 5229 | Q15: =SUM(Q11:Q14) -> 0 | S15: =SUM(S11:S14) -> 0 | U15: =SUM(U11:U14) -> 4482 | W15: =SUM(W11:W14) -> 0 | Y15: =SUM(Y11:Y14) -> 0 | Z15: =SUM(Z11:Z14) -> 14193 | AB15: =SUM(AB11:AB14) -> 0 | AD15: =SUM(AD11:AD14) -> 0
B16: 펄프 합계 | E16: =SUM(E15,E10) -> 0 | F16: =SUM(F15,F10) -> 0 | G16: =SUM(G10,G15) -> 47443 | H16: =SUM(H15,H10) -> 0 | I16: =SUM(I15,I10) -> 14982 | J16: =SUM(J15,J10) -> 0 | K16: =SUM(K15,K10) -> 0 | L16: =SUM(L15,L10) -> 0 | M16: =SUM(M15,M10) -> 0 | N16: =SUM(N15,N10) -> 0 | O16: =SUM(O15,O10) -> 17479 | ... Z16: =SUM(Z15,Z10) -> 47443 | AB16: =SUM(AB15,AB10) -> 0 | AD16: =SUM(AD15,AD10) -> 0
B27: 2. 원료 관리 현황
B28: 구분 | D28: 펄프 종류 | G28: N-PULP(Soft Wood) | Q28: L-PULP(Hard Wood) | AA28: 비고
D29: 브랜드 명 | G29: 피스리버 | I29: 멧자 | M29: 일림 | O29: WET PULP | S29: Guaiba | U29: 수자노 | W29: WET(LBKP) | Y29: 아카시아APP
D30: 전일 이월량 | G30: ='15'!G42:H42 -> 0 | I30: ='15'!I42:J42 -> 12 | K30: ='15'!K42:L42 -> 0 | M30: ='15'!M42:N42 -> 0 | O30: ='15'!O42:P42 -> 0 | Q30: ='15'!Q42:R42 -> 0 | S30: ='15'!S42:T42 -> 0 | U30: ='15'!U42:V42 -> 0 | W30: ='15'!W42:X42 -> 0 | Y30: ='15'!Y42:Z42 -> 80
B31: 오전 | D31: 입고량 | I31: 64 | Y31: 144
D32: 사용량 | I32: 18 | Y32: 42
D33: 재고량
B34: 오후 | D34: 입고량
D35: 사용량 | I35: 21 | Y35: 49
D36: 재고량
B37: 야간 | D37: 입고량
D38: 사용량 | I38: 18 | Y38: 42
D39: 재고량
B40: 펄프 합계 | D40: 총 사용량 | G40: =SUM(G32,G35,G38) -> 0 | I40: =SUM(I32,I35,I38) -> 57 | K40: =SUM(K32,K35,K38) -> 0 | M40: =SUM(M32,M35,M38) -> 0 | O40: =SUM(O32,O35,O38) -> 0 | Q40: =SUM(Q32,Q35,Q38) -> 0 | S40: =SUM(S32,S35,S38) -> 0 | U40: =SUM(U32,U35,U38) -> 0 | W40: =SUM(W32,W35,W38) -> 0 | Y40: =SUM(Y32,Y35,Y38) -> 133
D41: 총 거래 수량 | G41: =SUM(G30,G31,G34,G37) -> 0 | I41: =SUM(I30,I31,I34,I37) -> 76 | K41: =SUM(K30,K31,K34,K37) -> 0 | M41: =SUM(M30,M31,M34,M37) -> 0 | O41: =SUM(O30,O31,O34,O37) -> 0 | Q41: =SUM(Q30,Q31,Q34,Q37) -> 0 | S41: =SUM(S30,S31,S34,S37) -> 0 | U41: =SUM(U30,U31,U34,U37) -> 0 | W41: =SUM(W30,W31,W34,W37) -> 0 | Y41: =SUM(Y30,Y31,Y34,Y37) -> 224
D42: 재고량 | G42: =G41-G40 -> 0 | I42: =I41-I40 -> 19 | K42: =K41-K40 -> 0 | M42: =M41-M40 -> 0 | O42: =O41-O40 -> 0 | Q42: =Q41-Q40 -> 0 | S42: =S41-S40 -> 0 | U42: =U41-U40 -> 0 | W42: =W41-W40 -> 0 | Y42: =Y41-Y40 -> 91

Sheet 17
B1: ◈ 원질4호기 원료처리 작업 일지 | AM1: NBKP | AO1: LBKP
B2: 1. 원료 처리 현황 | Z2: 2026 년 01 월 17 일 | AK2: 데코 | AM2: 브라츠크 | AO2: Acacia
B3: 구분 | D3: 기준 중량 (kg) | E3: 전일 재공량 | F3: 금일 재공량 | G3: 일 원료 처리량 | H3: 오전( 반) | N3: 오후( 반) | T3: 야간( 반) | Z3: 합계 | AK3: K/T | AM3: WET PULP | AO3: 수자노
H4: 데코 | N4: 데코 | T4: 데코 | Z4: 데코 | AK4: 0 | AM4: 멧자 | AO4: 아카시아APP
H5: Bale | I5: 중량 | J5: Bale | K5: 중량 | L5: Bale | M5: 중량 | N5: Bale | O5: 중량 | P5: Bale | Q5: 중량 | R5: Bale | S5: 중량 | T5: Bale | U5: 중량 | V5: Bale | W5: 중량 | X5: Bale | Y5: 중량 | Z5: 합계 | AA5: 배합비 | AB5: 합계 | AC5: 배합비 | AD5: 합계 | AE5: 배합비 | AK5: 0 | AM5: PCMC | AO5: Santafe
B6: LBKP | C6: Guaiba | D6: 247 | G6: =SUM(Z6,AB6,AD6) -> 0 | I6: =H6*D6 -> 0 | K6: =D6*J6 -> 0 | M6: =D6*L6 -> 0 | O6: =D6*N6 -> 0 | Q6: =D6*P6 -> 0 | S6: =D6*R6 -> 0 | U6: =D6*T6 -> 0 | W6: =D6*V6 -> 0 | Y6: =D6*X6 -> 0 | Z6: =SUM(I6,O6,U6) -> 0 | AA6: =IFERROR(Z10/Z16,"") -> 0.8824389 | AB6: =SUM(K6,Q6,W6) -> 0 | AC6: =IFERROR(AB10/AB16,"") | AD6: =SUM(M6,S6,Y6) -> 0 | AE6: =IFERROR(AD10/AD16,"") | AF6: 비데원지 | AM6: Pacifico | AO6: Guaiba
C7: WET(LBKP) | D7: 137 | G7: =SUM(Z7,AB7,AD7) -> 0 | I7: =H7*D7 -> 0 | K7: =D7*J7 -> 0 | M7: =D7*L7 -> 0 | O7: =D7*N7 -> 0 | Q7: =D7*P7 -> 0 | S7: =D7*R7 -> 0 | U7: =D7*T7 -> 0 | W7: =D7*V7 -> 0 | Y7: =D7*X7 -> 0 | Z7: =SUM(I7,O7,U7) -> 0 | AB7: =SUM(K7,Q7,W7) -> 0 | AD7: =SUM(M7,S7,Y7) -> 0 | AF7: 미용티슈 | AM7: Ilimsk | AO7: WET(LBKP)
C8: Acacia | D8: 250 | G8: =SUM(Z8,AB8,AD8) -> 39250 | H8: 53 | I8: =H8*D8 -> 13250 | K8: =D8*J8 -> 0 | M8: =D8*L8 -> 0 | N8: 56 | O8: =D8*N8 -> 14000 | Q8: =D8*P8 -> 0 | S8: =D8*R8 -> 0 | T8: 48 | U8: =D8*T8 -> 12000 | W8: =D8*V8 -> 0 | Y8: =D8*X8 -> 0 | Z8: =SUM(I8,O8,U8) -> 39250 | AB8: =SUM(K8,Q8,W8) -> 0 | AD8: =SUM(M8,S8,Y8) -> 0 | AF8: 3R | AM8: 크라프튼 | AO8: 0
C9: 수자노 | D9: 249 | G9: =SUM(Z9,AB9,AD9) -> 0 | I9: =H9*D9 -> 0 | K9: =D9*J9 -> 0 | M9: =D9*L9 -> 0 | O9: =D9*N9 -> 0 | Q9: =D9*P9 -> 0 | S9: =D9*R9 -> 0 | U9: =D9*T9 -> 0 | W9: =D9*V9 -> 0 | Y9: =D9*X9 -> 0 | Z9: =SUM(I9,O9,U9) -> 0 | AB9: =SUM(K9,Q9,W9) -> 0 | AD9: =SUM(M9,S9,Y9) -> 0 | AM9: 비랄 | AO9: 0
C10: 소계 | E10: =SUM(E6:E9) -> 0 | F10: =SUM(F6:F9) -> 0 | G10: =SUM(G6:G9) -> 39250 | I10: =SUM(I6:I9) -> 13250 | K10: =SUM(K6:K9) -> 0 | M10: =SUM(M6:M9) -> 0 | O10: =SUM(O6:O9) -> 14000 | Q10: =SUM(Q6:Q9) -> 0 | S10: =SUM(S6:S9) -> 0 | U10: =SUM(U6:U9) -> 12000 | W10: =SUM(W6:W9) -> 0 | Y10: =SUM(Y6:Y9) -> 0 | Z10: =SUM(Z6:Z9) -> 39250 | AB10: =SUM(AB6:AB9) -> 0 | AD10: =SUM(AD6:AD9) -> 0 | AM10: Arauco | AO10: 0
B11: NBKP | C11: 피스리버 | G11: =SUM(Z11,AB11,AD11) -> 0 | I11: =H11*D11 -> 0 | K11: =D11*J11 -> 0 | M11: =D11*L11 -> 0 | O11: =D11*N11 -> 0 | Q11: =D11*P11 -> 0 | S11: =D11*R11 -> 0 | U11: =D11*T11 -> 0 | W11: =D11*V11 -> 0 | Y11: =D11*X11 -> 0 | Z11: =SUM(I11,O11,U11) -> 0 | AA11: =IFERROR(1-AA6,"") -> 0.1175611 | AB11: =SUM(K11,Q11,W11) -> 0 | AC11: =IFERROR(1-AC6,"") | AD11: =SUM(M11,S11,Y11) -> 0 | AE11: =IFERROR(1-AE6,"") | AM11: 하우사운드
C12: Ilimsk | G12: =SUM(Z12,AB12,AD12) -> 0 | I12: =H12*D12 -> 0 | K12: =D12*J12 -> 0 | M12: =D12*L12 -> 0 | O12: =D12*N12 -> 0 | Q12: =D12*P12 -> 0 | S12: =D12*R12 -> 0 | U12: =D12*T12 -> 0 | W12: =D12*V12 -> 0 | Y12: =D12*X12 -> 0 | Z12: =SUM(I12,O12,U12) -> 0 | AB12: =SUM(K12,Q12,W12) -> 0 | AD12: =SUM(M12,S12,Y12) -> 0 | AM12: 일림
C13: 멧자 | D13: 249 | G13: =SUM(Z13,AB13,AD13) -> 5229 | H13: 8 | I13: =H13*D13 -> 1992 | K13: =D13*J13 -> 0 | M13: =D13*L13 -> 0 | N13: 7 | O13: =D13*N13 -> 1743 | Q13: =D13*P13 -> 0 | S13: =D13*R13 -> 0 | T13: 6 | U13: =D13*T13 -> 1494 | W13: =D13*V13 -> 0 | Y13: =D13*X13 -> 0 | Z13: =SUM(I13,O13,U13) -> 5229 | AB13: =SUM(K13,Q13,W13) -> 0 | AD13: =SUM(M13,S13,Y13) -> 0 | AM13: 피스리버
C14: WET PULP | D14: 150 | G14: =SUM(Z14,AB14,AD14) -> 0 | I14: =H14*D14 -> 0 | K14: =D14*J14 -> 0 | M14: =D14*L14 -> 0 | O14: =D14*N14 -> 0 | Q14: =D14*P14 -> 0 | S14: =D14*R14 -> 0 | U14: =D14*T14 -> 0 | W14: =D14*V14 -> 0 | Y14: =D14*X14 -> 0 | Z14: =SUM(I14,O14,U14) -> 0 | AB14: =SUM(K14,Q14,W14) -> 0 | AD14: =SUM(M14,S14,Y14) -> 0
C15: 소계 | E15: =SUM(E11:E14) -> 0 | F15: =SUM(F11:F14) -> 0 | G15: =SUM(G11:G14) -> 5229 | I15: =SUM(I11:I14) -> 1992 | K15: =SUM(K11:K14) -> 0 | M15: =SUM(M11:M14) -> 0 | O15: =SUM(O11:O14) -> 1743 | Q15: =SUM(Q11:Q14) -> 0 | S15: =SUM(S11:S14) -> 0 | U15: =SUM(U11:U14) -> 1494 | W15: =SUM(W11:W14) -> 0 | Y15: =SUM(Y11:Y14) -> 0 | Z15: =SUM(Z11:Z14) -> 5229 | AB15: =SUM(AB11:AB14) -> 0 | AD15: =SUM(AD11:AD14) -> 0
B16: 펄프 합계 | E16: =SUM(E15,E10) -> 0 | F16: =SUM(F15,F10) -> 0 | G16: =SUM(G10,G15) -> 44479 | H16: =SUM(H15,H10) -> 0 | I16: =SUM(I15,I10) -> 15242 | J16: =SUM(J15,J10) -> 0 | K16: =SUM(K15,K10) -> 0 | L16: =SUM(L15,L10) -> 0 | M16: =SUM(M15,M10) -> 0 | N16: =SUM(N15,N10) -> 0 | O16: =SUM(O15,O10) -> 15743 | ... Z16: =SUM(Z15,Z10) -> 44479 | AB16: =SUM(AB15,AB10) -> 0 | AD16: =SUM(AD15,AD10) -> 0
B27: 2. 원료 관리 현황
B28: 구분 | D28: 펄프 종류 | G28: N-PULP(Soft Wood) | Q28: L-PULP(Hard Wood) | AA28: 비고
D29: 브랜드 명 | G29: 피스리버 | I29: 멧자 | M29: 일림 | O29: WET PULP | S29: Guaiba | U29: 수자노 | W29: WET(LBKP) | Y29: 아카시아APP
D30: 전일 이월량 | G30: ='16'!G42:H42 -> 0 | I30: ='16'!I42:J42 -> 19 | K30: ='16'!K42:L42 -> 0 | M30: ='16'!M42:N42 -> 0 | O30: ='16'!O42:P42 -> 0 | Q30: ='16'!Q42:R42 -> 0 | S30: ='16'!S42:T42 -> 0 | U30: ='16'!U42:V42 -> 0 | W30: ='16'!W42:X42 -> 0 | Y30: ='16'!Y42:Z42 -> 91
B31: 오전 | D31: 입고량 | I31: 16 | Y31: 160
D32: 사용량 | I32: 8 | Y32: 53
D33: 재고량
B34: 오후 | D34: 입고량
D35: 사용량 | I35: 7 | Y35: 56
D36: 재고량
B37: 야간 | D37: 입고량
D38: 사용량 | I38: 6 | Y38: 48
D39: 재고량
B40: 펄프 합계 | D40: 총 사용량 | G40: =SUM(G32,G35,G38) -> 0 | I40: =SUM(I32,I35,I38) -> 21 | K40: =SUM(K32,K35,K38) -> 0 | M40: =SUM(M32,M35,M38) -> 0 | O40: =SUM(O32,O35,O38) -> 0 | Q40: =SUM(Q32,Q35,Q38) -> 0 | S40: =SUM(S32,S35,S38) -> 0 | U40: =SUM(U32,U35,U38) -> 0 | W40: =SUM(W32,W35,W38) -> 0 | Y40: =SUM(Y32,Y35,Y38) -> 157
D41: 총 거래 수량 | G41: =SUM(G30,G31,G34,G37) -> 0 | I41: =SUM(I30,I31,I34,I37) -> 35 | K41: =SUM(K30,K31,K34,K37) -> 0 | M41: =SUM(M30,M31,M34,M37) -> 0 | O41: =SUM(O30,O31,O34,O37) -> 0 | Q41: =SUM(Q30,Q31,Q34,Q37) -> 0 | S41: =SUM(S30,S31,S34,S37) -> 0 | U41: =SUM(U30,U31,U34,U37) -> 0 | W41: =SUM(W30,W31,W34,W37) -> 0 | Y41: =SUM(Y30,Y31,Y34,Y37) -> 251
D42: 재고량 | G42: =G41-G40 -> 0 | I42: =I41-I40 -> 14 | K42: =K41-K40 -> 0 | M42: =M41-M40 -> 0 | O42: =O41-O40 -> 0 | Q42: =Q41-Q40 -> 0 | S42: =S41-S40 -> 0 | U42: =U41-U40 -> 0 | W42: =W41-W40 -> 0 | Y42: =Y41-Y40 -> 94

Sheet 18
B1: ◈ 원질4호기 원료처리 작업 일지 | AM1: NBKP | AO1: LBKP
B2: 1. 원료 처리 현황 | Z2: 2026 년 01 월 18 일 | AK2: 데코 | AM2: 브라츠크 | AO2: Acacia
B3: 구분 | D3: 기준 중량 (kg) | E3: 전일 재공량 | F3: 금일 재공량 | G3: 일 원료 처리량 | H3: 오전( 반) | N3: 오후( 반) | T3: 야간( 반) | Z3: 합계 | AK3: K/T | AM3: WET PULP | AO3: 수자노
H4: 데코 | J4: K/T | N4: 데코 | P4: K/T | T4: 데코 | V4: K/T | Z4: 데코 | AK4: 0 | AM4: 멧자 | AO4: 아카시아APP
H5: Bale | I5: 중량 | J5: Bale | K5: 중량 | L5: Bale | M5: 중량 | N5: Bale | O5: 중량 | P5: Bale | Q5: 중량 | R5: Bale | S5: 중량 | T5: Bale | U5: 중량 | V5: Bale | W5: 중량 | X5: Bale | Y5: 중량 | Z5: 합계 | AA5: 배합비 | AB5: 합계 | AC5: 배합비 | AD5: 합계 | AE5: 배합비 | AK5: 0 | AM5: PCMC | AO5: Santafe
B6: LBKP | C6: Guaiba | D6: 247 | G6: =SUM(Z6,AB6,AD6) -> 0 | I6: =H6*D6 -> 0 | K6: =D6*J6 -> 0 | M6: =D6*L6 -> 0 | O6: =D6*N6 -> 0 | Q6: =D6*P6 -> 0 | S6: =D6*R6 -> 0 | U6: =D6*T6 -> 0 | W6: =D6*V6 -> 0 | Y6: =D6*X6 -> 0 | Z6: =SUM(I6,O6,U6) -> 0 | AA6: =IFERROR(Z10/Z16,"") -> 0.91235805 | AB6: =SUM(K6,Q6,W6) -> 0 | AC6: =IFERROR(AB10/AB16,"") | AD6: =SUM(M6,S6,Y6) -> 0 | AE6: =IFERROR(AD10/AD16,"") | AF6: 비데원지 | AM6: Pacifico | AO6: Guaiba
C7: WET(LBKP) | D7: 137 | G7: =SUM(Z7,AB7,AD7) -> 0 | I7: =H7*D7 -> 0 | K7: =D7*J7 -> 0 | M7: =D7*L7 -> 0 | O7: =D7*N7 -> 0 | Q7: =D7*P7 -> 0 | S7: =D7*R7 -> 0 | U7: =D7*T7 -> 0 | W7: =D7*V7 -> 0 | Y7: =D7*X7 -> 0 | Z7: =SUM(I7,O7,U7) -> 0 | AB7: =SUM(K7,Q7,W7) -> 0 | AD7: =SUM(M7,S7,Y7) -> 0 | AF7: 미용티슈 | AM7: Ilimsk | AO7: WET(LBKP)
C8: Acacia | D8: 250 | G8: =SUM(Z8,AB8,AD8) -> 49250 | H8: 54 | I8: =H8*D8 -> 13500 | K8: =D8*J8 -> 0 | M8: =D8*L8 -> 0 | N8: 66 | O8: =D8*N8 -> 16500 | Q8: =D8*P8 -> 0 | S8: =D8*R8 -> 0 | T8: 77 | U8: =D8*T8 -> 19250 | W8: =D8*V8 -> 0 | Y8: =D8*X8 -> 0 | Z8: =SUM(I8,O8,U8) -> 49250 | AB8: =SUM(K8,Q8,W8) -> 0 | AD8: =SUM(M8,S8,Y8) -> 0 | AF8: 3R | AM8: 크라프튼 | AO8: 0
C9: 수자노 | D9: 249 | G9: =SUM(Z9,AB9,AD9) -> 0 | I9: =H9*D9 -> 0 | K9: =D9*J9 -> 0 | M9: =D9*L9 -> 0 | O9: =D9*N9 -> 0 | Q9: =D9*P9 -> 0 | S9: =D9*R9 -> 0 | U9: =D9*T9 -> 0 | W9: =D9*V9 -> 0 | Y9: =D9*X9 -> 0 | Z9: =SUM(I9,O9,U9) -> 0 | AB9: =SUM(K9,Q9,W9) -> 0 | AD9: =SUM(M9,S9,Y9) -> 0 | AM9: 비랄 | AO9: 0
C10: 소계 | E10: =SUM(E6:E9) -> 0 | F10: =SUM(F6:F9) -> 0 | G10: =SUM(G6:G9) -> 49250 | I10: =SUM(I6:I9) -> 13500 | K10: =SUM(K6:K9) -> 0 | M10: =SUM(M6:M9) -> 0 | O10: =SUM(O6:O9) -> 16500 | Q10: =SUM(Q6:Q9) -> 0 | S10: =SUM(S6:S9) -> 0 | U10: =SUM(U6:U9) -> 19250 | W10: =SUM(W6:W9) -> 0 | Y10: =SUM(Y6:Y9) -> 0 | Z10: =SUM(Z6:Z9) -> 49250 | AB10: =SUM(AB6:AB9) -> 0 | AD10: =SUM(AD6:AD9) -> 0 | AM10: Arauco | AO10: 0
B11: NBKP | C11: 피스리버 | G11: =SUM(Z11,AB11,AD11) -> 0 | I11: =H11*D11 -> 0 | K11: =D11*J11 -> 0 | M11: =D11*L11 -> 0 | O11: =D11*N11 -> 0 | Q11: =D11*P11 -> 0 | S11: =D11*R11 -> 0 | U11: =D11*T11 -> 0 | W11: =D11*V11 -> 0 | Y11: =D11*X11 -> 0 | Z11: =SUM(I11,O11,U11) -> 0 | AA11: =IFERROR(1-AA6,"") -> 0.087641948 | AB11: =SUM(K11,Q11,W11) -> 0 | AC11: =IFERROR(1-AC6,"") | AD11: =SUM(M11,S11,Y11) -> 0 | AE11: =IFERROR(1-AE6,"") | AM11: 하우사운드
C12: Ilimsk | G12: =SUM(Z12,AB12,AD12) -> 0 | I12: =H12*D12 -> 0 | K12: =D12*J12 -> 0 | M12: =D12*L12 -> 0 | O12: =D12*N12 -> 0 | Q12: =D12*P12 -> 0 | S12: =D12*R12 -> 0 | U12: =D12*T12 -> 0 | W12: =D12*V12 -> 0 | Y12: =D12*X12 -> 0 | Z12: =SUM(I12,O12,U12) -> 0 | AB12: =SUM(K12,Q12,W12) -> 0 | AD12: =SUM(M12,S12,Y12) -> 0 | AM12: 일림
C13: 멧자 | D13: 249 | G13: =SUM(Z13,AB13,AD13) -> 4731 | H13: 6 | I13: =H13*D13 -> 1494 | K13: =D13*J13 -> 0 | M13: =D13*L13 -> 0 | N13: 6 | O13: =D13*N13 -> 1494 | Q13: =D13*P13 -> 0 | S13: =D13*R13 -> 0 | T13: 7 | U13: =D13*T13 -> 1743 | W13: =D13*V13 -> 0 | Y13: =D13*X13 -> 0 | Z13: =SUM(I13,O13,U13) -> 4731 | AB13: =SUM(K13,Q13,W13) -> 0 | AD13: =SUM(M13,S13,Y13) -> 0 | AM13: 피스리버
C14: WET PULP | D14: 150 | G14: =SUM(Z14,AB14,AD14) -> 0 | I14: =H14*D14 -> 0 | K14: =D14*J14 -> 0 | M14: =D14*L14 -> 0 | O14: =D14*N14 -> 0 | Q14: =D14*P14 -> 0 | S14: =D14*R14 -> 0 | U14: =D14*T14 -> 0 | W14: =D14*V14 -> 0 | Y14: =D14*X14 -> 0 | Z14: =SUM(I14,O14,U14) -> 0 | AB14: =SUM(K14,Q14,W14) -> 0 | AD14: =SUM(M14,S14,Y14) -> 0
C15: 소계 | E15: =SUM(E11:E14) -> 0 | F15: =SUM(F11:F14) -> 0 | G15: =SUM(G11:G14) -> 4731 | I15: =SUM(I11:I14) -> 1494 | K15: =SUM(K11:K14) -> 0 | M15: =SUM(M11:M14) -> 0 | O15: =SUM(O11:O14) -> 1494 | Q15: =SUM(Q11:Q14) -> 0 | S15: =SUM(S11:S14) -> 0 | U15: =SUM(U11:U14) -> 1743 | W15: =SUM(W11:W14) -> 0 | Y15: =SUM(Y11:Y14) -> 0 | Z15: =SUM(Z11:Z14) -> 4731 | AB15: =SUM(AB11:AB14) -> 0 | AD15: =SUM(AD11:AD14) -> 0
B16: 펄프 합계 | E16: =SUM(E15,E10) -> 0 | F16: =SUM(F15,F10) -> 0 | G16: =SUM(G10,G15) -> 53981 | H16: =SUM(H15,H10) -> 0 | I16: =SUM(I15,I10) -> 14994 | J16: =SUM(J15,J10) -> 0 | K16: =SUM(K15,K10) -> 0 | L16: =SUM(L15,L10) -> 0 | M16: =SUM(M15,M10) -> 0 | N16: =SUM(N15,N10) -> 0 | O16: =SUM(O15,O10) -> 17994 | ... Z16: =SUM(Z15,Z10) -> 53981 | AB16: =SUM(AB15,AB10) -> 0 | AD16: =SUM(AD15,AD10) -> 0
B27: 2. 원료 관리 현황
B28: 구분 | D28: 펄프 종류 | G28: N-PULP(Soft Wood) | Q28: L-PULP(Hard Wood) | AA28: 비고
D29: 브랜드 명 | G29: 피스리버 | I29: 멧자 | M29: 일림 | O29: WET PULP | S29: Guaiba | U29: 수자노 | W29: WET(LBKP) | Y29: 아카시아APP
D30: 전일 이월량 | G30: ='17'!G42:H42 -> 0 | I30: ='17'!I42:J42 -> 14 | K30: ='17'!K42:L42 -> 0 | M30: ='17'!M42:N42 -> 0 | O30: ='17'!O42:P42 -> 0 | Q30: ='17'!Q42:R42 -> 0 | S30: ='17'!S42:T42 -> 0 | U30: ='17'!U42:V42 -> 0 | W30: ='17'!W42:X42 -> 0 | Y30: ='17'!Y42:Z42 -> 94
B31: 오전 | D31: 입고량 | I31: 16 | Y31: 224
D32: 사용량 | I32: 6 | Y32: 54
D33: 재고량
B34: 오후 | D34: 입고량
D35: 사용량 | I35: 6 | Y35: 66
D36: 재고량
B37: 야간 | D37: 입고량
D38: 사용량 | I38: 7 | Y38: 77
D39: 재고량
B40: 펄프 합계 | D40: 총 사용량 | G40: =SUM(G32,G35,G38) -> 0 | I40: =SUM(I32,I35,I38) -> 19 | K40: =SUM(K32,K35,K38) -> 0 | M40: =SUM(M32,M35,M38) -> 0 | O40: =SUM(O32,O35,O38) -> 0 | Q40: =SUM(Q32,Q35,Q38) -> 0 | S40: =SUM(S32,S35,S38) -> 0 | U40: =SUM(U32,U35,U38) -> 0 | W40: =SUM(W32,W35,W38) -> 0 | Y40: =SUM(Y32,Y35,Y38) -> 197
D41: 총 거래 수량 | G41: =SUM(G30,G31,G34,G37) -> 0 | I41: =SUM(I30,I31,I34,I37) -> 30 | K41: =SUM(K30,K31,K34,K37) -> 0 | M41: =SUM(M30,M31,M34,M37) -> 0 | O41: =SUM(O30,O31,O34,O37) -> 0 | Q41: =SUM(Q30,Q31,Q34,Q37) -> 0 | S41: =SUM(S30,S31,S34,S37) -> 0 | U41: =SUM(U30,U31,U34,U37) -> 0 | W41: =SUM(W30,W31,W34,W37) -> 0 | Y41: =SUM(Y30,Y31,Y34,Y37) -> 318
D42: 재고량 | G42: =G41-G40 -> 0 | I42: =I41-I40 -> 11 | K42: =K41-K40 -> 0 | M42: =M41-M40 -> 0 | O42: =O41-O40 -> 0 | Q42: =Q41-Q40 -> 0 | S42: =S41-S40 -> 0 | U42: =U41-U40 -> 0 | W42: =W41-W40 -> 0 | Y42: =Y41-Y40 -> 121

Sheet 19
B1: ◈ 원질4호기 원료처리 작업 일지 | AM1: NBKP | AO1: LBKP
B2: 1. 원료 처리 현황 | Z2: 2026 년 01 월 19 일 | AK2: 데코 | AM2: 브라츠크 | AO2: Acacia
B3: 구분 | D3: 기준 중량 (kg) | E3: 전일 재공량 | F3: 금일 재공량 | G3: 일 원료 처리량 | H3: 오전( 반) | N3: 오후( 반) | T3: 야간( 반) | Z3: 합계 | AK3: K/T | AM3: WET PULP | AO3: 수자노
H4: 데코 | N4: 데코 | T4: 데코 | Z4: 데코 | AK4: 0 | AM4: 멧자 | AO4: 아카시아APP
H5: Bale | I5: 중량 | J5: Bale | K5: 중량 | L5: Bale | M5: 중량 | N5: Bale | O5: 중량 | P5: Bale | Q5: 중량 | R5: Bale | S5: 중량 | T5: Bale | U5: 중량 | V5: Bale | W5: 중량 | X5: Bale | Y5: 중량 | Z5: 합계 | AA5: 배합비 | AB5: 합계 | AC5: 배합비 | AD5: 합계 | AE5: 배합비 | AK5: 0 | AM5: PCMC | AO5: Santafe
B6: LBKP | C6: Guaiba | D6: 247 | G6: =SUM(Z6,AB6,AD6) -> 0 | I6: =H6*D6 -> 0 | K6: =D6*J6 -> 0 | M6: =D6*L6 -> 0 | O6: =D6*N6 -> 0 | Q6: =D6*P6 -> 0 | S6: =D6*R6 -> 0 | U6: =D6*T6 -> 0 | W6: =D6*V6 -> 0 | Y6: =D6*X6 -> 0 | Z6: =SUM(I6,O6,U6) -> 0 | AA6: =IFERROR(Z10/Z16,"") -> 0.89780423 | AB6: =SUM(K6,Q6,W6) -> 0 | AC6: =IFERROR(AB10/AB16,"") | AD6: =SUM(M6,S6,Y6) -> 0 | AE6: =IFERROR(AD10/AD16,"") | AF6: 비데원지 | AM6: Pacifico | AO6: Guaiba
C7: WET(LBKP) | D7: 137 | G7: =SUM(Z7,AB7,AD7) -> 0 | I7: =H7*D7 -> 0 | K7: =D7*J7 -> 0 | M7: =D7*L7 -> 0 | O7: =D7*N7 -> 0 | Q7: =D7*P7 -> 0 | S7: =D7*R7 -> 0 | U7: =D7*T7 -> 0 | W7: =D7*V7 -> 0 | Y7: =D7*X7 -> 0 | Z7: =SUM(I7,O7,U7) -> 0 | AB7: =SUM(K7,Q7,W7) -> 0 | AD7: =SUM(M7,S7,Y7) -> 0 | AF7: 미용티슈 | AM7: Ilimsk | AO7: WET(LBKP)
C8: Acacia | D8: 250 | G8: =SUM(Z8,AB8,AD8) -> 43750 | H8: 63 | I8: =H8*D8 -> 15750 | K8: =D8*J8 -> 0 | M8: =D8*L8 -> 0 | N8: 54 | O8: =D8*N8 -> 13500 | Q8: =D8*P8 -> 0 | S8: =D8*R8 -> 0 | T8: 58 | U8: =D8*T8 -> 14500 | W8: =D8*V8 -> 0 | Y8: =D8*X8 -> 0 | Z8: =SUM(I8,O8,U8) -> 43750 | AB8: =SUM(K8,Q8,W8) -> 0 | AD8: =SUM(M8,S8,Y8) -> 0 | AF8: 3R | AM8: 크라프튼 | AO8: 0
C9: 수자노 | D9: 249 | G9: =SUM(Z9,AB9,AD9) -> 0 | I9: =H9*D9 -> 0 | K9: =D9*J9 -> 0 | M9: =D9*L9 -> 0 | O9: =D9*N9 -> 0 | Q9: =D9*P9 -> 0 | S9: =D9*R9 -> 0 | U9: =D9*T9 -> 0 | W9: =D9*V9 -> 0 | Y9: =D9*X9 -> 0 | Z9: =SUM(I9,O9,U9) -> 0 | AB9: =SUM(K9,Q9,W9) -> 0 | AD9: =SUM(M9,S9,Y9) -> 0 | AM9: 비랄 | AO9: 0
C10: 소계 | E10: =SUM(E6:E9) -> 0 | F10: =SUM(F6:F9) -> 0 | G10: =SUM(G6:G9) -> 43750 | I10: =SUM(I6:I9) -> 15750 | K10: =SUM(K6:K9) -> 0 | M10: =SUM(M6:M9) -> 0 | O10: =SUM(O6:O9) -> 13500 | Q10: =SUM(Q6:Q9) -> 0 | S10: =SUM(S6:S9) -> 0 | U10: =SUM(U6:U9) -> 14500 | W10: =SUM(W6:W9) -> 0 | Y10: =SUM(Y6:Y9) -> 0 | Z10: =SUM(Z6:Z9) -> 43750 | AB10: =SUM(AB6:AB9) -> 0 | AD10: =SUM(AD6:AD9) -> 0 | AM10: Arauco | AO10: 0
B11: NBKP | C11: 피스리버 | G11: =SUM(Z11,AB11,AD11) -> 0 | I11: =H11*D11 -> 0 | K11: =D11*J11 -> 0 | M11: =D11*L11 -> 0 | O11: =D11*N11 -> 0 | Q11: =D11*P11 -> 0 | S11: =D11*R11 -> 0 | U11: =D11*T11 -> 0 | W11: =D11*V11 -> 0 | Y11: =D11*X11 -> 0 | Z11: =SUM(I11,O11,U11) -> 0 | AA11: =IFERROR(1-AA6,"") -> 0.10219577 | AB11: =SUM(K11,Q11,W11) -> 0 | AC11: =IFERROR(1-AC6,"") | AD11: =SUM(M11,S11,Y11) -> 0 | AE11: =IFERROR(1-AE6,"") | AM11: 하우사운드
C12: Ilimsk | G12: =SUM(Z12,AB12,AD12) -> 0 | I12: =H12*D12 -> 0 | K12: =D12*J12 -> 0 | M12: =D12*L12 -> 0 | O12: =D12*N12 -> 0 | Q12: =D12*P12 -> 0 | S12: =D12*R12 -> 0 | U12: =D12*T12 -> 0 | W12: =D12*V12 -> 0 | Y12: =D12*X12 -> 0 | Z12: =SUM(I12,O12,U12) -> 0 | AB12: =SUM(K12,Q12,W12) -> 0 | AD12: =SUM(M12,S12,Y12) -> 0 | AM12: 일림
C13: 멧자 | D13: 249 | G13: =SUM(Z13,AB13,AD13) -> 4980 | H13: 7 | I13: =H13*D13 -> 1743 | K13: =D13*J13 -> 0 | M13: =D13*L13 -> 0 | N13: 6 | O13: =D13*N13 -> 1494 | Q13: =D13*P13 -> 0 | S13: =D13*R13 -> 0 | T13: 7 | U13: =D13*T13 -> 1743 | W13: =D13*V13 -> 0 | Y13: =D13*X13 -> 0 | Z13: =SUM(I13,O13,U13) -> 4980 | AB13: =SUM(K13,Q13,W13) -> 0 | AD13: =SUM(M13,S13,Y13) -> 0 | AM13: 피스리버
C14: WET PULP | D14: 150 | G14: =SUM(Z14,AB14,AD14) -> 0 | I14: =H14*D14 -> 0 | K14: =D14*J14 -> 0 | M14: =D14*L14 -> 0 | O14: =D14*N14 -> 0 | Q14: =D14*P14 -> 0 | S14: =D14*R14 -> 0 | U14: =D14*T14 -> 0 | W14: =D14*V14 -> 0 | Y14: =D14*X14 -> 0 | Z14: =SUM(I14,O14,U14) -> 0 | AB14: =SUM(K14,Q14,W14) -> 0 | AD14: =SUM(M14,S14,Y14) -> 0
C15: 소계 | E15: =SUM(E11:E14) -> 0 | F15: =SUM(F11:F14) -> 0 | G15: =SUM(G11:G14) -> 4980 | I15: =SUM(I11:I14) -> 1743 | K15: =SUM(K11:K14) -> 0 | M15: =SUM(M11:M14) -> 0 | O15: =SUM(O11:O14) -> 1494 | Q15: =SUM(Q11:Q14) -> 0 | S15: =SUM(S11:S14) -> 0 | U15: =SUM(U11:U14) -> 1743 | W15: =SUM(W11:W14) -> 0 | Y15: =SUM(Y11:Y14) -> 0 | Z15: =SUM(Z11:Z14) -> 4980 | AB15: =SUM(AB11:AB14) -> 0 | AD15: =SUM(AD11:AD14) -> 0
B16: 펄프 합계 | E16: =SUM(E15,E10) -> 0 | F16: =SUM(F15,F10) -> 0 | G16: =SUM(G10,G15) -> 48730 | H16: =SUM(H15,H10) -> 0 | I16: =SUM(I15,I10) -> 17493 | J16: =SUM(J15,J10) -> 0 | K16: =SUM(K15,K10) -> 0 | L16: =SUM(L15,L10) -> 0 | M16: =SUM(M15,M10) -> 0 | N16: =SUM(N15,N10) -> 0 | O16: =SUM(O15,O10) -> 14994 | ... Z16: =SUM(Z15,Z10) -> 48730 | AB16: =SUM(AB15,AB10) -> 0 | AD16: =SUM(AD15,AD10) -> 0
B27: 2. 원료 관리 현황
B28: 구분 | D28: 펄프 종류 | G28: N-PULP(Soft Wood) | Q28: L-PULP(Hard Wood) | AA28: 비고
D29: 브랜드 명 | G29: 피스리버 | I29: 멧자 | M29: 일림 | O29: WET PULP | S29: Guaiba | U29: 수자노 | W29: WET(LBKP) | Y29: 아카시아APP
D30: 전일 이월량 | G30: ='18'!G42:H42 -> 0 | I30: ='18'!I42:J42 -> 11 | K30: ='18'!K42:L42 -> 0 | M30: ='18'!M42:N42 -> 0 | O30: ='18'!O42:P42 -> 0 | Q30: ='18'!Q42:R42 -> 0 | S30: ='18'!S42:T42 -> 0 | U30: ='18'!U42:V42 -> 0 | W30: ='18'!W42:X42 -> 0 | Y30: ='18'!Y42:Z42 -> 121
B31: 오전 | D31: 입고량 | I31: 16 | Y31: 192
D32: 사용량 | I32: 7 | Y32: 63
D33: 재고량
B34: 오후 | D34: 입고량
D35: 사용량 | I35: 6 | Y35: 54
D36: 재고량
B37: 야간 | D37: 입고량
D38: 사용량 | I38: 7 | Y38: 58
D39: 재고량
B40: 펄프 합계 | D40: 총 사용량 | G40: =SUM(G32,G35,G38) -> 0 | I40: =SUM(I32,I35,I38) -> 20 | K40: =SUM(K32,K35,K38) -> 0 | M40: =SUM(M32,M35,M38) -> 0 | O40: =SUM(O32,O35,O38) -> 0 | Q40: =SUM(Q32,Q35,Q38) -> 0 | S40: =SUM(S32,S35,S38) -> 0 | U40: =SUM(U32,U35,U38) -> 0 | W40: =SUM(W32,W35,W38) -> 0 | Y40: =SUM(Y32,Y35,Y38) -> 175
D41: 총 거래 수량 | G41: =SUM(G30,G31,G34,G37) -> 0 | I41: =SUM(I30,I31,I34,I37) -> 27 | K41: =SUM(K30,K31,K34,K37) -> 0 | M41: =SUM(M30,M31,M34,M37) -> 0 | O41: =SUM(O30,O31,O34,O37) -> 0 | Q41: =SUM(Q30,Q31,Q34,Q37) -> 0 | S41: =SUM(S30,S31,S34,S37) -> 0 | U41: =SUM(U30,U31,U34,U37) -> 0 | W41: =SUM(W30,W31,W34,W37) -> 0 | Y41: =SUM(Y30,Y31,Y34,Y37) -> 313
D42: 재고량 | G42: =G41-G40 -> 0 | I42: =I41-I40 -> 7 | K42: =K41-K40 -> 0 | M42: =M41-M40 -> 0 | O42: =O41-O40 -> 0 | Q42: =Q41-Q40 -> 0 | S42: =S41-S40 -> 0 | U42: =U41-U40 -> 0 | W42: =W41-W40 -> 0 | Y42: =Y41-Y40 -> 138

Sheet 20
B1: ◈ 원질4호기 원료처리 작업 일지 | AM1: NBKP | AO1: LBKP
B2: 1. 원료 처리 현황 | Z2: 2026 년 01 월 20 일 | AK2: 데코 | AM2: 브라츠크 | AO2: Acacia
B3: 구분 | D3: 기준 중량 (kg) | E3: 전일 재공량 | F3: 금일 재공량 | G3: 일 원료 처리량 | H3: 오전( 반) | N3: 오후( 반) | T3: 야간( 반) | Z3: 합계 | AK3: K/T | AM3: WET PULP | AO3: 수자노
H4: 데코 | J4: 데코 | N4: 데코 | P4: 데코 | T4: 데코 | V4: 데코 | Z4: 데코 | AB4: 데코 | AK4: 0 | AM4: 멧자 | AO4: 아카시아APP
H5: Bale | I5: 중량 | J5: Bale | K5: 중량 | L5: Bale | M5: 중량 | N5: Bale | O5: 중량 | P5: Bale | Q5: 중량 | R5: Bale | S5: 중량 | T5: Bale | U5: 중량 | V5: Bale | W5: 중량 | X5: Bale | Y5: 중량 | Z5: 합계 | AA5: 배합비 | AB5: 합계 | AC5: 배합비 | AD5: 합계 | AE5: 배합비 | AK5: 0 | AM5: PCMC | AO5: Santafe
B6: LBKP | C6: Guaiba | D6: 247 | G6: =SUM(Z6,AB6,AD6) -> 0 | I6: =H6*D6 -> 0 | K6: =D6*J6 -> 0 | M6: =D6*L6 -> 0 | O6: =D6*N6 -> 0 | Q6: =D6*P6 -> 0 | S6: =D6*R6 -> 0 | U6: =D6*T6 -> 0 | W6: =D6*V6 -> 0 | Y6: =D6*X6 -> 0 | Z6: =SUM(I6,O6,U6) -> 0 | AA6: =IFERROR(Z10/Z16,"") -> 0.90560634 | AB6: =SUM(K6,Q6,W6) -> 0 | AC6: =IFERROR(AB10/AB16,"") | AD6: =SUM(M6,S6,Y6) -> 0 | AE6: =IFERROR(AD10/AD16,"") | AF6: 비데원지 | AM6: Pacifico | AO6: Guaiba
C7: WET(LBKP) | D7: 137 | G7: =SUM(Z7,AB7,AD7) -> 0 | I7: =H7*D7 -> 0 | K7: =D7*J7 -> 0 | M7: =D7*L7 -> 0 | O7: =D7*N7 -> 0 | Q7: =D7*P7 -> 0 | S7: =D7*R7 -> 0 | U7: =D7*T7 -> 0 | W7: =D7*V7 -> 0 | Y7: =D7*X7 -> 0 | Z7: =SUM(I7,O7,U7) -> 0 | AB7: =SUM(K7,Q7,W7) -> 0 | AD7: =SUM(M7,S7,Y7) -> 0 | AF7: 미용티슈 | AM7: Ilimsk | AO7: WET(LBKP)
C8: Acacia | D8: 250 | G8: =SUM(Z8,AB8,AD8) -> 43000 | H8: 66 | I8: =H8*D8 -> 16500 | K8: =D8*J8 -> 0 | M8: =D8*L8 -> 0 | N8: 50 | O8: =D8*N8 -> 12500 | Q8: =D8*P8 -> 0 | S8: =D8*R8 -> 0 | T8: 56 | U8: =D8*T8 -> 14000 | W8: =D8*V8 -> 0 | Y8: =D8*X8 -> 0 | Z8: =SUM(I8,O8,U8) -> 43000 | AB8: =SUM(K8,Q8,W8) -> 0 | AD8: =SUM(M8,S8,Y8) -> 0 | AF8: 3R | AM8: 크라프튼 | AO8: 0
C9: 수자노 | D9: 249 | G9: =SUM(Z9,AB9,AD9) -> 0 | I9: =H9*D9 -> 0 | K9: =D9*J9 -> 0 | M9: =D9*L9 -> 0 | O9: =D9*N9 -> 0 | Q9: =D9*P9 -> 0 | S9: =D9*R9 -> 0 | U9: =D9*T9 -> 0 | W9: =D9*V9 -> 0 | Y9: =D9*X9 -> 0 | Z9: =SUM(I9,O9,U9) -> 0 | AB9: =SUM(K9,Q9,W9) -> 0 | AD9: =SUM(M9,S9,Y9) -> 0 | AM9: 비랄 | AO9: 0
C10: 소계 | E10: =SUM(E6:E9) -> 0 | F10: =SUM(F6:F9) -> 0 | G10: =SUM(G6:G9) -> 43000 | I10: =SUM(I6:I9) -> 16500 | K10: =SUM(K6:K9) -> 0 | M10: =SUM(M6:M9) -> 0 | O10: =SUM(O6:O9) -> 12500 | Q10: =SUM(Q6:Q9) -> 0 | S10: =SUM(S6:S9) -> 0 | U10: =SUM(U6:U9) -> 14000 | W10: =SUM(W6:W9) -> 0 | Y10: =SUM(Y6:Y9) -> 0 | Z10: =SUM(Z6:Z9) -> 43000 | AB10: =SUM(AB6:AB9) -> 0 | AD10: =SUM(AD6:AD9) -> 0 | AM10: Arauco | AO10: 0
B11: NBKP | C11: 피스리버 | G11: =SUM(Z11,AB11,AD11) -> 0 | I11: =H11*D11 -> 0 | K11: =D11*J11 -> 0 | M11: =D11*L11 -> 0 | O11: =D11*N11 -> 0 | Q11: =D11*P11 -> 0 | S11: =D11*R11 -> 0 | U11: =D11*T11 -> 0 | W11: =D11*V11 -> 0 | Y11: =D11*X11 -> 0 | Z11: =SUM(I11,O11,U11) -> 0 | AA11: =IFERROR(1-AA6,"") -> 0.094393665 | AB11: =SUM(K11,Q11,W11) -> 0 | AC11: =IFERROR(1-AC6,"") | AD11: =SUM(M11,S11,Y11) -> 0 | AE11: =IFERROR(1-AE6,"") | AM11: 하우사운드
C12: Ilimsk | G12: =SUM(Z12,AB12,AD12) -> 0 | I12: =H12*D12 -> 0 | K12: =D12*J12 -> 0 | M12: =D12*L12 -> 0 | O12: =D12*N12 -> 0 | Q12: =D12*P12 -> 0 | S12: =D12*R12 -> 0 | U12: =D12*T12 -> 0 | W12: =D12*V12 -> 0 | Y12: =D12*X12 -> 0 | Z12: =SUM(I12,O12,U12) -> 0 | AB12: =SUM(K12,Q12,W12) -> 0 | AD12: =SUM(M12,S12,Y12) -> 0 | AM12: 일림
C13: 멧자 | D13: 249 | G13: =SUM(Z13,AB13,AD13) -> 4482 | H13: 7 | I13: =H13*D13 -> 1743 | K13: =D13*J13 -> 0 | M13: =D13*L13 -> 0 | N13: 5 | O13: =D13*N13 -> 1245 | Q13: =D13*P13 -> 0 | S13: =D13*R13 -> 0 | T13: 6 | U13: =D13*T13 -> 1494 | W13: =D13*V13 -> 0 | Y13: =D13*X13 -> 0 | Z13: =SUM(I13,O13,U13) -> 4482 | AB13: =SUM(K13,Q13,W13) -> 0 | AD13: =SUM(M13,S13,Y13) -> 0 | AM13: 피스리버
C14: WET PULP | D14: 150 | G14: =SUM(Z14,AB14,AD14) -> 0 | I14: =H14*D14 -> 0 | K14: =D14*J14 -> 0 | M14: =D14*L14 -> 0 | O14: =D14*N14 -> 0 | Q14: =D14*P14 -> 0 | S14: =D14*R14 -> 0 | U14: =D14*T14 -> 0 | W14: =D14*V14 -> 0 | Y14: =D14*X14 -> 0 | Z14: =SUM(I14,O14,U14) -> 0 | AB14: =SUM(K14,Q14,W14) -> 0 | AD14: =SUM(M14,S14,Y14) -> 0
C15: 소계 | E15: =SUM(E11:E14) -> 0 | F15: =SUM(F11:F14) -> 0 | G15: =SUM(G11:G14) -> 4482 | I15: =SUM(I11:I14) -> 1743 | K15: =SUM(K11:K14) -> 0 | M15: =SUM(M11:M14) -> 0 | O15: =SUM(O11:O14) -> 1245 | Q15: =SUM(Q11:Q14) -> 0 | S15: =SUM(S11:S14) -> 0 | U15: =SUM(U11:U14) -> 1494 | W15: =SUM(W11:W14) -> 0 | Y15: =SUM(Y11:Y14) -> 0 | Z15: =SUM(Z11:Z14) -> 4482 | AB15: =SUM(AB11:AB14) -> 0 | AD15: =SUM(AD11:AD14) -> 0
B16: 펄프 합계 | E16: =SUM(E15,E10) -> 0 | F16: =SUM(F15,F10) -> 0 | G16: =SUM(G10,G15) -> 47482 | H16: =SUM(H15,H10) -> 0 | I16: =SUM(I15,I10) -> 18243 | J16: =SUM(J15,J10) -> 0 | K16: =SUM(K15,K10) -> 0 | L16: =SUM(L15,L10) -> 0 | M16: =SUM(M15,M10) -> 0 | N16: =SUM(N15,N10) -> 0 | O16: =SUM(O15,O10) -> 13745 | ... Z16: =SUM(Z15,Z10) -> 47482 | AB16: =SUM(AB15,AB10) -> 0 | AD16: =SUM(AD15,AD10) -> 0
B27: 2. 원료 관리 현황
B28: 구분 | D28: 펄프 종류 | G28: N-PULP(Soft Wood) | Q28: L-PULP(Hard Wood) | AA28: 비고
D29: 브랜드 명 | G29: 피스리버 | I29: 멧자 | M29: 일림 | O29: WET PULP | S29: Guaiba | U29: 수자노 | W29: WET(LBKP) | Y29: 아카시아APP
D30: 전일 이월량 | G30: ='19'!G42:H42 -> 0 | I30: ='19'!I42:J42 -> 7 | K30: ='19'!K42:L42 -> 0 | M30: ='19'!M42:N42 -> 0 | O30: ='19'!O42:P42 -> 0 | Q30: ='19'!Q42:R42 -> 0 | S30: ='19'!S42:T42 -> 0 | U30: ='19'!U42:V42 -> 0 | W30: ='19'!W42:X42 -> 0 | Y30: ='19'!Y42:Z42 -> 138
B31: 오전 | D31: 입고량 | I31: 16 | Y31: 160
D32: 사용량 | I32: 7 | Y32: 66
D33: 재고량
B34: 오후 | D34: 입고량
D35: 사용량 | I35: 5 | Y35: 50
D36: 재고량
B37: 야간 | D37: 입고량
D38: 사용량 | I38: 6 | Y38: 56
D39: 재고량
B40: 펄프 합계 | D40: 총 사용량 | G40: =SUM(G32,G35,G38) -> 0 | I40: =SUM(I32,I35,I38) -> 18 | K40: =SUM(K32,K35,K38) -> 0 | M40: =SUM(M32,M35,M38) -> 0 | O40: =SUM(O32,O35,O38) -> 0 | Q40: =SUM(Q32,Q35,Q38) -> 0 | S40: =SUM(S32,S35,S38) -> 0 | U40: =SUM(U32,U35,U38) -> 0 | W40: =SUM(W32,W35,W38) -> 0 | Y40: =SUM(Y32,Y35,Y38) -> 172
D41: 총 거래 수량 | G41: =SUM(G30,G31,G34,G37) -> 0 | I41: =SUM(I30,I31,I34,I37) -> 23 | K41: =SUM(K30,K31,K34,K37) -> 0 | M41: =SUM(M30,M31,M34,M37) -> 0 | O41: =SUM(O30,O31,O34,O37) -> 0 | Q41: =SUM(Q30,Q31,Q34,Q37) -> 0 | S41: =SUM(S30,S31,S34,S37) -> 0 | U41: =SUM(U30,U31,U34,U37) -> 0 | W41: =SUM(W30,W31,W34,W37) -> 0 | Y41: =SUM(Y30,Y31,Y34,Y37) -> 298
D42: 재고량 | G42: =G41-G40 -> 0 | I42: =I41-I40 -> 5 | K42: =K41-K40 -> 0 | M42: =M41-M40 -> 0 | O42: =O41-O40 -> 0 | Q42: =Q41-Q40 -> 0 | S42: =S41-S40 -> 0 | U42: =U41-U40 -> 0 | W42: =W41-W40 -> 0 | Y42: =Y41-Y40 -> 126

Sheet 21
B1: ◈ 원질4호기 원료처리 작업 일지 | AM1: NBKP | AO1: LBKP
B2: 1. 원료 처리 현황 | Z2: 2026 년 01 월 21 일 | AK2: 데코 | AM2: 브라츠크 | AO2: Acacia
B3: 구분 | D3: 기준 중량 (kg) | E3: 전일 재공량 | F3: 금일 재공량 | G3: 일 원료 처리량 | H3: 오전( 반) | N3: 오후( 반) | T3: 야간( 반) | Z3: 합계 | AK3: K/T | AM3: WET PULP | AO3: 수자노
H4: 데코 | N4: 데코 | T4: 데코 | Z4: 데코 | AK4: 0 | AM4: 멧자 | AO4: 아카시아APP
H5: Bale | I5: 중량 | J5: Bale | K5: 중량 | L5: Bale | M5: 중량 | N5: Bale | O5: 중량 | P5: Bale | Q5: 중량 | R5: Bale | S5: 중량 | T5: Bale | U5: 중량 | V5: Bale | W5: 중량 | X5: Bale | Y5: 중량 | Z5: 합계 | AA5: 배합비 | AB5: 합계 | AC5: 배합비 | AD5: 합계 | AE5: 배합비 | AK5: 0 | AM5: PCMC | AO5: Santafe
B6: LBKP | C6: Guaiba | D6: 247 | G6: =SUM(Z6,AB6,AD6) -> 0 | I6: =H6*D6 -> 0 | K6: =D6*J6 -> 0 | M6: =D6*L6 -> 0 | O6: =D6*N6 -> 0 | Q6: =D6*P6 -> 0 | S6: =D6*R6 -> 0 | U6: =D6*T6 -> 0 | W6: =D6*V6 -> 0 | Y6: =D6*X6 -> 0 | Z6: =SUM(I6,O6,U6) -> 0 | AA6: =IFERROR(Z10/Z16,"") -> 0.88928413 | AB6: =SUM(K6,Q6,W6) -> 0 | AC6: =IFERROR(AB10/AB16,"") | AD6: =SUM(M6,S6,Y6) -> 0 | AE6: =IFERROR(AD10/AD16,"") | AF6: 비데원지 | AM6: Pacifico | AO6: Guaiba
C7: WET(LBKP) | D7: 137 | G7: =SUM(Z7,AB7,AD7) -> 0 | I7: =H7*D7 -> 0 | K7: =D7*J7 -> 0 | M7: =D7*L7 -> 0 | O7: =D7*N7 -> 0 | Q7: =D7*P7 -> 0 | S7: =D7*R7 -> 0 | U7: =D7*T7 -> 0 | W7: =D7*V7 -> 0 | Y7: =D7*X7 -> 0 | Z7: =SUM(I7,O7,U7) -> 0 | AB7: =SUM(K7,Q7,W7) -> 0 | AD7: =SUM(M7,S7,Y7) -> 0 | AF7: 미용티슈 | AM7: Ilimsk | AO7: WET(LBKP)
C8: Acacia | D8: 250 | G8: =SUM(Z8,AB8,AD8) -> 42000 | H8: 48 | I8: =H8*D8 -> 12000 | K8: =D8*J8 -> 0 | M8: =D8*L8 -> 0 | N8: 48 | O8: =D8*N8 -> 12000 | Q8: =D8*P8 -> 0 | S8: =D8*R8 -> 0 | T8: 72 | U8: =D8*T8 -> 18000 | W8: =D8*V8 -> 0 | Y8: =D8*X8 -> 0 | Z8: =SUM(I8,O8,U8) -> 42000 | AB8: =SUM(K8,Q8,W8) -> 0 | AD8: =SUM(M8,S8,Y8) -> 0 | AF8: 3R | AM8: 크라프튼 | AO8: 0
C9: 수자노 | D9: 249 | G9: =SUM(Z9,AB9,AD9) -> 0 | I9: =H9*D9 -> 0 | K9: =D9*J9 -> 0 | M9: =D9*L9 -> 0 | O9: =D9*N9 -> 0 | Q9: =D9*P9 -> 0 | S9: =D9*R9 -> 0 | U9: =D9*T9 -> 0 | W9: =D9*V9 -> 0 | Y9: =D9*X9 -> 0 | Z9: =SUM(I9,O9,U9) -> 0 | AB9: =SUM(K9,Q9,W9) -> 0 | AD9: =SUM(M9,S9,Y9) -> 0 | AM9: 비랄 | AO9: 0
C10: 소계 | E10: =SUM(E6:E9) -> 0 | F10: =SUM(F6:F9) -> 0 | G10: =SUM(G6:G9) -> 42000 | I10: =SUM(I6:I9) -> 12000 | K10: =SUM(K6:K9) -> 0 | M10: =SUM(M6:M9) -> 0 | O10: =SUM(O6:O9) -> 12000 | Q10: =SUM(Q6:Q9) -> 0 | S10: =SUM(S6:S9) -> 0 | U10: =SUM(U6:U9) -> 18000 | W10: =SUM(W6:W9) -> 0 | Y10: =SUM(Y6:Y9) -> 0 | Z10: =SUM(Z6:Z9) -> 42000 | AB10: =SUM(AB6:AB9) -> 0 | AD10: =SUM(AD6:AD9) -> 0 | AM10: Arauco | AO10: 0
B11: NBKP | C11: 피스리버 | G11: =SUM(Z11,AB11,AD11) -> 0 | I11: =H11*D11 -> 0 | K11: =D11*J11 -> 0 | M11: =D11*L11 -> 0 | O11: =D11*N11 -> 0 | Q11: =D11*P11 -> 0 | S11: =D11*R11 -> 0 | U11: =D11*T11 -> 0 | W11: =D11*V11 -> 0 | Y11: =D11*X11 -> 0 | Z11: =SUM(I11,O11,U11) -> 0 | AA11: =IFERROR(1-AA6,"") -> 0.11071587 | AB11: =SUM(K11,Q11,W11) -> 0 | AC11: =IFERROR(1-AC6,"") | AD11: =SUM(M11,S11,Y11) -> 0 | AE11: =IFERROR(1-AE6,"") | AM11: 하우사운드
C12: Ilimsk | G12: =SUM(Z12,AB12,AD12) -> 0 | I12: =H12*D12 -> 0 | K12: =D12*J12 -> 0 | M12: =D12*L12 -> 0 | O12: =D12*N12 -> 0 | Q12: =D12*P12 -> 0 | S12: =D12*R12 -> 0 | U12: =D12*T12 -> 0 | W12: =D12*V12 -> 0 | Y12: =D12*X12 -> 0 | Z12: =SUM(I12,O12,U12) -> 0 | AB12: =SUM(K12,Q12,W12) -> 0 | AD12: =SUM(M12,S12,Y12) -> 0 | AM12: 일림
C13: 멧자 | D13: 249 | G13: =SUM(Z13,AB13,AD13) -> 5229 | H13: 6 | I13: =H13*D13 -> 1494 | K13: =D13*J13 -> 0 | M13: =D13*L13 -> 0 | N13: 6 | O13: =D13*N13 -> 1494 | Q13: =D13*P13 -> 0 | S13: =D13*R13 -> 0 | T13: 9 | U13: =D13*T13 -> 2241 | W13: =D13*V13 -> 0 | Y13: =D13*X13 -> 0 | Z13: =SUM(I13,O13,U13) -> 5229 | AB13: =SUM(K13,Q13,W13) -> 0 | AD13: =SUM(M13,S13,Y13) -> 0 | AM13: 피스리버
C14: WET PULP | D14: 150 | G14: =SUM(Z14,AB14,AD14) -> 0 | I14: =H14*D14 -> 0 | K14: =D14*J14 -> 0 | M14: =D14*L14 -> 0 | O14: =D14*N14 -> 0 | Q14: =D14*P14 -> 0 | S14: =D14*R14 -> 0 | U14: =D14*T14 -> 0 | W14: =D14*V14 -> 0 | Y14: =D14*X14 -> 0 | Z14: =SUM(I14,O14,U14) -> 0 | AB14: =SUM(K14,Q14,W14) -> 0 | AD14: =SUM(M14,S14,Y14) -> 0
C15: 소계 | E15: =SUM(E11:E14) -> 0 | F15: =SUM(F11:F14) -> 0 | G15: =SUM(G11:G14) -> 5229 | I15: =SUM(I11:I14) -> 1494 | K15: =SUM(K11:K14) -> 0 | M15: =SUM(M11:M14) -> 0 | O15: =SUM(O11:O14) -> 1494 | Q15: =SUM(Q11:Q14) -> 0 | S15: =SUM(S11:S14) -> 0 | U15: =SUM(U11:U14) -> 2241 | W15: =SUM(W11:W14) -> 0 | Y15: =SUM(Y11:Y14) -> 0 | Z15: =SUM(Z11:Z14) -> 5229 | AB15: =SUM(AB11:AB14) -> 0 | AD15: =SUM(AD11:AD14) -> 0
B16: 펄프 합계 | E16: =SUM(E15,E10) -> 0 | F16: =SUM(F15,F10) -> 0 | G16: =SUM(G10,G15) -> 47229 | H16: =SUM(H15,H10) -> 0 | I16: =SUM(I15,I10) -> 13494 | J16: =SUM(J15,J10) -> 0 | K16: =SUM(K15,K10) -> 0 | L16: =SUM(L15,L10) -> 0 | M16: =SUM(M15,M10) -> 0 | N16: =SUM(N15,N10) -> 0 | O16: =SUM(O15,O10) -> 13494 | ... Z16: =SUM(Z15,Z10) -> 47229 | AB16: =SUM(AB15,AB10) -> 0 | AD16: =SUM(AD15,AD10) -> 0
B27: 2. 원료 관리 현황
B28: 구분 | D28: 펄프 종류 | G28: N-PULP(Soft Wood) | Q28: L-PULP(Hard Wood) | AA28: 비고
D29: 브랜드 명 | G29: 피스리버 | I29: 멧자 | M29: 일림 | O29: WET PULP | S29: Guaiba | U29: 수자노 | W29: WET(LBKP) | Y29: 아카시아APP
D30: 전일 이월량 | G30: ='20'!G42:H42 -> 0 | I30: ='20'!I42:J42 -> 5 | K30: ='20'!K42:L42 -> 0 | M30: ='20'!M42:N42 -> 0 | O30: ='20'!O42:P42 -> 0 | Q30: ='20'!Q42:R42 -> 0 | S30: ='20'!S42:T42 -> 0 | U30: ='20'!U42:V42 -> 0 | W30: ='20'!W42:X42 -> 0 | Y30: ='20'!Y42:Z42 -> 126
B31: 오전 | D31: 입고량 | I31: 24 | Y31: 112
D32: 사용량 | I32: 6 | Y32: 48
D33: 재고량
B34: 오후 | D34: 입고량
D35: 사용량 | I35: 6 | Y35: 48
D36: 재고량
B37: 야간 | D37: 입고량
D38: 사용량 | I38: 9 | Y38: 72
D39: 재고량
B40: 펄프 합계 | D40: 총 사용량 | G40: =SUM(G32,G35,G38) -> 0 | I40: =SUM(I32,I35,I38) -> 21 | K40: =SUM(K32,K35,K38) -> 0 | M40: =SUM(M32,M35,M38) -> 0 | O40: =SUM(O32,O35,O38) -> 0 | Q40: =SUM(Q32,Q35,Q38) -> 0 | S40: =SUM(S32,S35,S38) -> 0 | U40: =SUM(U32,U35,U38) -> 0 | W40: =SUM(W32,W35,W38) -> 0 | Y40: =SUM(Y32,Y35,Y38) -> 168
D41: 총 거래 수량 | G41: =SUM(G30,G31,G34,G37) -> 0 | I41: =SUM(I30,I31,I34,I37) -> 29 | K41: =SUM(K30,K31,K34,K37) -> 0 | M41: =SUM(M30,M31,M34,M37) -> 0 | O41: =SUM(O30,O31,O34,O37) -> 0 | Q41: =SUM(Q30,Q31,Q34,Q37) -> 0 | S41: =SUM(S30,S31,S34,S37) -> 0 | U41: =SUM(U30,U31,U34,U37) -> 0 | W41: =SUM(W30,W31,W34,W37) -> 0 | Y41: =SUM(Y30,Y31,Y34,Y37) -> 238
D42: 재고량 | G42: =G41-G40 -> 0 | I42: =I41-I40 -> 8 | K42: =K41-K40 -> 0 | M42: =M41-M40 -> 0 | O42: =O41-O40 -> 0 | Q42: =Q41-Q40 -> 0 | S42: =S41-S40 -> 0 | U42: =U41-U40 -> 0 | W42: =W41-W40 -> 0 | Y42: =Y41-Y40 -> 70

Sheet 22
B1: ◈ 원질4호기 원료처리 작업 일지 | AM1: NBKP | AO1: LBKP
B2: 1. 원료 처리 현황 | Z2: 2026 년 01 월 22 일 | AK2: 데코 | AM2: 브라츠크 | AO2: Acacia
B3: 구분 | D3: 기준 중량 (kg) | E3: 전일 재공량 | F3: 금일 재공량 | G3: 일 원료 처리량 | H3: 오전( 반) | N3: 오후( 반) | T3: 야간( 반) | Z3: 합계 | AK3: K/T | AM3: WET PULP | AO3: 수자노
H4: 데코 | N4: 데코 | T4: 데코 | Z4: 데코 | AK4: 0 | AM4: 멧자 | AO4: 아카시아APP
H5: Bale | I5: 중량 | J5: Bale | K5: 중량 | L5: Bale | M5: 중량 | N5: Bale | O5: 중량 | P5: Bale | Q5: 중량 | R5: Bale | S5: 중량 | T5: Bale | U5: 중량 | V5: Bale | W5: 중량 | X5: Bale | Y5: 중량 | Z5: 합계 | AA5: 배합비 | AB5: 합계 | AC5: 배합비 | AD5: 합계 | AE5: 배합비 | AK5: 0 | AM5: PCMC | AO5: Santafe
B6: LBKP | C6: Guaiba | D6: 247 | G6: =SUM(Z6,AB6,AD6) -> 0 | I6: =H6*D6 -> 0 | K6: =D6*J6 -> 0 | M6: =D6*L6 -> 0 | O6: =D6*N6 -> 0 | Q6: =D6*P6 -> 0 | S6: =D6*R6 -> 0 | U6: =D6*T6 -> 0 | W6: =D6*V6 -> 0 | Y6: =D6*X6 -> 0 | Z6: =SUM(I6,O6,U6) -> 0 | AA6: =IFERROR(Z10/Z16,"") -> 0.89109993 | AB6: =SUM(K6,Q6,W6) -> 0 | AC6: =IFERROR(AB10/AB16,"") | AD6: =SUM(M6,S6,Y6) -> 0 | AE6: =IFERROR(AD10/AD16,"") | AF6: 비데원지 | AM6: Pacifico | AO6: Guaiba
C7: WET(LBKP) | D7: 137 | G7: =SUM(Z7,AB7,AD7) -> 0 | I7: =H7*D7 -> 0 | K7: =D7*J7 -> 0 | M7: =D7*L7 -> 0 | O7: =D7*N7 -> 0 | Q7: =D7*P7 -> 0 | S7: =D7*R7 -> 0 | U7: =D7*T7 -> 0 | W7: =D7*V7 -> 0 | Y7: =D7*X7 -> 0 | Z7: =SUM(I7,O7,U7) -> 0 | AB7: =SUM(K7,Q7,W7) -> 0 | AD7: =SUM(M7,S7,Y7) -> 0 | AF7: 미용티슈 | AM7: Ilimsk | AO7: WET(LBKP)
C8: Acacia | D8: 250 | G8: =SUM(Z8,AB8,AD8) -> 40750 | H8: 40 | I8: =H8*D8 -> 10000 | K8: =D8*J8 -> 0 | M8: =D8*L8 -> 0 | N8: 56 | O8: =D8*N8 -> 14000 | Q8: =D8*P8 -> 0 | S8: =D8*R8 -> 0 | T8: 67 | U8: =D8*T8 -> 16750 | W8: =D8*V8 -> 0 | Y8: =D8*X8 -> 0 | Z8: =SUM(I8,O8,U8) -> 40750 | AB8: =SUM(K8,Q8,W8) -> 0 | AD8: =SUM(M8,S8,Y8) -> 0 | AF8: 3R | AM8: 크라프튼 | AO8: 0
C9: 수자노 | D9: 249 | G9: =SUM(Z9,AB9,AD9) -> 0 | I9: =H9*D9 -> 0 | K9: =D9*J9 -> 0 | M9: =D9*L9 -> 0 | O9: =D9*N9 -> 0 | Q9: =D9*P9 -> 0 | S9: =D9*R9 -> 0 | U9: =D9*T9 -> 0 | W9: =D9*V9 -> 0 | Y9: =D9*X9 -> 0 | Z9: =SUM(I9,O9,U9) -> 0 | AB9: =SUM(K9,Q9,W9) -> 0 | AD9: =SUM(M9,S9,Y9) -> 0 | AM9: 비랄 | AO9: 0
C10: 소계 | E10: =SUM(E6:E9) -> 0 | F10: =SUM(F6:F9) -> 0 | G10: =SUM(G6:G9) -> 40750 | I10: =SUM(I6:I9) -> 10000 | K10: =SUM(K6:K9) -> 0 | M10: =SUM(M6:M9) -> 0 | O10: =SUM(O6:O9) -> 14000 | Q10: =SUM(Q6:Q9) -> 0 | S10: =SUM(S6:S9) -> 0 | U10: =SUM(U6:U9) -> 16750 | W10: =SUM(W6:W9) -> 0 | Y10: =SUM(Y6:Y9) -> 0 | Z10: =SUM(Z6:Z9) -> 40750 | AB10: =SUM(AB6:AB9) -> 0 | AD10: =SUM(AD6:AD9) -> 0 | AM10: Arauco | AO10: 0
B11: NBKP | C11: 피스리버 | G11: =SUM(Z11,AB11,AD11) -> 0 | I11: =H11*D11 -> 0 | K11: =D11*J11 -> 0 | M11: =D11*L11 -> 0 | O11: =D11*N11 -> 0 | Q11: =D11*P11 -> 0 | S11: =D11*R11 -> 0 | U11: =D11*T11 -> 0 | W11: =D11*V11 -> 0 | Y11: =D11*X11 -> 0 | Z11: =SUM(I11,O11,U11) -> 0 | AA11: =IFERROR(1-AA6,"") -> 0.10890007 | AB11: =SUM(K11,Q11,W11) -> 0 | AC11: =IFERROR(1-AC6,"") | AD11: =SUM(M11,S11,Y11) -> 0 | AE11: =IFERROR(1-AE6,"") | AM11: 하우사운드
C12: Ilimsk | G12: =SUM(Z12,AB12,AD12) -> 0 | I12: =H12*D12 -> 0 | K12: =D12*J12 -> 0 | M12: =D12*L12 -> 0 | O12: =D12*N12 -> 0 | Q12: =D12*P12 -> 0 | S12: =D12*R12 -> 0 | U12: =D12*T12 -> 0 | W12: =D12*V12 -> 0 | Y12: =D12*X12 -> 0 | Z12: =SUM(I12,O12,U12) -> 0 | AB12: =SUM(K12,Q12,W12) -> 0 | AD12: =SUM(M12,S12,Y12) -> 0 | AM12: 일림
C13: 멧자 | D13: 249 | G13: =SUM(Z13,AB13,AD13) -> 4980 | H13: 5 | I13: =H13*D13 -> 1245 | K13: =D13*J13 -> 0 | M13: =D13*L13 -> 0 | N13: 7 | O13: =D13*N13 -> 1743 | Q13: =D13*P13 -> 0 | S13: =D13*R13 -> 0 | T13: 8 | U13: =D13*T13 -> 1992 | W13: =D13*V13 -> 0 | Y13: =D13*X13 -> 0 | Z13: =SUM(I13,O13,U13) -> 4980 | AB13: =SUM(K13,Q13,W13) -> 0 | AD13: =SUM(M13,S13,Y13) -> 0 | AM13: 피스리버
C14: WET PULP | D14: 150 | G14: =SUM(Z14,AB14,AD14) -> 0 | I14: =H14*D14 -> 0 | K14: =D14*J14 -> 0 | M14: =D14*L14 -> 0 | O14: =D14*N14 -> 0 | Q14: =D14*P14 -> 0 | S14: =D14*R14 -> 0 | U14: =D14*T14 -> 0 | W14: =D14*V14 -> 0 | Y14: =D14*X14 -> 0 | Z14: =SUM(I14,O14,U14) -> 0 | AB14: =SUM(K14,Q14,W14) -> 0 | AD14: =SUM(M14,S14,Y14) -> 0
C15: 소계 | E15: =SUM(E11:E14) -> 0 | F15: =SUM(F11:F14) -> 0 | G15: =SUM(G11:G14) -> 4980 | I15: =SUM(I11:I14) -> 1245 | K15: =SUM(K11:K14) -> 0 | M15: =SUM(M11:M14) -> 0 | O15: =SUM(O11:O14) -> 1743 | Q15: =SUM(Q11:Q14) -> 0 | S15: =SUM(S11:S14) -> 0 | U15: =SUM(U11:U14) -> 1992 | W15: =SUM(W11:W14) -> 0 | Y15: =SUM(Y11:Y14) -> 0 | Z15: =SUM(Z11:Z14) -> 4980 | AB15: =SUM(AB11:AB14) -> 0 | AD15: =SUM(AD11:AD14) -> 0
B16: 펄프 합계 | E16: =SUM(E15,E10) -> 0 | F16: =SUM(F15,F10) -> 0 | G16: =SUM(G10,G15) -> 45730 | H16: =SUM(H15,H10) -> 0 | I16: =SUM(I15,I10) -> 11245 | J16: =SUM(J15,J10) -> 0 | K16: =SUM(K15,K10) -> 0 | L16: =SUM(L15,L10) -> 0 | M16: =SUM(M15,M10) -> 0 | N16: =SUM(N15,N10) -> 0 | O16: =SUM(O15,O10) -> 15743 | ... Z16: =SUM(Z15,Z10) -> 45730 | AB16: =SUM(AB15,AB10) -> 0 | AD16: =SUM(AD15,AD10) -> 0
B27: 2. 원료 관리 현황
B28: 구분 | D28: 펄프 종류 | G28: N-PULP(Soft Wood) | Q28: L-PULP(Hard Wood) | AA28: 비고
D29: 브랜드 명 | G29: 피스리버 | I29: 멧자 | M29: 일림 | O29: WET PULP | S29: Guaiba | U29: 수자노 | W29: WET(LBKP) | Y29: 아카시아APP
D30: 전일 이월량 | G30: ='21'!G42:H42 -> 0 | I30: ='21'!I42:J42 -> 8 | K30: ='21'!K42:L42 -> 0 | M30: ='21'!M42:N42 -> 0 | O30: ='21'!O42:P42 -> 0 | Q30: ='21'!Q42:R42 -> 0 | S30: ='21'!S42:T42 -> 0 | U30: ='21'!U42:V42 -> 0 | W30: ='21'!W42:X42 -> 0 | Y30: ='21'!Y42:Z42 -> 70
B31: 오전 | D31: 입고량 | I31: 16 | Y31: 184
D32: 사용량 | I32: 5 | Y32: 40
D33: 재고량
B34: 오후 | D34: 입고량
D35: 사용량 | I35: 7 | Y35: 56
D36: 재고량
B37: 야간 | D37: 입고량
D38: 사용량 | I38: 8 | Y38: 67
D39: 재고량
B40: 펄프 합계 | D40: 총 사용량 | G40: =SUM(G32,G35,G38) -> 0 | I40: =SUM(I32,I35,I38) -> 20 | K40: =SUM(K32,K35,K38) -> 0 | M40: =SUM(M32,M35,M38) -> 0 | O40: =SUM(O32,O35,O38) -> 0 | Q40: =SUM(Q32,Q35,Q38) -> 0 | S40: =SUM(S32,S35,S38) -> 0 | U40: =SUM(U32,U35,U38) -> 0 | W40: =SUM(W32,W35,W38) -> 0 | Y40: =SUM(Y32,Y35,Y38) -> 163
D41: 총 거래 수량 | G41: =SUM(G30,G31,G34,G37) -> 0 | I41: =SUM(I30,I31,I34,I37) -> 24 | K41: =SUM(K30,K31,K34,K37) -> 0 | M41: =SUM(M30,M31,M34,M37) -> 0 | O41: =SUM(O30,O31,O34,O37) -> 0 | Q41: =SUM(Q30,Q31,Q34,Q37) -> 0 | S41: =SUM(S30,S31,S34,S37) -> 0 | U41: =SUM(U30,U31,U34,U37) -> 0 | W41: =SUM(W30,W31,W34,W37) -> 0 | Y41: =SUM(Y30,Y31,Y34,Y37) -> 254
D42: 재고량 | G42: =G41-G40 -> 0 | I42: =I41-I40 -> 4 | K42: =K41-K40 -> 0 | M42: =M41-M40 -> 0 | O42: =O41-O40 -> 0 | Q42: =Q41-Q40 -> 0 | S42: =S41-S40 -> 0 | U42: =U41-U40 -> 0 | W42: =W41-W40 -> 0 | Y42: =Y41-Y40 -> 91

Sheet 23
B1: ◈ 원질4호기 원료처리 작업 일지 | AM1: NBKP | AO1: LBKP
B2: 1. 원료 처리 현황 | Z2: 2026 년 01 월 23 일 | AK2: 데코 | AM2: 브라츠크 | AO2: Acacia
B3: 구분 | D3: 기준 중량 (kg) | E3: 전일 재공량 | F3: 금일 재공량 | G3: 일 원료 처리량 | H3: 오전( 반) | N3: 오후( 반) | T3: 야간( 반) | Z3: 합계 | AK3: K/T | AM3: WET PULP | AO3: 수자노
H4: 데코 | N4: 데코 | T4: 데코 | Z4: 데코 | AK4: 0 | AM4: 멧자 | AO4: 아카시아APP
H5: Bale | I5: 중량 | J5: Bale | K5: 중량 | L5: Bale | M5: 중량 | N5: Bale | O5: 중량 | P5: Bale | Q5: 중량 | R5: Bale | S5: 중량 | T5: Bale | U5: 중량 | V5: Bale | W5: 중량 | X5: Bale | Y5: 중량 | Z5: 합계 | AA5: 배합비 | AB5: 합계 | AC5: 배합비 | AD5: 합계 | AE5: 배합비 | AK5: 0 | AM5: PCMC | AO5: Santafe
B6: LBKP | C6: Guaiba | D6: 247 | G6: =SUM(Z6,AB6,AD6) -> 0 | I6: =H6*D6 -> 0 | K6: =D6*J6 -> 0 | M6: =D6*L6 -> 0 | O6: =D6*N6 -> 0 | Q6: =D6*P6 -> 0 | S6: =D6*R6 -> 0 | U6: =D6*T6 -> 0 | W6: =D6*V6 -> 0 | Y6: =D6*X6 -> 0 | Z6: =SUM(I6,O6,U6) -> 0 | AA6: =IFERROR(Z10/Z16,"") -> 0.90036014 | AB6: =SUM(K6,Q6,W6) -> 0 | AC6: =IFERROR(AB10/AB16,"") | AD6: =SUM(M6,S6,Y6) -> 0 | AE6: =IFERROR(AD10/AD16,"") | AF6: 비데원지 | AM6: Pacifico | AO6: Guaiba
C7: WET(LBKP) | D7: 137 | G7: =SUM(Z7,AB7,AD7) -> 0 | I7: =H7*D7 -> 0 | K7: =D7*J7 -> 0 | M7: =D7*L7 -> 0 | O7: =D7*N7 -> 0 | Q7: =D7*P7 -> 0 | S7: =D7*R7 -> 0 | U7: =D7*T7 -> 0 | W7: =D7*V7 -> 0 | Y7: =D7*X7 -> 0 | Z7: =SUM(I7,O7,U7) -> 0 | AB7: =SUM(K7,Q7,W7) -> 0 | AD7: =SUM(M7,S7,Y7) -> 0 | AF7: 미용티슈 | AM7: Ilimsk | AO7: WET(LBKP)
C8: Acacia | D8: 250 | G8: =SUM(Z8,AB8,AD8) -> 49500 | H8: 63 | I8: =H8*D8 -> 15750 | K8: =D8*J8 -> 0 | M8: =D8*L8 -> 0 | N8: 63 | O8: =D8*N8 -> 15750 | Q8: =D8*P8 -> 0 | S8: =D8*R8 -> 0 | T8: 72 | U8: =D8*T8 -> 18000 | W8: =D8*V8 -> 0 | Y8: =D8*X8 -> 0 | Z8: =SUM(I8,O8,U8) -> 49500 | AB8: =SUM(K8,Q8,W8) -> 0 | AD8: =SUM(M8,S8,Y8) -> 0 | AF8: 3R | AM8: 크라프튼 | AO8: 0
C9: 수자노 | D9: 249 | G9: =SUM(Z9,AB9,AD9) -> 0 | I9: =H9*D9 -> 0 | K9: =D9*J9 -> 0 | M9: =D9*L9 -> 0 | O9: =D9*N9 -> 0 | Q9: =D9*P9 -> 0 | S9: =D9*R9 -> 0 | U9: =D9*T9 -> 0 | W9: =D9*V9 -> 0 | Y9: =D9*X9 -> 0 | Z9: =SUM(I9,O9,U9) -> 0 | AB9: =SUM(K9,Q9,W9) -> 0 | AD9: =SUM(M9,S9,Y9) -> 0 | AM9: 비랄 | AO9: 0
C10: 소계 | E10: =SUM(E6:E9) -> 0 | F10: =SUM(F6:F9) -> 0 | G10: =SUM(G6:G9) -> 49500 | I10: =SUM(I6:I9) -> 15750 | K10: =SUM(K6:K9) -> 0 | M10: =SUM(M6:M9) -> 0 | O10: =SUM(O6:O9) -> 15750 | Q10: =SUM(Q6:Q9) -> 0 | S10: =SUM(S6:S9) -> 0 | U10: =SUM(U6:U9) -> 18000 | W10: =SUM(W6:W9) -> 0 | Y10: =SUM(Y6:Y9) -> 0 | Z10: =SUM(Z6:Z9) -> 49500 | AB10: =SUM(AB6:AB9) -> 0 | AD10: =SUM(AD6:AD9) -> 0 | AM10: Arauco | AO10: 0
B11: NBKP | C11: 피스리버 | G11: =SUM(Z11,AB11,AD11) -> 0 | I11: =H11*D11 -> 0 | K11: =D11*J11 -> 0 | M11: =D11*L11 -> 0 | O11: =D11*N11 -> 0 | Q11: =D11*P11 -> 0 | S11: =D11*R11 -> 0 | U11: =D11*T11 -> 0 | W11: =D11*V11 -> 0 | Y11: =D11*X11 -> 0 | Z11: =SUM(I11,O11,U11) -> 0 | AA11: =IFERROR(1-AA6,"") -> 0.099639856 | AB11: =SUM(K11,Q11,W11) -> 0 | AC11: =IFERROR(1-AC6,"") | AD11: =SUM(M11,S11,Y11) -> 0 | AE11: =IFERROR(1-AE6,"") | AM11: 하우사운드
C12: Ilimsk | G12: =SUM(Z12,AB12,AD12) -> 0 | I12: =H12*D12 -> 0 | K12: =D12*J12 -> 0 | M12: =D12*L12 -> 0 | O12: =D12*N12 -> 0 | Q12: =D12*P12 -> 0 | S12: =D12*R12 -> 0 | U12: =D12*T12 -> 0 | W12: =D12*V12 -> 0 | Y12: =D12*X12 -> 0 | Z12: =SUM(I12,O12,U12) -> 0 | AB12: =SUM(K12,Q12,W12) -> 0 | AD12: =SUM(M12,S12,Y12) -> 0 | AM12: 일림
C13: 멧자 | D13: 249 | G13: =SUM(Z13,AB13,AD13) -> 5478 | H13: 7 | I13: =H13*D13 -> 1743 | K13: =D13*J13 -> 0 | M13: =D13*L13 -> 0 | N13: 7 | O13: =D13*N13 -> 1743 | Q13: =D13*P13 -> 0 | S13: =D13*R13 -> 0 | T13: 8 | U13: =D13*T13 -> 1992 | W13: =D13*V13 -> 0 | Y13: =D13*X13 -> 0 | Z13: =SUM(I13,O13,U13) -> 5478 | AB13: =SUM(K13,Q13,W13) -> 0 | AD13: =SUM(M13,S13,Y13) -> 0 | AM13: 피스리버
C14: WET PULP | D14: 150 | G14: =SUM(Z14,AB14,AD14) -> 0 | I14: =H14*D14 -> 0 | K14: =D14*J14 -> 0 | M14: =D14*L14 -> 0 | O14: =D14*N14 -> 0 | Q14: =D14*P14 -> 0 | S14: =D14*R14 -> 0 | U14: =D14*T14 -> 0 | W14: =D14*V14 -> 0 | Y14: =D14*X14 -> 0 | Z14: =SUM(I14,O14,U14) -> 0 | AB14: =SUM(K14,Q14,W14) -> 0 | AD14: =SUM(M14,S14,Y14) -> 0
C15: 소계 | E15: =SUM(E11:E14) -> 0 | F15: =SUM(F11:F14) -> 0 | G15: =SUM(G11:G14) -> 5478 | I15: =SUM(I11:I14) -> 1743 | K15: =SUM(K11:K14) -> 0 | M15: =SUM(M11:M14) -> 0 | O15: =SUM(O11:O14) -> 1743 | Q15: =SUM(Q11:Q14) -> 0 | S15: =SUM(S11:S14) -> 0 | U15: =SUM(U11:U14) -> 1992 | W15: =SUM(W11:W14) -> 0 | Y15: =SUM(Y11:Y14) -> 0 | Z15: =SUM(Z11:Z14) -> 5478 | AB15: =SUM(AB11:AB14) -> 0 | AD15: =SUM(AD11:AD14) -> 0
B16: 펄프 합계 | E16: =SUM(E15,E10) -> 0 | F16: =SUM(F15,F10) -> 0 | G16: =SUM(G10,G15) -> 54978 | H16: =SUM(H15,H10) -> 0 | I16: =SUM(I15,I10) -> 17493 | J16: =SUM(J15,J10) -> 0 | K16: =SUM(K15,K10) -> 0 | L16: =SUM(L15,L10) -> 0 | M16: =SUM(M15,M10) -> 0 | N16: =SUM(N15,N10) -> 0 | O16: =SUM(O15,O10) -> 17493 | ... Z16: =SUM(Z15,Z10) -> 54978 | AB16: =SUM(AB15,AB10) -> 0 | AD16: =SUM(AD15,AD10) -> 0
B27: 2. 원료 관리 현황
B28: 구분 | D28: 펄프 종류 | G28: N-PULP(Soft Wood) | Q28: L-PULP(Hard Wood) | AA28: 비고
D29: 브랜드 명 | G29: 피스리버 | I29: 멧자 | M29: 일림 | O29: WET PULP | S29: Guaiba | U29: 수자노 | W29: WET(LBKP) | Y29: 아카시아APP
D30: 전일 이월량 | G30: ='22'!G42:H42 -> 0 | I30: ='22'!I42:J42 -> 4 | K30: ='22'!K42:L42 -> 0 | M30: ='22'!M42:N42 -> 0 | O30: ='22'!O42:P42 -> 0 | Q30: ='22'!Q42:R42 -> 0 | S30: ='22'!S42:T42 -> 0 | U30: ='22'!U42:V42 -> 0 | W30: ='22'!W42:X42 -> 0 | Y30: ='22'!Y42:Z42 -> 91
B31: 오전 | D31: 입고량 | I31: 32 | Y31: 192
D32: 사용량 | I32: 7 | Y32: 63
D33: 재고량
B34: 오후 | D34: 입고량
D35: 사용량 | I35: 7 | Y35: 63
D36: 재고량
B37: 야간 | D37: 입고량
D38: 사용량 | I38: 8 | Y38: 72
D39: 재고량
B40: 펄프 합계 | D40: 총 사용량 | G40: =SUM(G32,G35,G38) -> 0 | I40: =SUM(I32,I35,I38) -> 22 | K40: =SUM(K32,K35,K38) -> 0 | M40: =SUM(M32,M35,M38) -> 0 | O40: =SUM(O32,O35,O38) -> 0 | Q40: =SUM(Q32,Q35,Q38) -> 0 | S40: =SUM(S32,S35,S38) -> 0 | U40: =SUM(U32,U35,U38) -> 0 | W40: =SUM(W32,W35,W38) -> 0 | Y40: =SUM(Y32,Y35,Y38) -> 198
D41: 총 거래 수량 | G41: =SUM(G30,G31,G34,G37) -> 0 | I41: =SUM(I30,I31,I34,I37) -> 36 | K41: =SUM(K30,K31,K34,K37) -> 0 | M41: =SUM(M30,M31,M34,M37) -> 0 | O41: =SUM(O30,O31,O34,O37) -> 0 | Q41: =SUM(Q30,Q31,Q34,Q37) -> 0 | S41: =SUM(S30,S31,S34,S37) -> 0 | U41: =SUM(U30,U31,U34,U37) -> 0 | W41: =SUM(W30,W31,W34,W37) -> 0 | Y41: =SUM(Y30,Y31,Y34,Y37) -> 283
D42: 재고량 | G42: =G41-G40 -> 0 | I42: =I41-I40 -> 14 | K42: =K41-K40 -> 0 | M42: =M41-M40 -> 0 | O42: =O41-O40 -> 0 | Q42: =Q41-Q40 -> 0 | S42: =S41-S40 -> 0 | U42: =U41-U40 -> 0 | W42: =W41-W40 -> 0 | Y42: =Y41-Y40 -> 85

Sheet 24
B1: ◈ 원질4호기 원료처리 작업 일지 | AM1: NBKP | AO1: LBKP
B2: 1. 원료 처리 현황 | Z2: 2026 년 01 월 24 일 | AK2: 데코 | AM2: 브라츠크 | AO2: Acacia
B3: 구분 | D3: 기준 중량 (kg) | E3: 전일 재공량 | F3: 금일 재공량 | G3: 일 원료 처리량 | H3: 오전( 반) | N3: 오후( 반) | T3: 야간( 반) | Z3: 합계 | AK3: K/T | AM3: WET PULP | AO3: 수자노
H4: 데코 | N4: 데코 | T4: 데코 | Z4: 데코 | AK4: 0 | AM4: 멧자 | AO4: 아카시아APP
H5: Bale | I5: 중량 | J5: Bale | K5: 중량 | L5: Bale | M5: 중량 | N5: Bale | O5: 중량 | P5: Bale | Q5: 중량 | R5: Bale | S5: 중량 | T5: Bale | U5: 중량 | V5: Bale | W5: 중량 | X5: Bale | Y5: 중량 | Z5: 합계 | AA5: 배합비 | AB5: 합계 | AC5: 배합비 | AD5: 합계 | AE5: 배합비 | AK5: 0 | AM5: PCMC | AO5: Santafe
B6: LBKP | C6: Guaiba | D6: 247 | G6: =SUM(Z6,AB6,AD6) -> 0 | I6: =H6*D6 -> 0 | K6: =D6*J6 -> 0 | M6: =D6*L6 -> 0 | O6: =D6*N6 -> 0 | Q6: =D6*P6 -> 0 | S6: =D6*R6 -> 0 | U6: =D6*T6 -> 0 | W6: =D6*V6 -> 0 | Y6: =D6*X6 -> 0 | Z6: =SUM(I6,O6,U6) -> 0 | AA6: =IFERROR(Z10/Z16,"") -> 0.88928413 | AB6: =SUM(K6,Q6,W6) -> 0 | AC6: =IFERROR(AB10/AB16,"") | AD6: =SUM(M6,S6,Y6) -> 0 | AE6: =IFERROR(AD10/AD16,"") | AF6: 비데원지 | AM6: Pacifico | AO6: Guaiba
C7: WET(LBKP) | D7: 137 | G7: =SUM(Z7,AB7,AD7) -> 0 | I7: =H7*D7 -> 0 | K7: =D7*J7 -> 0 | M7: =D7*L7 -> 0 | O7: =D7*N7 -> 0 | Q7: =D7*P7 -> 0 | S7: =D7*R7 -> 0 | U7: =D7*T7 -> 0 | W7: =D7*V7 -> 0 | Y7: =D7*X7 -> 0 | Z7: =SUM(I7,O7,U7) -> 0 | AB7: =SUM(K7,Q7,W7) -> 0 | AD7: =SUM(M7,S7,Y7) -> 0 | AF7: 미용티슈 | AM7: Ilimsk | AO7: WET(LBKP)
C8: Acacia | D8: 250 | G8: =SUM(Z8,AB8,AD8) -> 44000 | H8: 56 | I8: =H8*D8 -> 14000 | K8: =D8*J8 -> 0 | M8: =D8*L8 -> 0 | N8: 56 | O8: =D8*N8 -> 14000 | Q8: =D8*P8 -> 0 | S8: =D8*R8 -> 0 | T8: 64 | U8: =D8*T8 -> 16000 | W8: =D8*V8 -> 0 | Y8: =D8*X8 -> 0 | Z8: =SUM(I8,O8,U8) -> 44000 | AB8: =SUM(K8,Q8,W8) -> 0 | AD8: =SUM(M8,S8,Y8) -> 0 | AF8: 3R | AM8: 크라프튼 | AO8: 0
C9: 수자노 | D9: 249 | G9: =SUM(Z9,AB9,AD9) -> 0 | I9: =H9*D9 -> 0 | K9: =D9*J9 -> 0 | M9: =D9*L9 -> 0 | O9: =D9*N9 -> 0 | Q9: =D9*P9 -> 0 | S9: =D9*R9 -> 0 | U9: =D9*T9 -> 0 | W9: =D9*V9 -> 0 | Y9: =D9*X9 -> 0 | Z9: =SUM(I9,O9,U9) -> 0 | AB9: =SUM(K9,Q9,W9) -> 0 | AD9: =SUM(M9,S9,Y9) -> 0 | AM9: 비랄 | AO9: 0
C10: 소계 | E10: =SUM(E6:E9) -> 0 | F10: =SUM(F6:F9) -> 0 | G10: =SUM(G6:G9) -> 44000 | I10: =SUM(I6:I9) -> 14000 | K10: =SUM(K6:K9) -> 0 | M10: =SUM(M6:M9) -> 0 | O10: =SUM(O6:O9) -> 14000 | Q10: =SUM(Q6:Q9) -> 0 | S10: =SUM(S6:S9) -> 0 | U10: =SUM(U6:U9) -> 16000 | W10: =SUM(W6:W9) -> 0 | Y10: =SUM(Y6:Y9) -> 0 | Z10: =SUM(Z6:Z9) -> 44000 | AB10: =SUM(AB6:AB9) -> 0 | AD10: =SUM(AD6:AD9) -> 0 | AM10: Arauco | AO10: 0
B11: NBKP | C11: 피스리버 | G11: =SUM(Z11,AB11,AD11) -> 0 | I11: =H11*D11 -> 0 | K11: =D11*J11 -> 0 | M11: =D11*L11 -> 0 | O11: =D11*N11 -> 0 | Q11: =D11*P11 -> 0 | S11: =D11*R11 -> 0 | U11: =D11*T11 -> 0 | W11: =D11*V11 -> 0 | Y11: =D11*X11 -> 0 | Z11: =SUM(I11,O11,U11) -> 0 | AA11: =IFERROR(1-AA6,"") -> 0.11071587 | AB11: =SUM(K11,Q11,W11) -> 0 | AC11: =IFERROR(1-AC6,"") | AD11: =SUM(M11,S11,Y11) -> 0 | AE11: =IFERROR(1-AE6,"") | AM11: 하우사운드
C12: Ilimsk | G12: =SUM(Z12,AB12,AD12) -> 0 | I12: =H12*D12 -> 0 | K12: =D12*J12 -> 0 | M12: =D12*L12 -> 0 | O12: =D12*N12 -> 0 | Q12: =D12*P12 -> 0 | S12: =D12*R12 -> 0 | U12: =D12*T12 -> 0 | W12: =D12*V12 -> 0 | Y12: =D12*X12 -> 0 | Z12: =SUM(I12,O12,U12) -> 0 | AB12: =SUM(K12,Q12,W12) -> 0 | AD12: =SUM(M12,S12,Y12) -> 0 | AM12: 일림
C13: 멧자 | D13: 249 | G13: =SUM(Z13,AB13,AD13) -> 5478 | H13: 7 | I13: =H13*D13 -> 1743 | K13: =D13*J13 -> 0 | M13: =D13*L13 -> 0 | N13: 7 | O13: =D13*N13 -> 1743 | Q13: =D13*P13 -> 0 | S13: =D13*R13 -> 0 | T13: 8 | U13: =D13*T13 -> 1992 | W13: =D13*V13 -> 0 | Y13: =D13*X13 -> 0 | Z13: =SUM(I13,O13,U13) -> 5478 | AB13: =SUM(K13,Q13,W13) -> 0 | AD13: =SUM(M13,S13,Y13) -> 0 | AM13: 피스리버
C14: WET PULP | D14: 150 | G14: =SUM(Z14,AB14,AD14) -> 0 | I14: =H14*D14 -> 0 | K14: =D14*J14 -> 0 | M14: =D14*L14 -> 0 | O14: =D14*N14 -> 0 | Q14: =D14*P14 -> 0 | S14: =D14*R14 -> 0 | U14: =D14*T14 -> 0 | W14: =D14*V14 -> 0 | Y14: =D14*X14 -> 0 | Z14: =SUM(I14,O14,U14) -> 0 | AB14: =SUM(K14,Q14,W14) -> 0 | AD14: =SUM(M14,S14,Y14) -> 0
C15: 소계 | E15: =SUM(E11:E14) -> 0 | F15: =SUM(F11:F14) -> 0 | G15: =SUM(G11:G14) -> 5478 | I15: =SUM(I11:I14) -> 1743 | K15: =SUM(K11:K14) -> 0 | M15: =SUM(M11:M14) -> 0 | O15: =SUM(O11:O14) -> 1743 | Q15: =SUM(Q11:Q14) -> 0 | S15: =SUM(S11:S14) -> 0 | U15: =SUM(U11:U14) -> 1992 | W15: =SUM(W11:W14) -> 0 | Y15: =SUM(Y11:Y14) -> 0 | Z15: =SUM(Z11:Z14) -> 5478 | AB15: =SUM(AB11:AB14) -> 0 | AD15: =SUM(AD11:AD14) -> 0
B16: 펄프 합계 | E16: =SUM(E15,E10) -> 0 | F16: =SUM(F15,F10) -> 0 | G16: =SUM(G10,G15) -> 49478 | H16: =SUM(H15,H10) -> 0 | I16: =SUM(I15,I10) -> 15743 | J16: =SUM(J15,J10) -> 0 | K16: =SUM(K15,K10) -> 0 | L16: =SUM(L15,L10) -> 0 | M16: =SUM(M15,M10) -> 0 | N16: =SUM(N15,N10) -> 0 | O16: =SUM(O15,O10) -> 15743 | ... Z16: =SUM(Z15,Z10) -> 49478 | AB16: =SUM(AB15,AB10) -> 0 | AD16: =SUM(AD15,AD10) -> 0
B27: 2. 원료 관리 현황
B28: 구분 | D28: 펄프 종류 | G28: N-PULP(Soft Wood) | Q28: L-PULP(Hard Wood) | AA28: 비고
D29: 브랜드 명 | G29: 피스리버 | I29: 멧자 | M29: 일림 | O29: WET PULP | S29: Guaiba | U29: 수자노 | W29: WET(LBKP) | Y29: 아카시아APP
D30: 전일 이월량 | G30: ='23'!G42:H42 -> 0 | I30: ='23'!I42:J42 -> 14 | K30: ='23'!K42:L42 -> 0 | M30: ='23'!M42:N42 -> 0 | O30: ='23'!O42:P42 -> 0 | Q30: ='23'!Q42:R42 -> 0 | S30: ='23'!S42:T42 -> 0 | U30: ='23'!U42:V42 -> 0 | W30: ='23'!W42:X42 -> 0 | Y30: ='23'!Y42:Z42 -> 85
B31: 오전 | D31: 입고량 | I31: 16 | Y31: 208
D32: 사용량 | I32: 7 | Y32: 56
D33: 재고량
B34: 오후 | D34: 입고량
D35: 사용량 | I35: 7 | Y35: 56
D36: 재고량
B37: 야간 | D37: 입고량
D38: 사용량 | I38: 8 | Y38: 64
D39: 재고량
B40: 펄프 합계 | D40: 총 사용량 | G40: =SUM(G32,G35,G38) -> 0 | I40: =SUM(I32,I35,I38) -> 22 | K40: =SUM(K32,K35,K38) -> 0 | M40: =SUM(M32,M35,M38) -> 0 | O40: =SUM(O32,O35,O38) -> 0 | Q40: =SUM(Q32,Q35,Q38) -> 0 | S40: =SUM(S32,S35,S38) -> 0 | U40: =SUM(U32,U35,U38) -> 0 | W40: =SUM(W32,W35,W38) -> 0 | Y40: =SUM(Y32,Y35,Y38) -> 176
D41: 총 거래 수량 | G41: =SUM(G30,G31,G34,G37) -> 0 | I41: =SUM(I30,I31,I34,I37) -> 30 | K41: =SUM(K30,K31,K34,K37) -> 0 | M41: =SUM(M30,M31,M34,M37) -> 0 | O41: =SUM(O30,O31,O34,O37) -> 0 | Q41: =SUM(Q30,Q31,Q34,Q37) -> 0 | S41: =SUM(S30,S31,S34,S37) -> 0 | U41: =SUM(U30,U31,U34,U37) -> 0 | W41: =SUM(W30,W31,W34,W37) -> 0 | Y41: =SUM(Y30,Y31,Y34,Y37) -> 293
D42: 재고량 | G42: =G41-G40 -> 0 | I42: =I41-I40 -> 8 | K42: =K41-K40 -> 0 | M42: =M41-M40 -> 0 | O42: =O41-O40 -> 0 | Q42: =Q41-Q40 -> 0 | S42: =S41-S40 -> 0 | U42: =U41-U40 -> 0 | W42: =W41-W40 -> 0 | Y42: =Y41-Y40 -> 117

Sheet 25
B1: ◈ 원질4호기 원료처리 작업 일지 | AM1: NBKP | AO1: LBKP
B2: 1. 원료 처리 현황 | Z2: 2026 년 01 월 25 일 | AK2: 데코 | AM2: 브라츠크 | AO2: Acacia
B3: 구분 | D3: 기준 중량 (kg) | E3: 전일 재공량 | F3: 금일 재공량 | G3: 일 원료 처리량 | H3: 오전( 반) | N3: 오후( 반) | T3: 야간( 반) | Z3: 합계 | AK3: K/T | AM3: WET PULP | AO3: 수자노
H4: 데코 | N4: 데코 | T4: 데코 | Z4: 데코 | AK4: 0 | AM4: 멧자 | AO4: 아카시아APP
H5: Bale | I5: 중량 | J5: Bale | K5: 중량 | L5: Bale | M5: 중량 | N5: Bale | O5: 중량 | P5: Bale | Q5: 중량 | R5: Bale | S5: 중량 | T5: Bale | U5: 중량 | V5: Bale | W5: 중량 | X5: Bale | Y5: 중량 | Z5: 합계 | AA5: 배합비 | AB5: 합계 | AC5: 배합비 | AD5: 합계 | AE5: 배합비 | AK5: 0 | AM5: PCMC | AO5: Santafe
B6: LBKP | C6: Guaiba | D6: 247 | G6: =SUM(Z6,AB6,AD6) -> 0 | I6: =H6*D6 -> 0 | K6: =D6*J6 -> 0 | M6: =D6*L6 -> 0 | O6: =D6*N6 -> 0 | Q6: =D6*P6 -> 0 | S6: =D6*R6 -> 0 | U6: =D6*T6 -> 0 | W6: =D6*V6 -> 0 | Y6: =D6*X6 -> 0 | Z6: =SUM(I6,O6,U6) -> 0 | AA6: =IFERROR(Z10/Z16,"") -> 0.88928413 | AB6: =SUM(K6,Q6,W6) -> 0 | AC6: =IFERROR(AB10/AB16,"") | AD6: =SUM(M6,S6,Y6) -> 0 | AE6: =IFERROR(AD10/AD16,"") | AF6: 비데원지 | AM6: Pacifico | AO6: Guaiba
C7: WET(LBKP) | D7: 137 | G7: =SUM(Z7,AB7,AD7) -> 0 | I7: =H7*D7 -> 0 | K7: =D7*J7 -> 0 | M7: =D7*L7 -> 0 | O7: =D7*N7 -> 0 | Q7: =D7*P7 -> 0 | S7: =D7*R7 -> 0 | U7: =D7*T7 -> 0 | W7: =D7*V7 -> 0 | Y7: =D7*X7 -> 0 | Z7: =SUM(I7,O7,U7) -> 0 | AB7: =SUM(K7,Q7,W7) -> 0 | AD7: =SUM(M7,S7,Y7) -> 0 | AF7: 미용티슈 | AM7: Ilimsk | AO7: WET(LBKP)
C8: Acacia | D8: 250 | G8: =SUM(Z8,AB8,AD8) -> 46000 | H8: 56 | I8: =H8*D8 -> 14000 | K8: =D8*J8 -> 0 | M8: =D8*L8 -> 0 | N8: 64 | O8: =D8*N8 -> 16000 | Q8: =D8*P8 -> 0 | S8: =D8*R8 -> 0 | T8: 64 | U8: =D8*T8 -> 16000 | W8: =D8*V8 -> 0 | Y8: =D8*X8 -> 0 | Z8: =SUM(I8,O8,U8) -> 46000 | AB8: =SUM(K8,Q8,W8) -> 0 | AD8: =SUM(M8,S8,Y8) -> 0 | AF8: 3R | AM8: 크라프튼 | AO8: 0
C9: 수자노 | D9: 249 | G9: =SUM(Z9,AB9,AD9) -> 0 | I9: =H9*D9 -> 0 | K9: =D9*J9 -> 0 | M9: =D9*L9 -> 0 | O9: =D9*N9 -> 0 | Q9: =D9*P9 -> 0 | S9: =D9*R9 -> 0 | U9: =D9*T9 -> 0 | W9: =D9*V9 -> 0 | Y9: =D9*X9 -> 0 | Z9: =SUM(I9,O9,U9) -> 0 | AB9: =SUM(K9,Q9,W9) -> 0 | AD9: =SUM(M9,S9,Y9) -> 0 | AM9: 비랄 | AO9: 0
C10: 소계 | E10: =SUM(E6:E9) -> 0 | F10: =SUM(F6:F9) -> 0 | G10: =SUM(G6:G9) -> 46000 | I10: =SUM(I6:I9) -> 14000 | K10: =SUM(K6:K9) -> 0 | M10: =SUM(M6:M9) -> 0 | O10: =SUM(O6:O9) -> 16000 | Q10: =SUM(Q6:Q9) -> 0 | S10: =SUM(S6:S9) -> 0 | U10: =SUM(U6:U9) -> 16000 | W10: =SUM(W6:W9) -> 0 | Y10: =SUM(Y6:Y9) -> 0 | Z10: =SUM(Z6:Z9) -> 46000 | AB10: =SUM(AB6:AB9) -> 0 | AD10: =SUM(AD6:AD9) -> 0 | AM10: Arauco | AO10: 0
B11: NBKP | C11: 피스리버 | G11: =SUM(Z11,AB11,AD11) -> 0 | I11: =H11*D11 -> 0 | K11: =D11*J11 -> 0 | M11: =D11*L11 -> 0 | O11: =D11*N11 -> 0 | Q11: =D11*P11 -> 0 | S11: =D11*R11 -> 0 | U11: =D11*T11 -> 0 | W11: =D11*V11 -> 0 | Y11: =D11*X11 -> 0 | Z11: =SUM(I11,O11,U11) -> 0 | AA11: =IFERROR(1-AA6,"") -> 0.11071587 | AB11: =SUM(K11,Q11,W11) -> 0 | AC11: =IFERROR(1-AC6,"") | AD11: =SUM(M11,S11,Y11) -> 0 | AE11: =IFERROR(1-AE6,"") | AM11: 하우사운드
C12: Ilimsk | G12: =SUM(Z12,AB12,AD12) -> 0 | I12: =H12*D12 -> 0 | K12: =D12*J12 -> 0 | M12: =D12*L12 -> 0 | O12: =D12*N12 -> 0 | Q12: =D12*P12 -> 0 | S12: =D12*R12 -> 0 | U12: =D12*T12 -> 0 | W12: =D12*V12 -> 0 | Y12: =D12*X12 -> 0 | Z12: =SUM(I12,O12,U12) -> 0 | AB12: =SUM(K12,Q12,W12) -> 0 | AD12: =SUM(M12,S12,Y12) -> 0 | AM12: 일림
C13: 멧자 | D13: 249 | G13: =SUM(Z13,AB13,AD13) -> 5727 | H13: 7 | I13: =H13*D13 -> 1743 | K13: =D13*J13 -> 0 | M13: =D13*L13 -> 0 | N13: 8 | O13: =D13*N13 -> 1992 | Q13: =D13*P13 -> 0 | S13: =D13*R13 -> 0 | T13: 8 | U13: =D13*T13 -> 1992 | W13: =D13*V13 -> 0 | Y13: =D13*X13 -> 0 | Z13: =SUM(I13,O13,U13) -> 5727 | AB13: =SUM(K13,Q13,W13) -> 0 | AD13: =SUM(M13,S13,Y13) -> 0 | AM13: 피스리버
C14: WET PULP | D14: 150 | G14: =SUM(Z14,AB14,AD14) -> 0 | I14: =H14*D14 -> 0 | K14: =D14*J14 -> 0 | M14: =D14*L14 -> 0 | O14: =D14*N14 -> 0 | Q14: =D14*P14 -> 0 | S14: =D14*R14 -> 0 | U14: =D14*T14 -> 0 | W14: =D14*V14 -> 0 | Y14: =D14*X14 -> 0 | Z14: =SUM(I14,O14,U14) -> 0 | AB14: =SUM(K14,Q14,W14) -> 0 | AD14: =SUM(M14,S14,Y14) -> 0
C15: 소계 | E15: =SUM(E11:E14) -> 0 | F15: =SUM(F11:F14) -> 0 | G15: =SUM(G11:G14) -> 5727 | I15: =SUM(I11:I14) -> 1743 | K15: =SUM(K11:K14) -> 0 | M15: =SUM(M11:M14) -> 0 | O15: =SUM(O11:O14) -> 1992 | Q15: =SUM(Q11:Q14) -> 0 | S15: =SUM(S11:S14) -> 0 | U15: =SUM(U11:U14) -> 1992 | W15: =SUM(W11:W14) -> 0 | Y15: =SUM(Y11:Y14) -> 0 | Z15: =SUM(Z11:Z14) -> 5727 | AB15: =SUM(AB11:AB14) -> 0 | AD15: =SUM(AD11:AD14) -> 0
B16: 펄프 합계 | E16: =SUM(E15,E10) -> 0 | F16: =SUM(F15,F10) -> 0 | G16: =SUM(G10,G15) -> 51727 | H16: =SUM(H15,H10) -> 0 | I16: =SUM(I15,I10) -> 15743 | J16: =SUM(J15,J10) -> 0 | K16: =SUM(K15,K10) -> 0 | L16: =SUM(L15,L10) -> 0 | M16: =SUM(M15,M10) -> 0 | N16: =SUM(N15,N10) -> 0 | O16: =SUM(O15,O10) -> 17992 | ... Z16: =SUM(Z15,Z10) -> 51727 | AB16: =SUM(AB15,AB10) -> 0 | AD16: =SUM(AD15,AD10) -> 0
B27: 2. 원료 관리 현황
B28: 구분 | D28: 펄프 종류 | G28: N-PULP(Soft Wood) | Q28: L-PULP(Hard Wood) | AA28: 비고
D29: 브랜드 명 | G29: 피스리버 | I29: 멧자 | M29: 일림 | O29: WET PULP | S29: Guaiba | U29: 수자노 | W29: WET(LBKP) | Y29: 아카시아APP
D30: 전일 이월량 | G30: ='24'!G42:H42 -> 0 | I30: ='24'!I42:J42 -> 8 | K30: ='24'!K42:L42 -> 0 | M30: ='24'!M42:N42 -> 0 | O30: ='24'!O42:P42 -> 0 | Q30: ='24'!Q42:R42 -> 0 | S30: ='24'!S42:T42 -> 0 | U30: ='24'!U42:V42 -> 0 | W30: ='24'!W42:X42 -> 0 | Y30: ='24'!Y42:Z42 -> 117
B31: 오전 | D31: 입고량 | I31: 32 | Y31: 176
D32: 사용량 | I32: 7 | Y32: 56
D33: 재고량
B34: 오후 | D34: 입고량
D35: 사용량 | I35: 8 | Y35: 64
D36: 재고량
B37: 야간 | D37: 입고량
D38: 사용량 | I38: 8 | Y38: 64
D39: 재고량
B40: 펄프 합계 | D40: 총 사용량 | G40: =SUM(G32,G35,G38) -> 0 | I40: =SUM(I32,I35,I38) -> 23 | K40: =SUM(K32,K35,K38) -> 0 | M40: =SUM(M32,M35,M38) -> 0 | O40: =SUM(O32,O35,O38) -> 0 | Q40: =SUM(Q32,Q35,Q38) -> 0 | S40: =SUM(S32,S35,S38) -> 0 | U40: =SUM(U32,U35,U38) -> 0 | W40: =SUM(W32,W35,W38) -> 0 | Y40: =SUM(Y32,Y35,Y38) -> 184
D41: 총 거래 수량 | G41: =SUM(G30,G31,G34,G37) -> 0 | I41: =SUM(I30,I31,I34,I37) -> 40 | K41: =SUM(K30,K31,K34,K37) -> 0 | M41: =SUM(M30,M31,M34,M37) -> 0 | O41: =SUM(O30,O31,O34,O37) -> 0 | Q41: =SUM(Q30,Q31,Q34,Q37) -> 0 | S41: =SUM(S30,S31,S34,S37) -> 0 | U41: =SUM(U30,U31,U34,U37) -> 0 | W41: =SUM(W30,W31,W34,W37) -> 0 | Y41: =SUM(Y30,Y31,Y34,Y37) -> 293
D42: 재고량 | G42: =G41-G40 -> 0 | I42: =I41-I40 -> 17 | K42: =K41-K40 -> 0 | M42: =M41-M40 -> 0 | O42: =O41-O40 -> 0 | Q42: =Q41-Q40 -> 0 | S42: =S41-S40 -> 0 | U42: =U41-U40 -> 0 | W42: =W41-W40 -> 0 | Y42: =Y41-Y40 -> 109

Sheet 26
B1: ◈ 원질4호기 원료처리 작업 일지 | AM1: NBKP | AO1: LBKP
B2: 1. 원료 처리 현황 | Z2: 2026 년 01 월 26 일 | AK2: 데코 | AM2: 브라츠크 | AO2: Acacia
B3: 구분 | D3: 기준 중량 (kg) | E3: 전일 재공량 | F3: 금일 재공량 | G3: 일 원료 처리량 | H3: 오전( 반) | N3: 오후( 반) | T3: 야간( 반) | Z3: 합계 | AK3: K/T | AM3: WET PULP | AO3: 수자노
H4: 데코 | J4: K/T | N4: 데코 | P4: K/T | T4: 데코 | V4: K/T | Z4: 데코 | AB4: K/T | AK4: 0 | AM4: 멧자 | AO4: 아카시아APP
H5: Bale | I5: 중량 | J5: Bale | K5: 중량 | L5: Bale | M5: 중량 | N5: Bale | O5: 중량 | P5: Bale | Q5: 중량 | R5: Bale | S5: 중량 | T5: Bale | U5: 중량 | V5: Bale | W5: 중량 | X5: Bale | Y5: 중량 | Z5: 합계 | AA5: 배합비 | AB5: 합계 | AC5: 배합비 | AD5: 합계 | AE5: 배합비 | AK5: 0 | AM5: PCMC | AO5: Santafe
B6: LBKP | C6: Guaiba | D6: 247 | G6: =SUM(Z6,AB6,AD6) -> 0 | I6: =H6*D6 -> 0 | K6: =D6*J6 -> 0 | M6: =D6*L6 -> 0 | O6: =D6*N6 -> 0 | Q6: =D6*P6 -> 0 | S6: =D6*R6 -> 0 | U6: =D6*T6 -> 0 | W6: =D6*V6 -> 0 | Y6: =D6*X6 -> 0 | Z6: =SUM(I6,O6,U6) -> 0 | AA6: =IFERROR(Z10/Z16,"") -> 0.92064729 | AB6: =SUM(K6,Q6,W6) -> 0 | AC6: =IFERROR(AB10/AB16,"") -> 0.68379408 | AD6: =SUM(M6,S6,Y6) -> 0 | AE6: =IFERROR(AD10/AD16,"") | AF6: 비데원지 | AM6: Pacifico | AO6: Guaiba
C7: WET(LBKP) | D7: 137 | G7: =SUM(Z7,AB7,AD7) -> 0 | I7: =H7*D7 -> 0 | K7: =D7*J7 -> 0 | M7: =D7*L7 -> 0 | O7: =D7*N7 -> 0 | Q7: =D7*P7 -> 0 | S7: =D7*R7 -> 0 | U7: =D7*T7 -> 0 | W7: =D7*V7 -> 0 | Y7: =D7*X7 -> 0 | Z7: =SUM(I7,O7,U7) -> 0 | AB7: =SUM(K7,Q7,W7) -> 0 | AD7: =SUM(M7,S7,Y7) -> 0 | AF7: 미용티슈 | AM7: Ilimsk | AO7: WET(LBKP)
C8: Acacia | D8: 250 | G8: =SUM(Z8,AB8,AD8) -> 47000 | H8: 68 | I8: =H8*D8 -> 17000 | K8: =D8*J8 -> 0 | M8: =D8*L8 -> 0 | N8: 36 | O8: =D8*N8 -> 9000 | P8: 28 | Q8: =D8*P8 -> 7000 | S8: =D8*R8 -> 0 | U8: =D8*T8 -> 0 | V8: 56 | W8: =D8*V8 -> 14000 | Y8: =D8*X8 -> 0 | Z8: =SUM(I8,O8,U8) -> 26000 | AB8: =SUM(K8,Q8,W8) -> 21000 | AD8: =SUM(M8,S8,Y8) -> 0 | AF8: 3R | AM8: 크라프튼 | AO8: 0
C9: 수자노 | D9: 249 | G9: =SUM(Z9,AB9,AD9) -> 0 | I9: =H9*D9 -> 0 | K9: =D9*J9 -> 0 | M9: =D9*L9 -> 0 | O9: =D9*N9 -> 0 | Q9: =D9*P9 -> 0 | S9: =D9*R9 -> 0 | U9: =D9*T9 -> 0 | W9: =D9*V9 -> 0 | Y9: =D9*X9 -> 0 | Z9: =SUM(I9,O9,U9) -> 0 | AB9: =SUM(K9,Q9,W9) -> 0 | AD9: =SUM(M9,S9,Y9) -> 0 | AM9: 비랄 | AO9: 0
C10: 소계 | E10: =SUM(E6:E9) -> 0 | F10: =SUM(F6:F9) -> 0 | G10: =SUM(G6:G9) -> 47000 | I10: =SUM(I6:I9) -> 17000 | K10: =SUM(K6:K9) -> 0 | M10: =SUM(M6:M9) -> 0 | O10: =SUM(O6:O9) -> 9000 | Q10: =SUM(Q6:Q9) -> 7000 | S10: =SUM(S6:S9) -> 0 | U10: =SUM(U6:U9) -> 0 | W10: =SUM(W6:W9) -> 14000 | Y10: =SUM(Y6:Y9) -> 0 | Z10: =SUM(Z6:Z9) -> 26000 | AB10: =SUM(AB6:AB9) -> 21000 | AD10: =SUM(AD6:AD9) -> 0 | AM10: Arauco | AO10: 0
B11: NBKP | C11: 피스리버 | G11: =SUM(Z11,AB11,AD11) -> 0 | I11: =H11*D11 -> 0 | K11: =D11*J11 -> 0 | M11: =D11*L11 -> 0 | O11: =D11*N11 -> 0 | Q11: =D11*P11 -> 0 | S11: =D11*R11 -> 0 | U11: =D11*T11 -> 0 | W11: =D11*V11 -> 0 | Y11: =D11*X11 -> 0 | Z11: =SUM(I11,O11,U11) -> 0 | AA11: =IFERROR(1-AA6,"") -> 0.079352714 | AB11: =SUM(K11,Q11,W11) -> 0 | AC11: =IFERROR(1-AC6,"") -> 0.31620592 | AD11: =SUM(M11,S11,Y11) -> 0 | AE11: =IFERROR(1-AE6,"") | AM11: 하우사운드
C12: Ilimsk | G12: =SUM(Z12,AB12,AD12) -> 0 | I12: =H12*D12 -> 0 | K12: =D12*J12 -> 0 | M12: =D12*L12 -> 0 | O12: =D12*N12 -> 0 | Q12: =D12*P12 -> 0 | S12: =D12*R12 -> 0 | U12: =D12*T12 -> 0 | W12: =D12*V12 -> 0 | Y12: =D12*X12 -> 0 | Z12: =SUM(I12,O12,U12) -> 0 | AB12: =SUM(K12,Q12,W12) -> 0 | AD12: =SUM(M12,S12,Y12) -> 0 | AM12: 일림
C13: 멧자 | D13: 249 | G13: =SUM(Z13,AB13,AD13) -> 11952 | H13: 6 | I13: =H13*D13 -> 1494 | K13: =D13*J13 -> 0 | M13: =D13*L13 -> 0 | N13: 3 | O13: =D13*N13 -> 747 | P13: 15 | Q13: =D13*P13 -> 3735 | S13: =D13*R13 -> 0 | U13: =D13*T13 -> 0 | V13: 24 | W13: =D13*V13 -> 5976 | Y13: =D13*X13 -> 0 | Z13: =SUM(I13,O13,U13) -> 2241 | AB13: =SUM(K13,Q13,W13) -> 9711 | AD13: =SUM(M13,S13,Y13) -> 0 | AM13: 피스리버
C14: WET PULP | D14: 150 | G14: =SUM(Z14,AB14,AD14) -> 0 | I14: =H14*D14 -> 0 | K14: =D14*J14 -> 0 | M14: =D14*L14 -> 0 | O14: =D14*N14 -> 0 | Q14: =D14*P14 -> 0 | S14: =D14*R14 -> 0 | U14: =D14*T14 -> 0 | W14: =D14*V14 -> 0 | Y14: =D14*X14 -> 0 | Z14: =SUM(I14,O14,U14) -> 0 | AB14: =SUM(K14,Q14,W14) -> 0 | AD14: =SUM(M14,S14,Y14) -> 0
C15: 소계 | E15: =SUM(E11:E14) -> 0 | F15: =SUM(F11:F14) -> 0 | G15: =SUM(G11:G14) -> 11952 | I15: =SUM(I11:I14) -> 1494 | K15: =SUM(K11:K14) -> 0 | M15: =SUM(M11:M14) -> 0 | O15: =SUM(O11:O14) -> 747 | Q15: =SUM(Q11:Q14) -> 3735 | S15: =SUM(S11:S14) -> 0 | U15: =SUM(U11:U14) -> 0 | W15: =SUM(W11:W14) -> 5976 | Y15: =SUM(Y11:Y14) -> 0 | Z15: =SUM(Z11:Z14) -> 2241 | AB15: =SUM(AB11:AB14) -> 9711 | AD15: =SUM(AD11:AD14) -> 0
B16: 펄프 합계 | E16: =SUM(E15,E10) -> 0 | F16: =SUM(F15,F10) -> 0 | G16: =SUM(G10,G15) -> 58952 | H16: =SUM(H15,H10) -> 0 | I16: =SUM(I15,I10) -> 18494 | J16: =SUM(J15,J10) -> 0 | K16: =SUM(K15,K10) -> 0 | L16: =SUM(L15,L10) -> 0 | M16: =SUM(M15,M10) -> 0 | N16: =SUM(N15,N10) -> 0 | O16: =SUM(O15,O10) -> 9747 | ... Z16: =SUM(Z15,Z10) -> 28241 | AB16: =SUM(AB15,AB10) -> 30711 | AD16: =SUM(AD15,AD10) -> 0
B27: 2. 원료 관리 현황
B28: 구분 | D28: 펄프 종류 | G28: N-PULP(Soft Wood) | Q28: L-PULP(Hard Wood) | AA28: 비고
D29: 브랜드 명 | G29: 피스리버 | I29: 멧자 | M29: 일림 | O29: WET PULP | S29: Guaiba | U29: 수자노 | W29: WET(LBKP) | Y29: 아카시아APP
D30: 전일 이월량 | G30: ='25'!G42:H42 -> 0 | I30: ='25'!I42:J42 -> 17 | K30: ='25'!K42:L42 -> 0 | M30: ='25'!M42:N42 -> 0 | O30: ='25'!O42:P42 -> 0 | Q30: ='25'!Q42:R42 -> 0 | S30: ='25'!S42:T42 -> 0 | U30: ='25'!U42:V42 -> 0 | W30: ='25'!W42:X42 -> 0 | Y30: ='25'!Y42:Z42 -> 109
B31: 오전 | D31: 입고량 | I31: 48 | Y31: 176
D32: 사용량 | I32: 6 | Y32: 68
D33: 재고량
B34: 오후 | D34: 입고량
D35: 사용량 | I35: 18 | Y35: 64
D36: 재고량
B37: 야간 | D37: 입고량
D38: 사용량 | I38: 24 | Y38: 56
D39: 재고량 | I39: 17 | Y39: 97
B40: 펄프 합계 | D40: 총 사용량 | G40: =SUM(G32,G35,G38) -> 0 | I40: =SUM(I32,I35,I38) -> 48 | K40: =SUM(K32,K35,K38) -> 0 | M40: =SUM(M32,M35,M38) -> 0 | O40: =SUM(O32,O35,O38) -> 0 | Q40: =SUM(Q32,Q35,Q38) -> 0 | S40: =SUM(S32,S35,S38) -> 0 | U40: =SUM(U32,U35,U38) -> 0 | W40: =SUM(W32,W35,W38) -> 0 | Y40: =SUM(Y32,Y35,Y38) -> 188
D41: 총 거래 수량 | G41: =SUM(G30,G31,G34,G37) -> 0 | I41: =SUM(I30,I31,I34,I37) -> 65 | K41: =SUM(K30,K31,K34,K37) -> 0 | M41: =SUM(M30,M31,M34,M37) -> 0 | O41: =SUM(O30,O31,O34,O37) -> 0 | Q41: =SUM(Q30,Q31,Q34,Q37) -> 0 | S41: =SUM(S30,S31,S34,S37) -> 0 | U41: =SUM(U30,U31,U34,U37) -> 0 | W41: =SUM(W30,W31,W34,W37) -> 0 | Y41: =SUM(Y30,Y31,Y34,Y37) -> 285
D42: 재고량 | G42: =G41-G40 -> 0 | I42: =I41-I40 -> 17 | K42: =K41-K40 -> 0 | M42: =M41-M40 -> 0 | O42: =O41-O40 -> 0 | Q42: =Q41-Q40 -> 0 | S42: =S41-S40 -> 0 | U42: =U41-U40 -> 0 | W42: =W41-W40 -> 0 | Y42: =Y41-Y40 -> 97

Sheet 27
B1: ◈ 원질4호기 원료처리 작업 일지 | AM1: NBKP | AO1: LBKP
B2: 1. 원료 처리 현황 | Z2: 2026 년 01 월 27 일 | AK2: 데코 | AM2: 브라츠크 | AO2: Acacia
B3: 구분 | D3: 기준 중량 (kg) | E3: 전일 재공량 | F3: 금일 재공량 | G3: 일 원료 처리량 | H3: 오전( 반) | N3: 오후( 반) | T3: 야간( 반) | Z3: 합계 | AK3: K/T | AM3: WET PULP | AO3: 수자노
H4: K/T | N4: K/T | T4: K/T | Z4: K/T | AK4: 0 | AM4: 멧자 | AO4: 아카시아APP
H5: Bale | I5: 중량 | J5: Bale | K5: 중량 | L5: Bale | M5: 중량 | N5: Bale | O5: 중량 | P5: Bale | Q5: 중량 | R5: Bale | S5: 중량 | T5: Bale | U5: 중량 | V5: Bale | W5: 중량 | X5: Bale | Y5: 중량 | Z5: 합계 | AA5: 배합비 | AB5: 합계 | AC5: 배합비 | AD5: 합계 | AE5: 배합비 | AK5: 0 | AM5: PCMC | AO5: Santafe
B6: LBKP | C6: Guaiba | D6: 247 | G6: =SUM(Z6,AB6,AD6) -> 0 | I6: =H6*D6 -> 0 | K6: =D6*J6 -> 0 | M6: =D6*L6 -> 0 | O6: =D6*N6 -> 0 | Q6: =D6*P6 -> 0 | S6: =D6*R6 -> 0 | U6: =D6*T6 -> 0 | W6: =D6*V6 -> 0 | Y6: =D6*X6 -> 0 | Z6: =SUM(I6,O6,U6) -> 0 | AA6: =IFERROR(Z10/Z16,"") -> 0.6690495 | AB6: =SUM(K6,Q6,W6) -> 0 | AC6: =IFERROR(AB10/AB16,"") | AD6: =SUM(M6,S6,Y6) -> 0 | AE6: =IFERROR(AD10/AD16,"") | AF6: 비데원지 | AM6: Pacifico | AO6: Guaiba
C7: WET(LBKP) | D7: 137 | G7: =SUM(Z7,AB7,AD7) -> 0 | I7: =H7*D7 -> 0 | K7: =D7*J7 -> 0 | M7: =D7*L7 -> 0 | O7: =D7*N7 -> 0 | Q7: =D7*P7 -> 0 | S7: =D7*R7 -> 0 | U7: =D7*T7 -> 0 | W7: =D7*V7 -> 0 | Y7: =D7*X7 -> 0 | Z7: =SUM(I7,O7,U7) -> 0 | AB7: =SUM(K7,Q7,W7) -> 0 | AD7: =SUM(M7,S7,Y7) -> 0 | AF7: 미용티슈 | AM7: Ilimsk | AO7: WET(LBKP)
C8: Acacia | D8: 250 | G8: =SUM(Z8,AB8,AD8) -> 37250 | H8: 49 | I8: =H8*D8 -> 12250 | K8: =D8*J8 -> 0 | M8: =D8*L8 -> 0 | N8: 56 | O8: =D8*N8 -> 14000 | Q8: =D8*P8 -> 0 | S8: =D8*R8 -> 0 | T8: 44 | U8: =D8*T8 -> 11000 | W8: =D8*V8 -> 0 | Y8: =D8*X8 -> 0 | Z8: =SUM(I8,O8,U8) -> 37250 | AB8: =SUM(K8,Q8,W8) -> 0 | AD8: =SUM(M8,S8,Y8) -> 0 | AF8: 3R | AM8: 크라프튼 | AO8: 0
C9: 수자노 | D9: 249 | G9: =SUM(Z9,AB9,AD9) -> 0 | I9: =H9*D9 -> 0 | K9: =D9*J9 -> 0 | M9: =D9*L9 -> 0 | O9: =D9*N9 -> 0 | Q9: =D9*P9 -> 0 | S9: =D9*R9 -> 0 | U9: =D9*T9 -> 0 | W9: =D9*V9 -> 0 | Y9: =D9*X9 -> 0 | Z9: =SUM(I9,O9,U9) -> 0 | AB9: =SUM(K9,Q9,W9) -> 0 | AD9: =SUM(M9,S9,Y9) -> 0 | AM9: 비랄 | AO9: 0
C10: 소계 | E10: =SUM(E6:E9) -> 0 | F10: =SUM(F6:F9) -> 0 | G10: =SUM(G6:G9) -> 37250 | I10: =SUM(I6:I9) -> 12250 | K10: =SUM(K6:K9) -> 0 | M10: =SUM(M6:M9) -> 0 | O10: =SUM(O6:O9) -> 14000 | Q10: =SUM(Q6:Q9) -> 0 | S10: =SUM(S6:S9) -> 0 | U10: =SUM(U6:U9) -> 11000 | W10: =SUM(W6:W9) -> 0 | Y10: =SUM(Y6:Y9) -> 0 | Z10: =SUM(Z6:Z9) -> 37250 | AB10: =SUM(AB6:AB9) -> 0 | AD10: =SUM(AD6:AD9) -> 0 | AM10: Arauco | AO10: 0
B11: NBKP | C11: 피스리버 | G11: =SUM(Z11,AB11,AD11) -> 0 | I11: =H11*D11 -> 0 | K11: =D11*J11 -> 0 | M11: =D11*L11 -> 0 | O11: =D11*N11 -> 0 | Q11: =D11*P11 -> 0 | S11: =D11*R11 -> 0 | U11: =D11*T11 -> 0 | W11: =D11*V11 -> 0 | Y11: =D11*X11 -> 0 | Z11: =SUM(I11,O11,U11) -> 0 | AA11: =IFERROR(1-AA6,"") -> 0.3309505 | AB11: =SUM(K11,Q11,W11) -> 0 | AC11: =IFERROR(1-AC6,"") | AD11: =SUM(M11,S11,Y11) -> 0 | AE11: =IFERROR(1-AE6,"") | AM11: 하우사운드
C12: Ilimsk | G12: =SUM(Z12,AB12,AD12) -> 0 | I12: =H12*D12 -> 0 | K12: =D12*J12 -> 0 | M12: =D12*L12 -> 0 | O12: =D12*N12 -> 0 | Q12: =D12*P12 -> 0 | S12: =D12*R12 -> 0 | U12: =D12*T12 -> 0 | W12: =D12*V12 -> 0 | Y12: =D12*X12 -> 0 | Z12: =SUM(I12,O12,U12) -> 0 | AB12: =SUM(K12,Q12,W12) -> 0 | AD12: =SUM(M12,S12,Y12) -> 0 | AM12: 일림
C13: 멧자 | D13: 249 | G13: =SUM(Z13,AB13,AD13) -> 18426 | H13: 21 | I13: =H13*D13 -> 5229 | K13: =D13*J13 -> 0 | M13: =D13*L13 -> 0 | N13: 24 | O13: =D13*N13 -> 5976 | Q13: =D13*P13 -> 0 | S13: =D13*R13 -> 0 | T13: 29 | U13: =D13*T13 -> 7221 | W13: =D13*V13 -> 0 | Y13: =D13*X13 -> 0 | Z13: =SUM(I13,O13,U13) -> 18426 | AB13: =SUM(K13,Q13,W13) -> 0 | AD13: =SUM(M13,S13,Y13) -> 0 | AM13: 피스리버
C14: WET PULP | D14: 150 | G14: =SUM(Z14,AB14,AD14) -> 0 | I14: =H14*D14 -> 0 | K14: =D14*J14 -> 0 | M14: =D14*L14 -> 0 | O14: =D14*N14 -> 0 | Q14: =D14*P14 -> 0 | S14: =D14*R14 -> 0 | U14: =D14*T14 -> 0 | W14: =D14*V14 -> 0 | Y14: =D14*X14 -> 0 | Z14: =SUM(I14,O14,U14) -> 0 | AB14: =SUM(K14,Q14,W14) -> 0 | AD14: =SUM(M14,S14,Y14) -> 0
C15: 소계 | E15: =SUM(E11:E14) -> 0 | F15: =SUM(F11:F14) -> 0 | G15: =SUM(G11:G14) -> 18426 | I15: =SUM(I11:I14) -> 5229 | K15: =SUM(K11:K14) -> 0 | M15: =SUM(M11:M14) -> 0 | O15: =SUM(O11:O14) -> 5976 | Q15: =SUM(Q11:Q14) -> 0 | S15: =SUM(S11:S14) -> 0 | U15: =SUM(U11:U14) -> 7221 | W15: =SUM(W11:W14) -> 0 | Y15: =SUM(Y11:Y14) -> 0 | Z15: =SUM(Z11:Z14) -> 18426 | AB15: =SUM(AB11:AB14) -> 0 | AD15: =SUM(AD11:AD14) -> 0
B16: 펄프 합계 | E16: =SUM(E15,E10) -> 0 | F16: =SUM(F15,F10) -> 0 | G16: =SUM(G10,G15) -> 55676 | H16: =SUM(H15,H10) -> 0 | I16: =SUM(I15,I10) -> 17479 | J16: =SUM(J15,J10) -> 0 | K16: =SUM(K15,K10) -> 0 | L16: =SUM(L15,L10) -> 0 | M16: =SUM(M15,M10) -> 0 | N16: =SUM(N15,N10) -> 0 | O16: =SUM(O15,O10) -> 19976 | ... Z16: =SUM(Z15,Z10) -> 55676 | AB16: =SUM(AB15,AB10) -> 0 | AD16: =SUM(AD15,AD10) -> 0
B27: 2. 원료 관리 현황
B28: 구분 | D28: 펄프 종류 | G28: N-PULP(Soft Wood) | Q28: L-PULP(Hard Wood) | AA28: 비고
D29: 브랜드 명 | G29: 피스리버 | I29: 멧자 | M29: 일림 | O29: WET PULP | S29: Guaiba | U29: 수자노 | W29: WET(LBKP) | Y29: 아카시아APP
D30: 전일 이월량 | G30: ='26'!G42:H42 -> 0 | I30: ='26'!I42:J42 -> 17 | K30: ='26'!K42:L42 -> 0 | M30: ='26'!M42:N42 -> 0 | O30: ='26'!O42:P42 -> 0 | Q30: ='26'!Q42:R42 -> 0 | S30: ='26'!S42:T42 -> 0 | U30: ='26'!U42:V42 -> 0 | W30: ='26'!W42:X42 -> 0 | Y30: ='26'!Y42:Z42 -> 97
B31: 오전 | D31: 입고량 | I31: 80 | Y31: 144
D32: 사용량 | I32: 21 | Y32: 49
D33: 재고량
B34: 오후 | D34: 입고량
D35: 사용량 | I35: 24 | Y35: 56
D36: 재고량
B37: 야간 | D37: 입고량
D38: 사용량 | I38: 29 | Y38: 44
D39: 재고량 | I39: 23 | Y39: 92
B40: 펄프 합계 | D40: 총 사용량 | G40: =SUM(G32,G35,G38) -> 0 | I40: =SUM(I32,I35,I38) -> 74 | K40: =SUM(K32,K35,K38) -> 0 | M40: =SUM(M32,M35,M38) -> 0 | O40: =SUM(O32,O35,O38) -> 0 | Q40: =SUM(Q32,Q35,Q38) -> 0 | S40: =SUM(S32,S35,S38) -> 0 | U40: =SUM(U32,U35,U38) -> 0 | W40: =SUM(W32,W35,W38) -> 0 | Y40: =SUM(Y32,Y35,Y38) -> 149
D41: 총 거래 수량 | G41: =SUM(G30,G31,G34,G37) -> 0 | I41: =SUM(I30,I31,I34,I37) -> 97 | K41: =SUM(K30,K31,K34,K37) -> 0 | M41: =SUM(M30,M31,M34,M37) -> 0 | O41: =SUM(O30,O31,O34,O37) -> 0 | Q41: =SUM(Q30,Q31,Q34,Q37) -> 0 | S41: =SUM(S30,S31,S34,S37) -> 0 | U41: =SUM(U30,U31,U34,U37) -> 0 | W41: =SUM(W30,W31,W34,W37) -> 0 | Y41: =SUM(Y30,Y31,Y34,Y37) -> 241
D42: 재고량 | G42: =G41-G40 -> 0 | I42: =I41-I40 -> 23 | K42: =K41-K40 -> 0 | M42: =M41-M40 -> 0 | O42: =O41-O40 -> 0 | Q42: =Q41-Q40 -> 0 | S42: =S41-S40 -> 0 | U42: =U41-U40 -> 0 | W42: =W41-W40 -> 0 | Y42: =Y41-Y40 -> 92

Sheet 28
B1: ◈ 원질4호기 원료처리 작업 일지 | AM1: NBKP | AO1: LBKP
B2: 1. 원료 처리 현황 | Z2: 2026 년 01 월 28 일 | AK2: 데코 | AM2: 브라츠크 | AO2: Acacia
B3: 구분 | D3: 기준 중량 (kg) | E3: 전일 재공량 | F3: 금일 재공량 | G3: 일 원료 처리량 | H3: 오전( 반) | N3: 오후( 반) | T3: 야간( 반) | Z3: 합계 | AK3: K/T | AM3: WET PULP | AO3: 수자노
H4: K/T | N4: K/T | T4: K/T | Z4: K/T | AK4: 0 | AM4: 멧자 | AO4: 아카시아APP
H5: Bale | I5: 중량 | J5: Bale | K5: 중량 | L5: Bale | M5: 중량 | N5: Bale | O5: 중량 | P5: Bale | Q5: 중량 | R5: Bale | S5: 중량 | T5: Bale | U5: 중량 | V5: Bale | W5: 중량 | X5: Bale | Y5: 중량 | Z5: 합계 | AA5: 배합비 | AB5: 합계 | AC5: 배합비 | AD5: 합계 | AE5: 배합비 | AK5: 0 | AM5: PCMC | AO5: Santafe
B6: LBKP | C6: Guaiba | D6: 247 | G6: =SUM(Z6,AB6,AD6) -> 0 | I6: =H6*D6 -> 0 | K6: =D6*J6 -> 0 | M6: =D6*L6 -> 0 | O6: =D6*N6 -> 0 | Q6: =D6*P6 -> 0 | S6: =D6*R6 -> 0 | U6: =D6*T6 -> 0 | W6: =D6*V6 -> 0 | Y6: =D6*X6 -> 0 | Z6: =SUM(I6,O6,U6) -> 0 | AA6: =IFERROR(Z10/Z16,"") -> 0.63592846 | AB6: =SUM(K6,Q6,W6) -> 0 | AC6: =IFERROR(AB10/AB16,"") | AD6: =SUM(M6,S6,Y6) -> 0 | AE6: =IFERROR(AD10/AD16,"") | AF6: 비데원지 | AM6: Pacifico | AO6: Guaiba
C7: WET(LBKP) | D7: 137 | G7: =SUM(Z7,AB7,AD7) -> 0 | I7: =H7*D7 -> 0 | K7: =D7*J7 -> 0 | M7: =D7*L7 -> 0 | O7: =D7*N7 -> 0 | Q7: =D7*P7 -> 0 | S7: =D7*R7 -> 0 | U7: =D7*T7 -> 0 | W7: =D7*V7 -> 0 | Y7: =D7*X7 -> 0 | Z7: =SUM(I7,O7,U7) -> 0 | AB7: =SUM(K7,Q7,W7) -> 0 | AD7: =SUM(M7,S7,Y7) -> 0 | AF7: 미용티슈 | AM7: Ilimsk | AO7: WET(LBKP)
C8: Acacia | D8: 250 | G8: =SUM(Z8,AB8,AD8) -> 31750 | H8: 36 | I8: =H8*D8 -> 9000 | K8: =D8*J8 -> 0 | M8: =D8*L8 -> 0 | N8: 44 | O8: =D8*N8 -> 11000 | Q8: =D8*P8 -> 0 | S8: =D8*R8 -> 0 | T8: 47 | U8: =D8*T8 -> 11750 | W8: =D8*V8 -> 0 | Y8: =D8*X8 -> 0 | Z8: =SUM(I8,O8,U8) -> 31750 | AB8: =SUM(K8,Q8,W8) -> 0 | AD8: =SUM(M8,S8,Y8) -> 0 | AF8: 3R | AM8: 크라프튼 | AO8: 0
C9: 수자노 | D9: 249 | G9: =SUM(Z9,AB9,AD9) -> 0 | I9: =H9*D9 -> 0 | K9: =D9*J9 -> 0 | M9: =D9*L9 -> 0 | O9: =D9*N9 -> 0 | Q9: =D9*P9 -> 0 | S9: =D9*R9 -> 0 | U9: =D9*T9 -> 0 | W9: =D9*V9 -> 0 | Y9: =D9*X9 -> 0 | Z9: =SUM(I9,O9,U9) -> 0 | AB9: =SUM(K9,Q9,W9) -> 0 | AD9: =SUM(M9,S9,Y9) -> 0 | AM9: 비랄 | AO9: 0
C10: 소계 | E10: =SUM(E6:E9) -> 0 | F10: =SUM(F6:F9) -> 0 | G10: =SUM(G6:G9) -> 31750 | I10: =SUM(I6:I9) -> 9000 | K10: =SUM(K6:K9) -> 0 | M10: =SUM(M6:M9) -> 0 | O10: =SUM(O6:O9) -> 11000 | Q10: =SUM(Q6:Q9) -> 0 | S10: =SUM(S6:S9) -> 0 | U10: =SUM(U6:U9) -> 11750 | W10: =SUM(W6:W9) -> 0 | Y10: =SUM(Y6:Y9) -> 0 | Z10: =SUM(Z6:Z9) -> 31750 | AB10: =SUM(AB6:AB9) -> 0 | AD10: =SUM(AD6:AD9) -> 0 | AM10: Arauco | AO10: 0
B11: NBKP | C11: 피스리버 | G11: =SUM(Z11,AB11,AD11) -> 0 | I11: =H11*D11 -> 0 | K11: =D11*J11 -> 0 | M11: =D11*L11 -> 0 | O11: =D11*N11 -> 0 | Q11: =D11*P11 -> 0 | S11: =D11*R11 -> 0 | U11: =D11*T11 -> 0 | W11: =D11*V11 -> 0 | Y11: =D11*X11 -> 0 | Z11: =SUM(I11,O11,U11) -> 0 | AA11: =IFERROR(1-AA6,"") -> 0.36407154 | AB11: =SUM(K11,Q11,W11) -> 0 | AC11: =IFERROR(1-AC6,"") | AD11: =SUM(M11,S11,Y11) -> 0 | AE11: =IFERROR(1-AE6,"") | AM11: 하우사운드
C12: Ilimsk | G12: =SUM(Z12,AB12,AD12) -> 0 | I12: =H12*D12 -> 0 | K12: =D12*J12 -> 0 | M12: =D12*L12 -> 0 | O12: =D12*N12 -> 0 | Q12: =D12*P12 -> 0 | S12: =D12*R12 -> 0 | U12: =D12*T12 -> 0 | W12: =D12*V12 -> 0 | Y12: =D12*X12 -> 0 | Z12: =SUM(I12,O12,U12) -> 0 | AB12: =SUM(K12,Q12,W12) -> 0 | AD12: =SUM(M12,S12,Y12) -> 0 | AM12: 일림
C13: 멧자 | D13: 249 | G13: =SUM(Z13,AB13,AD13) -> 18177 | H13: 24 | I13: =H13*D13 -> 5976 | K13: =D13*J13 -> 0 | M13: =D13*L13 -> 0 | N13: 26 | O13: =D13*N13 -> 6474 | Q13: =D13*P13 -> 0 | S13: =D13*R13 -> 0 | T13: 23 | U13: =D13*T13 -> 5727 | W13: =D13*V13 -> 0 | Y13: =D13*X13 -> 0 | Z13: =SUM(I13,O13,U13) -> 18177 | AB13: =SUM(K13,Q13,W13) -> 0 | AD13: =SUM(M13,S13,Y13) -> 0 | AM13: 피스리버
C14: WET PULP | D14: 150 | G14: =SUM(Z14,AB14,AD14) -> 0 | I14: =H14*D14 -> 0 | K14: =D14*J14 -> 0 | M14: =D14*L14 -> 0 | O14: =D14*N14 -> 0 | Q14: =D14*P14 -> 0 | S14: =D14*R14 -> 0 | U14: =D14*T14 -> 0 | W14: =D14*V14 -> 0 | Y14: =D14*X14 -> 0 | Z14: =SUM(I14,O14,U14) -> 0 | AB14: =SUM(K14,Q14,W14) -> 0 | AD14: =SUM(M14,S14,Y14) -> 0
C15: 소계 | E15: =SUM(E11:E14) -> 0 | F15: =SUM(F11:F14) -> 0 | G15: =SUM(G11:G14) -> 18177 | I15: =SUM(I11:I14) -> 5976 | K15: =SUM(K11:K14) -> 0 | M15: =SUM(M11:M14) -> 0 | O15: =SUM(O11:O14) -> 6474 | Q15: =SUM(Q11:Q14) -> 0 | S15: =SUM(S11:S14) -> 0 | U15: =SUM(U11:U14) -> 5727 | W15: =SUM(W11:W14) -> 0 | Y15: =SUM(Y11:Y14) -> 0 | Z15: =SUM(Z11:Z14) -> 18177 | AB15: =SUM(AB11:AB14) -> 0 | AD15: =SUM(AD11:AD14) -> 0
B16: 펄프 합계 | E16: =SUM(E15,E10) -> 0 | F16: =SUM(F15,F10) -> 0 | G16: =SUM(G10,G15) -> 49927 | H16: =SUM(H15,H10) -> 0 | I16: =SUM(I15,I10) -> 14976 | J16: =SUM(J15,J10) -> 0 | K16: =SUM(K15,K10) -> 0 | L16: =SUM(L15,L10) -> 0 | M16: =SUM(M15,M10) -> 0 | N16: =SUM(N15,N10) -> 0 | O16: =SUM(O15,O10) -> 17474 | ... Z16: =SUM(Z15,Z10) -> 49927 | AB16: =SUM(AB15,AB10) -> 0 | AD16: =SUM(AD15,AD10) -> 0
B27: 2. 원료 관리 현황
B28: 구분 | D28: 펄프 종류 | G28: N-PULP(Soft Wood) | Q28: L-PULP(Hard Wood) | AA28: 비고
D29: 브랜드 명 | G29: 피스리버 | I29: 멧자 | M29: 일림 | O29: WET PULP | S29: Guaiba | U29: 수자노 | W29: WET(LBKP) | Y29: 아카시아APP
D30: 전일 이월량 | G30: ='27'!G42:H42 -> 0 | I30: ='27'!I42:J42 -> 23 | K30: ='27'!K42:L42 -> 0 | M30: ='27'!M42:N42 -> 0 | O30: ='27'!O42:P42 -> 0 | Q30: ='27'!Q42:R42 -> 0 | S30: ='27'!S42:T42 -> 0 | U30: ='27'!U42:V42 -> 0 | W30: ='27'!W42:X42 -> 0 | Y30: ='27'!Y42:Z42 -> 92
B31: 오전 | D31: 입고량 | I31: 64 | Y31: 128
D32: 사용량 | I32: 24 | Y32: 36
D33: 재고량
B34: 오후 | D34: 입고량
D35: 사용량 | I35: 26 | Y35: 44
D36: 재고량
B37: 야간 | D37: 입고량
D38: 사용량 | I38: 23 | Y38: 47
D39: 재고량 | I39: 14 | Y39: 93
B40: 펄프 합계 | D40: 총 사용량 | G40: =SUM(G32,G35,G38) -> 0 | I40: =SUM(I32,I35,I38) -> 73 | K40: =SUM(K32,K35,K38) -> 0 | M40: =SUM(M32,M35,M38) -> 0 | O40: =SUM(O32,O35,O38) -> 0 | Q40: =SUM(Q32,Q35,Q38) -> 0 | S40: =SUM(S32,S35,S38) -> 0 | U40: =SUM(U32,U35,U38) -> 0 | W40: =SUM(W32,W35,W38) -> 0 | Y40: =SUM(Y32,Y35,Y38) -> 127
D41: 총 거래 수량 | G41: =SUM(G30,G31,G34,G37) -> 0 | I41: =SUM(I30,I31,I34,I37) -> 87 | K41: =SUM(K30,K31,K34,K37) -> 0 | M41: =SUM(M30,M31,M34,M37) -> 0 | O41: =SUM(O30,O31,O34,O37) -> 0 | Q41: =SUM(Q30,Q31,Q34,Q37) -> 0 | S41: =SUM(S30,S31,S34,S37) -> 0 | U41: =SUM(U30,U31,U34,U37) -> 0 | W41: =SUM(W30,W31,W34,W37) -> 0 | Y41: =SUM(Y30,Y31,Y34,Y37) -> 220
D42: 재고량 | G42: =G41-G40 -> 0 | I42: =I41-I40 -> 14 | K42: =K41-K40 -> 0 | M42: =M41-M40 -> 0 | O42: =O41-O40 -> 0 | Q42: =Q41-Q40 -> 0 | S42: =S41-S40 -> 0 | U42: =U41-U40 -> 0 | W42: =W41-W40 -> 0 | Y42: =Y41-Y40 -> 93

Sheet 29
B1: ◈ 원질4호기 원료처리 작업 일지 | AM1: NBKP | AO1: LBKP
B2: 1. 원료 처리 현황 | Z2: 2026 년 01 월 29 일 | AK2: 데코 | AM2: 브라츠크 | AO2: Acacia
B3: 구분 | D3: 기준 중량 (kg) | E3: 전일 재공량 | F3: 금일 재공량 | G3: 일 원료 처리량 | H3: 오전( 반) | N3: 오후( 반) | T3: 야간( 반) | Z3: 합계 | AK3: K/T | AM3: WET PULP | AO3: 수자노
H4: K/T | J4: 데코 | N4: K/T | P4: 데코 | T4: K/T | V4: 데코 | Z4: K/T | AB4: 데코 | AK4: 0 | AM4: 멧자 | AO4: 아카시아APP
H5: Bale | I5: 중량 | J5: Bale | K5: 중량 | L5: Bale | M5: 중량 | N5: Bale | O5: 중량 | P5: Bale | Q5: 중량 | R5: Bale | S5: 중량 | T5: Bale | U5: 중량 | V5: Bale | W5: 중량 | X5: Bale | Y5: 중량 | Z5: 합계 | AA5: 배합비 | AB5: 합계 | AC5: 배합비 | AD5: 합계 | AE5: 배합비 | AK5: 0 | AM5: PCMC | AO5: Santafe
B6: LBKP | C6: Guaiba | D6: 247 | G6: =SUM(Z6,AB6,AD6) -> 0 | I6: =H6*D6 -> 0 | K6: =D6*J6 -> 0 | M6: =D6*L6 -> 0 | O6: =D6*N6 -> 0 | Q6: =D6*P6 -> 0 | S6: =D6*R6 -> 0 | U6: =D6*T6 -> 0 | W6: =D6*V6 -> 0 | Y6: =D6*X6 -> 0 | Z6: =SUM(I6,O6,U6) -> 0 | AA6: =IFERROR(Z10/Z16,"") -> 0.60096154 | AB6: =SUM(K6,Q6,W6) -> 0 | AC6: =IFERROR(AB10/AB16,"") -> 0.88928413 | AD6: =SUM(M6,S6,Y6) -> 0 | AE6: =IFERROR(AD10/AD16,"") | AF6: 비데원지 | AM6: Pacifico | AO6: Guaiba
C7: WET(LBKP) | D7: 137 | G7: =SUM(Z7,AB7,AD7) -> 0 | I7: =H7*D7 -> 0 | K7: =D7*J7 -> 0 | M7: =D7*L7 -> 0 | O7: =D7*N7 -> 0 | Q7: =D7*P7 -> 0 | S7: =D7*R7 -> 0 | U7: =D7*T7 -> 0 | W7: =D7*V7 -> 0 | Y7: =D7*X7 -> 0 | Z7: =SUM(I7,O7,U7) -> 0 | AB7: =SUM(K7,Q7,W7) -> 0 | AD7: =SUM(M7,S7,Y7) -> 0 | AF7: 미용티슈 | AM7: Ilimsk | AO7: WET(LBKP)
C8: Acacia | D8: 250 | G8: =SUM(Z8,AB8,AD8) -> 35250 | H8: 21 | I8: =H8*D8 -> 5250 | J8: 16 | K8: =D8*J8 -> 4000 | M8: =D8*L8 -> 0 | O8: =D8*N8 -> 0 | P8: 56 | Q8: =D8*P8 -> 14000 | S8: =D8*R8 -> 0 | U8: =D8*T8 -> 0 | V8: 48 | W8: =D8*V8 -> 12000 | Y8: =D8*X8 -> 0 | Z8: =SUM(I8,O8,U8) -> 5250 | AB8: =SUM(K8,Q8,W8) -> 30000 | AD8: =SUM(M8,S8,Y8) -> 0 | AF8: 3R | AM8: 크라프튼 | AO8: 0
C9: 수자노 | D9: 249 | G9: =SUM(Z9,AB9,AD9) -> 0 | I9: =H9*D9 -> 0 | K9: =D9*J9 -> 0 | M9: =D9*L9 -> 0 | O9: =D9*N9 -> 0 | Q9: =D9*P9 -> 0 | S9: =D9*R9 -> 0 | U9: =D9*T9 -> 0 | W9: =D9*V9 -> 0 | Y9: =D9*X9 -> 0 | Z9: =SUM(I9,O9,U9) -> 0 | AB9: =SUM(K9,Q9,W9) -> 0 | AD9: =SUM(M9,S9,Y9) -> 0 | AM9: 비랄 | AO9: 0
C10: 소계 | E10: =SUM(E6:E9) -> 0 | F10: =SUM(F6:F9) -> 0 | G10: =SUM(G6:G9) -> 35250 | I10: =SUM(I6:I9) -> 5250 | K10: =SUM(K6:K9) -> 4000 | M10: =SUM(M6:M9) -> 0 | O10: =SUM(O6:O9) -> 0 | Q10: =SUM(Q6:Q9) -> 14000 | S10: =SUM(S6:S9) -> 0 | U10: =SUM(U6:U9) -> 0 | W10: =SUM(W6:W9) -> 12000 | Y10: =SUM(Y6:Y9) -> 0 | Z10: =SUM(Z6:Z9) -> 5250 | AB10: =SUM(AB6:AB9) -> 30000 | AD10: =SUM(AD6:AD9) -> 0 | AM10: Arauco | AO10: 0
B11: NBKP | C11: 피스리버 | G11: =SUM(Z11,AB11,AD11) -> 0 | I11: =H11*D11 -> 0 | K11: =D11*J11 -> 0 | M11: =D11*L11 -> 0 | O11: =D11*N11 -> 0 | Q11: =D11*P11 -> 0 | S11: =D11*R11 -> 0 | U11: =D11*T11 -> 0 | W11: =D11*V11 -> 0 | Y11: =D11*X11 -> 0 | Z11: =SUM(I11,O11,U11) -> 0 | AA11: =IFERROR(1-AA6,"") -> 0.39903846 | AB11: =SUM(K11,Q11,W11) -> 0 | AC11: =IFERROR(1-AC6,"") -> 0.11071587 | AD11: =SUM(M11,S11,Y11) -> 0 | AE11: =IFERROR(1-AE6,"") | AM11: 하우사운드
C12: Ilimsk | G12: =SUM(Z12,AB12,AD12) -> 0 | I12: =H12*D12 -> 0 | K12: =D12*J12 -> 0 | M12: =D12*L12 -> 0 | O12: =D12*N12 -> 0 | Q12: =D12*P12 -> 0 | S12: =D12*R12 -> 0 | U12: =D12*T12 -> 0 | W12: =D12*V12 -> 0 | Y12: =D12*X12 -> 0 | Z12: =SUM(I12,O12,U12) -> 0 | AB12: =SUM(K12,Q12,W12) -> 0 | AD12: =SUM(M12,S12,Y12) -> 0 | AM12: 일림
C13: 멧자 | D13: 249 | G13: =SUM(Z13,AB13,AD13) -> 7221 | H13: 14 | I13: =H13*D13 -> 3486 | J13: 2 | K13: =D13*J13 -> 498 | M13: =D13*L13 -> 0 | O13: =D13*N13 -> 0 | P13: 7 | Q13: =D13*P13 -> 1743 | S13: =D13*R13 -> 0 | U13: =D13*T13 -> 0 | V13: 6 | W13: =D13*V13 -> 1494 | Y13: =D13*X13 -> 0 | Z13: =SUM(I13,O13,U13) -> 3486 | AB13: =SUM(K13,Q13,W13) -> 3735 | AD13: =SUM(M13,S13,Y13) -> 0 | AM13: 피스리버
C14: WET PULP | D14: 150 | G14: =SUM(Z14,AB14,AD14) -> 0 | I14: =H14*D14 -> 0 | K14: =D14*J14 -> 0 | M14: =D14*L14 -> 0 | O14: =D14*N14 -> 0 | Q14: =D14*P14 -> 0 | S14: =D14*R14 -> 0 | U14: =D14*T14 -> 0 | W14: =D14*V14 -> 0 | Y14: =D14*X14 -> 0 | Z14: =SUM(I14,O14,U14) -> 0 | AB14: =SUM(K14,Q14,W14) -> 0 | AD14: =SUM(M14,S14,Y14) -> 0
C15: 소계 | E15: =SUM(E11:E14) -> 0 | F15: =SUM(F11:F14) -> 0 | G15: =SUM(G11:G14) -> 7221 | I15: =SUM(I11:I14) -> 3486 | K15: =SUM(K11:K14) -> 498 | M15: =SUM(M11:M14) -> 0 | O15: =SUM(O11:O14) -> 0 | Q15: =SUM(Q11:Q14) -> 1743 | S15: =SUM(S11:S14) -> 0 | U15: =SUM(U11:U14) -> 0 | W15: =SUM(W11:W14) -> 1494 | Y15: =SUM(Y11:Y14) -> 0 | Z15: =SUM(Z11:Z14) -> 3486 | AB15: =SUM(AB11:AB14) -> 3735 | AD15: =SUM(AD11:AD14) -> 0
B16: 펄프 합계 | E16: =SUM(E15,E10) -> 0 | F16: =SUM(F15,F10) -> 0 | G16: =SUM(G10,G15) -> 42471 | H16: =SUM(H15,H10) -> 0 | I16: =SUM(I15,I10) -> 8736 | J16: =SUM(J15,J10) -> 0 | K16: =SUM(K15,K10) -> 4498 | L16: =SUM(L15,L10) -> 0 | M16: =SUM(M15,M10) -> 0 | N16: =SUM(N15,N10) -> 0 | O16: =SUM(O15,O10) -> 0 | ... Z16: =SUM(Z15,Z10) -> 8736 | AB16: =SUM(AB15,AB10) -> 33735 | AD16: =SUM(AD15,AD10) -> 0
B27: 2. 원료 관리 현황
B28: 구분 | D28: 펄프 종류 | G28: N-PULP(Soft Wood) | Q28: L-PULP(Hard Wood) | AA28: 비고
D29: 브랜드 명 | G29: 피스리버 | I29: 멧자 | M29: 일림 | O29: WET PULP | S29: Guaiba | U29: 수자노 | W29: WET(LBKP) | Y29: 아카시아APP
D30: 전일 이월량 | G30: ='28'!G42:H42 -> 0 | I30: ='28'!I42:J42 -> 14 | K30: ='28'!K42:L42 -> 0 | M30: ='28'!M42:N42 -> 0 | O30: ='28'!O42:P42 -> 0 | Q30: ='28'!Q42:R42 -> 0 | S30: ='28'!S42:T42 -> 0 | U30: ='28'!U42:V42 -> 0 | W30: ='28'!W42:X42 -> 0 | Y30: ='28'!Y42:Z42 -> 93
B31: 오전 | D31: 입고량 | I31: 32 | Y31: 160
D32: 사용량 | I32: 16 | Y32: 37
D33: 재고량
B34: 오후 | D34: 입고량
D35: 사용량 | I35: 7 | Y35: 56
D36: 재고량
B37: 야간 | D37: 입고량
D38: 사용량 | I38: 6 | Y38: 48
D39: 재고량 | I39: 17 | Y39: 112
B40: 펄프 합계 | D40: 총 사용량 | G40: =SUM(G32,G35,G38) -> 0 | I40: =SUM(I32,I35,I38) -> 29 | K40: =SUM(K32,K35,K38) -> 0 | M40: =SUM(M32,M35,M38) -> 0 | O40: =SUM(O32,O35,O38) -> 0 | Q40: =SUM(Q32,Q35,Q38) -> 0 | S40: =SUM(S32,S35,S38) -> 0 | U40: =SUM(U32,U35,U38) -> 0 | W40: =SUM(W32,W35,W38) -> 0 | Y40: =SUM(Y32,Y35,Y38) -> 141
D41: 총 거래 수량 | G41: =SUM(G30,G31,G34,G37) -> 0 | I41: =SUM(I30,I31,I34,I37) -> 46 | K41: =SUM(K30,K31,K34,K37) -> 0 | M41: =SUM(M30,M31,M34,M37) -> 0 | O41: =SUM(O30,O31,O34,O37) -> 0 | Q41: =SUM(Q30,Q31,Q34,Q37) -> 0 | S41: =SUM(S30,S31,S34,S37) -> 0 | U41: =SUM(U30,U31,U34,U37) -> 0 | W41: =SUM(W30,W31,W34,W37) -> 0 | Y41: =SUM(Y30,Y31,Y34,Y37) -> 253
D42: 재고량 | G42: =G41-G40 -> 0 | I42: =I41-I40 -> 17 | K42: =K41-K40 -> 0 | M42: =M41-M40 -> 0 | O42: =O41-O40 -> 0 | Q42: =Q41-Q40 -> 0 | S42: =S41-S40 -> 0 | U42: =U41-U40 -> 0 | W42: =W41-W40 -> 0 | Y42: =Y41-Y40 -> 112

Sheet 30
B1: ◈ 원질4호기 원료처리 작업 일지 | AM1: NBKP | AO1: LBKP
B2: 1. 원료 처리 현황 | Z2: 2026 년 01 월 30 일 | AK2: 데코 | AM2: 브라츠크 | AO2: Acacia
B3: 구분 | D3: 기준 중량 (kg) | E3: 전일 재공량 | F3: 금일 재공량 | G3: 일 원료 처리량 | H3: 오전( 반) | N3: 오후( 반) | T3: 야간( 반) | Z3: 합계 | AK3: K/T | AM3: WET PULP | AO3: 수자노
H4: 데코 | N4: 데코 | T4: 데코 | V4: K/T | Z4: 데코 | AK4: 0 | AM4: 멧자 | AO4: 아카시아APP
H5: Bale | I5: 중량 | J5: Bale | K5: 중량 | L5: Bale | M5: 중량 | N5: Bale | O5: 중량 | P5: Bale | Q5: 중량 | R5: Bale | S5: 중량 | T5: Bale | U5: 중량 | V5: Bale | W5: 중량 | X5: Bale | Y5: 중량 | Z5: 합계 | AA5: 배합비 | AB5: 합계 | AC5: 배합비 | AD5: 합계 | AE5: 배합비 | AK5: 0 | AM5: PCMC | AO5: Santafe
B6: LBKP | C6: Guaiba | D6: 247 | G6: =SUM(Z6,AB6,AD6) -> 0 | I6: =H6*D6 -> 0 | K6: =D6*J6 -> 0 | M6: =D6*L6 -> 0 | O6: =D6*N6 -> 0 | Q6: =D6*P6 -> 0 | S6: =D6*R6 -> 0 | U6: =D6*T6 -> 0 | W6: =D6*V6 -> 0 | Y6: =D6*X6 -> 0 | Z6: =SUM(I6,O6,U6) -> 0 | AA6: =IFERROR(Z10/Z16,"") -> 0.88928413 | AB6: =SUM(K6,Q6,W6) -> 0 | AC6: =IFERROR(AB10/AB16,"") | AD6: =SUM(M6,S6,Y6) -> 0 | AE6: =IFERROR(AD10/AD16,"") | AF6: 비데원지 | AM6: Pacifico | AO6: Guaiba
C7: WET(LBKP) | D7: 137 | G7: =SUM(Z7,AB7,AD7) -> 0 | I7: =H7*D7 -> 0 | K7: =D7*J7 -> 0 | M7: =D7*L7 -> 0 | O7: =D7*N7 -> 0 | Q7: =D7*P7 -> 0 | S7: =D7*R7 -> 0 | U7: =D7*T7 -> 0 | W7: =D7*V7 -> 0 | Y7: =D7*X7 -> 0 | Z7: =SUM(I7,O7,U7) -> 0 | AB7: =SUM(K7,Q7,W7) -> 0 | AD7: =SUM(M7,S7,Y7) -> 0 | AF7: 미용티슈 | AM7: Ilimsk | AO7: WET(LBKP)
C8: Acacia | D8: 250 | G8: =SUM(Z8,AB8,AD8) -> 42000 | H8: 56 | I8: =H8*D8 -> 14000 | K8: =D8*J8 -> 0 | M8: =D8*L8 -> 0 | N8: 56 | O8: =D8*N8 -> 14000 | Q8: =D8*P8 -> 0 | S8: =D8*R8 -> 0 | T8: 56 | U8: =D8*T8 -> 14000 | W8: =D8*V8 -> 0 | Y8: =D8*X8 -> 0 | Z8: =SUM(I8,O8,U8) -> 42000 | AB8: =SUM(K8,Q8,W8) -> 0 | AD8: =SUM(M8,S8,Y8) -> 0 | AF8: 3R | AM8: 크라프튼 | AO8: 0
C9: 수자노 | D9: 249 | G9: =SUM(Z9,AB9,AD9) -> 0 | I9: =H9*D9 -> 0 | K9: =D9*J9 -> 0 | M9: =D9*L9 -> 0 | O9: =D9*N9 -> 0 | Q9: =D9*P9 -> 0 | S9: =D9*R9 -> 0 | U9: =D9*T9 -> 0 | W9: =D9*V9 -> 0 | Y9: =D9*X9 -> 0 | Z9: =SUM(I9,O9,U9) -> 0 | AB9: =SUM(K9,Q9,W9) -> 0 | AD9: =SUM(M9,S9,Y9) -> 0 | AM9: 비랄 | AO9: 0
C10: 소계 | F10: =SUM(F6:F9) -> 0 | G10: =SUM(G6:G9) -> 42000 | I10: =SUM(I6:I9) -> 14000 | K10: =SUM(K6:K9) -> 0 | M10: =SUM(M6:M9) -> 0 | O10: =SUM(O6:O9) -> 14000 | Q10: =SUM(Q6:Q9) -> 0 | S10: =SUM(S6:S9) -> 0 | U10: =SUM(U6:U9) -> 14000 | W10: =SUM(W6:W9) -> 0 | Y10: =SUM(Y6:Y9) -> 0 | Z10: =SUM(Z6:Z9) -> 42000 | AB10: =SUM(AB6:AB9) -> 0 | AD10: =SUM(AD6:AD9) -> 0 | AM10: Arauco | AO10: 0
B11: NBKP | C11: 피스리버 | G11: =SUM(Z11,AB11,AD11) -> 0 | I11: =H11*D11 -> 0 | K11: =D11*J11 -> 0 | M11: =D11*L11 -> 0 | O11: =D11*N11 -> 0 | Q11: =D11*P11 -> 0 | S11: =D11*R11 -> 0 | U11: =D11*T11 -> 0 | W11: =D11*V11 -> 0 | Y11: =D11*X11 -> 0 | Z11: =SUM(I11,O11,U11) -> 0 | AA11: =IFERROR(1-AA6,"") -> 0.11071587 | AB11: =SUM(K11,Q11,W11) -> 0 | AC11: =IFERROR(1-AC6,"") | AD11: =SUM(M11,S11,Y11) -> 0 | AE11: =IFERROR(1-AE6,"") | AM11: 하우사운드
C12: Ilimsk | G12: =SUM(Z12,AB12,AD12) -> 0 | I12: =H12*D12 -> 0 | K12: =D12*J12 -> 0 | M12: =D12*L12 -> 0 | O12: =D12*N12 -> 0 | Q12: =D12*P12 -> 0 | S12: =D12*R12 -> 0 | U12: =D12*T12 -> 0 | W12: =D12*V12 -> 0 | Y12: =D12*X12 -> 0 | Z12: =SUM(I12,O12,U12) -> 0 | AB12: =SUM(K12,Q12,W12) -> 0 | AD12: =SUM(M12,S12,Y12) -> 0 | AM12: 일림
C13: 멧자 | D13: 249 | G13: =SUM(Z13,AB13,AD13) -> 5229 | H13: 7 | I13: =H13*D13 -> 1743 | K13: =D13*J13 -> 0 | M13: =D13*L13 -> 0 | N13: 7 | O13: =D13*N13 -> 1743 | Q13: =D13*P13 -> 0 | S13: =D13*R13 -> 0 | T13: 7 | U13: =D13*T13 -> 1743 | W13: =D13*V13 -> 0 | Y13: =D13*X13 -> 0 | Z13: =SUM(I13,O13,U13) -> 5229 | AB13: =SUM(K13,Q13,W13) -> 0 | AD13: =SUM(M13,S13,Y13) -> 0 | AM13: 피스리버
C14: WET PULP | D14: 150 | G14: =SUM(Z14,AB14,AD14) -> 0 | I14: =H14*D14 -> 0 | K14: =D14*J14 -> 0 | M14: =D14*L14 -> 0 | O14: =D14*N14 -> 0 | Q14: =D14*P14 -> 0 | S14: =D14*R14 -> 0 | U14: =D14*T14 -> 0 | W14: =D14*V14 -> 0 | Y14: =D14*X14 -> 0 | Z14: =SUM(I14,O14,U14) -> 0 | AB14: =SUM(K14,Q14,W14) -> 0 | AD14: =SUM(M14,S14,Y14) -> 0
C15: 소계 | E15: =SUM(E11:E14) -> 0 | F15: =SUM(F11:F14) -> 0 | G15: =SUM(G11:G14) -> 5229 | I15: =SUM(I11:I14) -> 1743 | K15: =SUM(K11:K14) -> 0 | M15: =SUM(M11:M14) -> 0 | O15: =SUM(O11:O14) -> 1743 | Q15: =SUM(Q11:Q14) -> 0 | S15: =SUM(S11:S14) -> 0 | U15: =SUM(U11:U14) -> 1743 | W15: =SUM(W11:W14) -> 0 | Y15: =SUM(Y11:Y14) -> 0 | Z15: =SUM(Z11:Z14) -> 5229 | AB15: =SUM(AB11:AB14) -> 0 | AD15: =SUM(AD11:AD14) -> 0
B16: 펄프 합계 | E16: =SUM(E15,E10) -> 0 | F16: =SUM(F15,F10) -> 0 | G16: =SUM(G10,G15) -> 47229 | H16: =SUM(H15,H10) -> 0 | I16: =SUM(I15,I10) -> 15743 | J16: =SUM(J15,J10) -> 0 | K16: =SUM(K15,K10) -> 0 | L16: =SUM(L15,L10) -> 0 | M16: =SUM(M15,M10) -> 0 | N16: =SUM(N15,N10) -> 0 | O16: =SUM(O15,O10) -> 15743 | ... Z16: =SUM(Z15,Z10) -> 47229 | AB16: =SUM(AB15,AB10) -> 0 | AD16: =SUM(AD15,AD10) -> 0
B27: 2. 원료 관리 현황
B28: 구분 | D28: 펄프 종류 | G28: N-PULP(Soft Wood) | Q28: L-PULP(Hard Wood) | AA28: 비고
D29: 브랜드 명 | G29: 피스리버 | I29: 멧자 | M29: 일림 | O29: WET PULP | S29: Guaiba | U29: 수자노 | W29: WET(LBKP) | Y29: 아카시아APP
D30: 전일 이월량 | G30: ='29'!G42:H42 -> 0 | I30: ='29'!I42:J42 -> 17 | K30: ='29'!K42:L42 -> 0 | M30: ='29'!M42:N42 -> 0 | O30: ='29'!O42:P42 -> 0 | Q30: ='29'!Q42:R42 -> 0 | S30: ='29'!S42:T42 -> 0 | U30: ='29'!U42:V42 -> 0 | W30: ='29'!W42:X42 -> 0 | Y30: ='29'!Y42:Z42 -> 112
B31: 오전 | D31: 입고량 | I31: 16 | Y31: 160
D32: 사용량 | I32: 7 | Y32: 56
D33: 재고량
B34: 오후 | D34: 입고량
D35: 사용량 | I35: 7 | Y35: 56
D36: 재고량
B37: 야간 | D37: 입고량
D38: 사용량 | I38: 7 | Y38: 56
D39: 재고량 | I39: 12 | Y39: 104
B40: 펄프 합계 | D40: 총 사용량 | G40: =SUM(G32,G35,G38) -> 0 | I40: =SUM(I32,I35,I38) -> 21 | K40: =SUM(K32,K35,K38) -> 0 | M40: =SUM(M32,M35,M38) -> 0 | O40: =SUM(O32,O35,O38) -> 0 | Q40: =SUM(Q32,Q35,Q38) -> 0 | S40: =SUM(S32,S35,S38) -> 0 | U40: =SUM(U32,U35,U38) -> 0 | W40: =SUM(W32,W35,W38) -> 0 | Y40: =SUM(Y32,Y35,Y38) -> 168
D41: 총 거래 수량 | G41: =SUM(G30,G31,G34,G37) -> 0 | I41: =SUM(I30,I31,I34,I37) -> 33 | K41: =SUM(K30,K31,K34,K37) -> 0 | M41: =SUM(M30,M31,M34,M37) -> 0 | O41: =SUM(O30,O31,O34,O37) -> 0 | Q41: =SUM(Q30,Q31,Q34,Q37) -> 0 | S41: =SUM(S30,S31,S34,S37) -> 0 | U41: =SUM(U30,U31,U34,U37) -> 0 | W41: =SUM(W30,W31,W34,W37) -> 0 | Y41: =SUM(Y30,Y31,Y34,Y37) -> 272
D42: 재고량 | G42: =G41-G40 -> 0 | I42: =I41-I40 -> 12 | K42: =K41-K40 -> 0 | M42: =M41-M40 -> 0 | O42: =O41-O40 -> 0 | Q42: =Q41-Q40 -> 0 | S42: =S41-S40 -> 0 | U42: =U41-U40 -> 0 | W42: =W41-W40 -> 0 | Y42: =Y41-Y40 -> 104

Sheet 31
B1: ◈ 원질4호기 원료처리 작업 일지 | AM1: NBKP | AO1: LBKP
B2: 1. 원료 처리 현황 | Z2: 2026 년 01 월 31 일 | AK2: 데코 | AM2: 브라츠크 | AO2: Acacia
B3: 구분 | D3: 기준 중량 (kg) | E3: 전일 재공량 | F3: 금일 재공량 | G3: 일 원료 처리량 | H3: 오전( 반) | N3: 오후( 반) | T3: 야간( 반) | Z3: 합계 | AK3: K/T | AM3: WET PULP | AO3: 수자노
H4: K/T | N4: K/T | T4: K/T | Z4: 데코 | AK4: 0 | AM4: 멧자 | AO4: 아카시아APP
H5: Bale | I5: 중량 | J5: Bale | K5: 중량 | L5: Bale | M5: 중량 | N5: Bale | O5: 중량 | P5: Bale | Q5: 중량 | R5: Bale | S5: 중량 | T5: Bale | U5: 중량 | V5: Bale | W5: 중량 | X5: Bale | Y5: 중량 | Z5: 합계 | AA5: 배합비 | AB5: 합계 | AC5: 배합비 | AD5: 합계 | AE5: 배합비 | AK5: 0 | AM5: PCMC | AO5: Santafe
B6: LBKP | C6: Guaiba | D6: 247 | G6: =SUM(Z6,AB6,AD6) -> 0 | I6: =H6*D6 -> 0 | K6: =D6*J6 -> 0 | M6: =D6*L6 -> 0 | O6: =D6*N6 -> 0 | Q6: =D6*P6 -> 0 | S6: =D6*R6 -> 0 | U6: =D6*T6 -> 0 | W6: =D6*V6 -> 0 | Y6: =D6*X6 -> 0 | Z6: =SUM(I6,O6,U6) -> 0 | AA6: =IFERROR(Z10/Z16,"") -> 0.88928413 | AB6: =SUM(K6,Q6,W6) -> 0 | AC6: =IFERROR(AB10/AB16,"") | AD6: =SUM(M6,S6,Y6) -> 0 | AE6: =IFERROR(AD10/AD16,"") | AF6: 비데원지 | AM6: Pacifico | AO6: Guaiba
C7: WET(LBKP) | D7: 137 | G7: =SUM(Z7,AB7,AD7) -> 0 | I7: =H7*D7 -> 0 | K7: =D7*J7 -> 0 | M7: =D7*L7 -> 0 | O7: =D7*N7 -> 0 | Q7: =D7*P7 -> 0 | S7: =D7*R7 -> 0 | U7: =D7*T7 -> 0 | W7: =D7*V7 -> 0 | Y7: =D7*X7 -> 0 | Z7: =SUM(I7,O7,U7) -> 0 | AB7: =SUM(K7,Q7,W7) -> 0 | AD7: =SUM(M7,S7,Y7) -> 0 | AF7: 미용티슈 | AM7: Ilimsk | AO7: WET(LBKP)
C8: Acacia | D8: 250 | G8: =SUM(Z8,AB8,AD8) -> 46000 | H8: 64 | I8: =H8*D8 -> 16000 | K8: =D8*J8 -> 0 | M8: =D8*L8 -> 0 | N8: 64 | O8: =D8*N8 -> 16000 | Q8: =D8*P8 -> 0 | S8: =D8*R8 -> 0 | T8: 56 | U8: =D8*T8 -> 14000 | W8: =D8*V8 -> 0 | Y8: =D8*X8 -> 0 | Z8: =SUM(I8,O8,U8) -> 46000 | AB8: =SUM(K8,Q8,W8) -> 0 | AD8: =SUM(M8,S8,Y8) -> 0 | AF8: 3R | AM8: 크라프튼 | AO8: 0
C9: 수자노 | D9: 249 | G9: =SUM(Z9,AB9,AD9) -> 0 | I9: =H9*D9 -> 0 | K9: =D9*J9 -> 0 | M9: =D9*L9 -> 0 | O9: =D9*N9 -> 0 | Q9: =D9*P9 -> 0 | S9: =D9*R9 -> 0 | U9: =D9*T9 -> 0 | W9: =D9*V9 -> 0 | Y9: =D9*X9 -> 0 | Z9: =SUM(I9,O9,U9) -> 0 | AB9: =SUM(K9,Q9,W9) -> 0 | AD9: =SUM(M9,S9,Y9) -> 0 | AM9: 비랄 | AO9: 0
C10: 소계 | E10: =SUM(E6:E9) -> 0 | F10: =SUM(F6:F9) -> 0 | G10: =SUM(G6:G9) -> 46000 | I10: =SUM(I6:I9) -> 16000 | K10: =SUM(K6:K9) -> 0 | M10: =SUM(M6:M9) -> 0 | O10: =SUM(O6:O9) -> 16000 | Q10: =SUM(Q6:Q9) -> 0 | S10: =SUM(S6:S9) -> 0 | U10: =SUM(U6:U9) -> 14000 | W10: =SUM(W6:W9) -> 0 | Y10: =SUM(Y6:Y9) -> 0 | Z10: =SUM(Z6:Z9) -> 46000 | AB10: =SUM(AB6:AB9) -> 0 | AD10: =SUM(AD6:AD9) -> 0 | AM10: Arauco | AO10: 0
B11: NBKP | C11: 피스리버 | G11: =SUM(Z11,AB11,AD11) -> 0 | I11: =H11*D11 -> 0 | K11: =D11*J11 -> 0 | M11: =D11*L11 -> 0 | O11: =D11*N11 -> 0 | Q11: =D11*P11 -> 0 | S11: =D11*R11 -> 0 | U11: =D11*T11 -> 0 | W11: =D11*V11 -> 0 | Y11: =D11*X11 -> 0 | Z11: =SUM(I11,O11,U11) -> 0 | AA11: =IFERROR(1-AA6,"") -> 0.11071587 | AB11: =SUM(K11,Q11,W11) -> 0 | AC11: =IFERROR(1-AC6,"") | AD11: =SUM(M11,S11,Y11) -> 0 | AE11: =IFERROR(1-AE6,"") | AM11: 하우사운드
C12: Ilimsk | G12: =SUM(Z12,AB12,AD12) -> 0 | I12: =H12*D12 -> 0 | K12: =D12*J12 -> 0 | M12: =D12*L12 -> 0 | O12: =D12*N12 -> 0 | Q12: =D12*P12 -> 0 | S12: =D12*R12 -> 0 | U12: =D12*T12 -> 0 | W12: =D12*V12 -> 0 | Y12: =D12*X12 -> 0 | Z12: =SUM(I12,O12,U12) -> 0 | AB12: =SUM(K12,Q12,W12) -> 0 | AD12: =SUM(M12,S12,Y12) -> 0 | AM12: 일림
C13: 멧자 | D13: 249 | G13: =SUM(Z13,AB13,AD13) -> 5727 | H13: 8 | I13: =H13*D13 -> 1992 | K13: =D13*J13 -> 0 | M13: =D13*L13 -> 0 | N13: 8 | O13: =D13*N13 -> 1992 | Q13: =D13*P13 -> 0 | S13: =D13*R13 -> 0 | T13: 7 | U13: =D13*T13 -> 1743 | W13: =D13*V13 -> 0 | Y13: =D13*X13 -> 0 | Z13: =SUM(I13,O13,U13) -> 5727 | AB13: =SUM(K13,Q13,W13) -> 0 | AD13: =SUM(M13,S13,Y13) -> 0 | AM13: 피스리버
C14: WET PULP | D14: 150 | G14: =SUM(Z14,AB14,AD14) -> 0 | I14: =H14*D14 -> 0 | K14: =D14*J14 -> 0 | M14: =D14*L14 -> 0 | O14: =D14*N14 -> 0 | Q14: =D14*P14 -> 0 | S14: =D14*R14 -> 0 | U14: =D14*T14 -> 0 | W14: =D14*V14 -> 0 | Y14: =D14*X14 -> 0 | Z14: =SUM(I14,O14,U14) -> 0 | AB14: =SUM(K14,Q14,W14) -> 0 | AD14: =SUM(M14,S14,Y14) -> 0
C15: 소계 | E15: =SUM(E11:E14) -> 0 | F15: =SUM(F11:F14) -> 0 | G15: =SUM(G11:G14) -> 5727 | I15: =SUM(I11:I14) -> 1992 | K15: =SUM(K11:K14) -> 0 | M15: =SUM(M11:M14) -> 0 | O15: =SUM(O11:O14) -> 1992 | Q15: =SUM(Q11:Q14) -> 0 | S15: =SUM(S11:S14) -> 0 | U15: =SUM(U11:U14) -> 1743 | W15: =SUM(W11:W14) -> 0 | Y15: =SUM(Y11:Y14) -> 0 | Z15: =SUM(Z11:Z14) -> 5727 | AB15: =SUM(AB11:AB14) -> 0 | AD15: =SUM(AD11:AD14) -> 0
B16: 펄프 합계 | E16: =SUM(E15,E10) -> 0 | F16: =SUM(F15,F10) -> 0 | G16: =SUM(G10,G15) -> 51727 | H16: =SUM(H15,H10) -> 0 | I16: =SUM(I15,I10) -> 17992 | J16: =SUM(J15,J10) -> 0 | K16: =SUM(K15,K10) -> 0 | L16: =SUM(L15,L10) -> 0 | M16: =SUM(M15,M10) -> 0 | N16: =SUM(N15,N10) -> 0 | O16: =SUM(O15,O10) -> 17992 | ... Z16: =SUM(Z15,Z10) -> 51727 | AB16: =SUM(AB15,AB10) -> 0 | AD16: =SUM(AD15,AD10) -> 0
B27: 2. 원료 관리 현황
B28: 구분 | D28: 펄프 종류 | G28: N-PULP(Soft Wood) | Q28: L-PULP(Hard Wood) | AA28: 비고
D29: 브랜드 명 | G29: 피스리버 | I29: 멧자 | M29: 일림 | O29: WET PULP | S29: Guaiba | U29: 수자노 | W29: WET(LBKP) | Y29: 아카시아APP
D30: 전일 이월량 | G30: ='30'!G42:H42 -> 0 | I30: ='30'!I42:J42 -> 12 | K30: ='30'!K42:L42 -> 0 | M30: ='30'!M42:N42 -> 0 | O30: ='30'!O42:P42 -> 0 | Q30: ='30'!Q42:R42 -> 0 | S30: ='30'!S42:T42 -> 0 | U30: ='30'!U42:V42 -> 0 | W30: ='30'!W42:X42 -> 0 | Y30: ='30'!Y42:Z42 -> 104
B31: 오전 | D31: 입고량 | I31: 16 | Y31: 192
D32: 사용량 | I32: 8 | Y32: 64
D33: 재고량
B34: 오후 | D34: 입고량
D35: 사용량 | I35: 8 | Y35: 64
D36: 재고량
B37: 야간 | D37: 입고량
D38: 사용량 | I38: 7 | Y38: 56
D39: 재고량
B40: 펄프 합계 | D40: 총 사용량 | G40: =SUM(G32,G35,G38) -> 0 | I40: =SUM(I32,I35,I38) -> 23 | K40: =SUM(K32,K35,K38) -> 0 | M40: =SUM(M32,M35,M38) -> 0 | O40: =SUM(O32,O35,O38) -> 0 | Q40: =SUM(Q32,Q35,Q38) -> 0 | S40: =SUM(S32,S35,S38) -> 0 | U40: =SUM(U32,U35,U38) -> 0 | W40: =SUM(W32,W35,W38) -> 0 | Y40: =SUM(Y32,Y35,Y38) -> 184
D41: 총 거래 수량 | G41: =SUM(G30,G31,G34,G37) -> 0 | I41: =SUM(I30,I31,I34,I37) -> 28 | K41: =SUM(K30,K31,K34,K37) -> 0 | M41: =SUM(M30,M31,M34,M37) -> 0 | O41: =SUM(O30,O31,O34,O37) -> 0 | Q41: =SUM(Q30,Q31,Q34,Q37) -> 0 | S41: =SUM(S30,S31,S34,S37) -> 0 | U41: =SUM(U30,U31,U34,U37) -> 0 | W41: =SUM(W30,W31,W34,W37) -> 0 | Y41: =SUM(Y30,Y31,Y34,Y37) -> 296
D42: 재고량 | G42: =G41-G40 -> 0 | I42: =I41-I40 -> 5 | K42: =K41-K40 -> 0 | M42: =M41-M40 -> 0 | O42: =O41-O40 -> 0 | Q42: =Q41-Q40 -> 0 | S42: =S41-S40 -> 0 | U42: =U41-U40 -> 0 | W42: =W41-W40 -> 0 | Y42: =Y41-Y40 -> 112

Sheet 초지 펄프 배합비율
B1: ※ 초지 펄프 배합비율
AC3: ■ 일자 별 비율 | AI3: ■ 원료 별 사용량
B4: 구분 | C4: LBKP | O4: NBKP | AA4: 투입합 | AC4: 구분 | AD4: LBKP | AF4: NBKP | AI4: LBKP | AK4: NBKP
B6: 일자 | C6: 원료명 | D6: 사용량 | E6: 비율 | F6: 원료명 | G6: 사용량 | H6: 비율 | I6: 원료명 | J6: 사용량 | K6: 비율 | L6: 원료명 | M6: 사용량 | N6: 비율 | O6: 원료명 | P6: 사용량 | Q6: 비율 | R6: 원료명 | S6: 사용량 | T6: 비율 | U6: 원료명 | V6: 사용량 | W6: 비율 | X6: 원료명 | Y6: 사용량 | Z6: 비율 | AC6: 일자 | AD6: 사용량 | AE6: 비율 | AF6: 사용량 | AG6: 비율 | AI6: 원료 명 | AJ6: 사용량 | AK6: 원료 명 | AL6: 사용량
